date,estimated_balance_shares,estimated_balance_100m_shares,balance_index_2024_01_02
2024-01-02,423137078013.0,4231.37078013,1.0
2024-01-03,424071178013.0,4240.71178013,1.002207558846855
2024-01-04,424620478013.0,4246.20478013,1.0035057197231825
2024-01-05,425976078013.0,4259.76078013,1.0067094096630143
2024-01-08,427280678013.0,4272.80678013,1.0097925712855462
2024-01-09,428342734102.0,4283.42734102,1.0123025288009389
2024-01-10,428612134102.0,4286.12134102,1.0129392019123216
2024-01-11,429438934102.0,4294.38934102,1.0148931786327795
2024-01-12,429165934102.0,4291.65934102,1.0142479976401755
2024-01-15,428994234102.0,4289.94234102,1.0138422189719334
2024-01-16,429344034102.0,4293.44034102,1.0146689014305887
2024-01-17,430973434102.0,4309.73434102,1.0185196630032958
2024-01-18,436133834102.0,4361.33834102,1.0307152380737494
2024-01-19,438983934102.0,4389.83934102,1.037450880370529
2024-01-22,445889734102.0,4458.89734102,1.0537713598530378
2024-01-23,445837834102.0,4458.37834102,1.053648704565433
2024-01-24,448705034102.0,4487.05034102,1.0604247592980127
2024-01-25,450383234102.0,4503.83234102,1.0643908499272732
2024-01-26,453118255507.0,4531.18255507,1.0708545269414536
2024-01-29,454887755507.0,4548.87755507,1.0750363868916837
2024-01-30,457557055507.0,4575.57055507,1.081344744487134
2024-01-31,462563055507.0,4625.63055507,1.093175425985214
2024-02-01,466933055507.0,4669.33055507,1.103503048467557
2024-02-02,473813155507.0,4738.13155507,1.1197627911313484
2024-02-05,486724755507.0,4867.24755507,1.1502767797910785
2024-02-06,493696655507.0,4936.96655507,1.1667534734260092
2024-02-07,504437255507.0,5044.37255507,1.1921367370493168
2024-02-08,519509955507.0,5195.09955507,1.2277580540721111
2024-02-19,520305855507.0,5203.05855507,1.2296390048120875
2024-02-20,517959155507.0,5179.59155507,1.224093047906066
2024-02-21,517266355507.0,5172.66355507,1.222455753431062
2024-02-22,515179716280.0,5151.7971628,1.2175243982380863
2024-02-23,513267016280.0,5132.6701628,1.2130041136792813
2024-02-26,509949416280.0,5099.4941628,1.2051636284739218
2024-02-27,507290416280.0,5072.9041628,1.1988796128719652
2024-02-28,506886616280.0,5068.8661628,1.1979253121949927
2024-02-29,503364616280.0,5033.6461628,1.1896017684002989
2024-03-01,501318216280.0,5013.1821628,1.1847655105861417
2024-03-04,497031516280.0,4970.3151628,1.1746347510220547
2024-03-05,502816316280.0,5028.1631628,1.1883059708243107
2024-03-06,505516316280.0,5055.1631628,1.1946868817401748
2024-03-07,505650816280.0,5056.5081628,1.1950047456357984
2024-03-08,504709016280.0,5047.0901628,1.1927789893763312
2024-03-11,502898812320.0,5028.9881232,1.1885009337436259
2024-03-12,505414044420.0,5054.1404442,1.1944451826187452
2024-03-13,503835344420.0,5038.3534442,1.190714240373236
2024-03-14,502222544420.0,5022.2254442,1.1869027095861597
2024-03-15,508592315337.0,5085.92315337,1.201956391354989
2024-03-18,509649230137.0,5096.49230137,1.204454198460344
2024-03-19,507014430137.0,5070.14430137,1.1982273747265964
2024-03-20,505560430137.0,5055.60430137,1.1947911360333865
2024-03-21,503246830137.0,5032.46830137,1.1893234043685927
2024-03-22,502487930137.0,5024.87930137,1.187529895741167
2024-03-25,500961030137.0,5009.61030137,1.183921372453229
2024-03-26,500943230137.0,5009.43230137,1.183879305707191
2024-03-27,500754630137.0,5007.54630137,1.1834335872632162
2024-03-28,499995730137.0,4999.95730137,1.1816400786357906
2024-03-29,499633728984.0,4996.33728984,1.1807845611881118
2024-04-01,499103628984.0,4991.03628984,1.179531775678297
2024-04-02,498963328984.0,4989.63328984,1.179200204640706
2024-04-03,497563828984.0,4975.63828984,1.1758927658159832
2024-04-08,496452328984.0,4964.52328984,1.1732659574889523
2024-04-09,496785528984.0,4967.85528984,1.1740534091619768
2024-04-10,497759528984.0,4977.59528984,1.1763552636923664
2024-04-11,498672728984.0,4986.72728984,1.178513429562132
2024-04-12,498239362335.0,4982.39362335,1.1774892540135484
2024-04-15,496651962335.0,4966.51962335,1.1737377510550882
2024-04-16,497710662335.0,4977.10662335,1.1762397771242086
2024-04-17,497999262335.0,4979.99262335,1.1769218256021043
2024-04-18,496786462335.0,4967.86462335,1.1740556149507118
2024-04-19,496717462335.0,4967.17462335,1.1738925472273063
2024-04-22,496204662335.0,4962.04662335,1.17268064681336
2024-04-23,497049862335.0,4970.49862335,1.1746781082600595
2024-04-24,497668462335.0,4976.68462335,1.176140045849894
2024-04-25,498581362335.0,4985.81362335,1.178297502729558
2024-04-26,501652662335.0,5016.52662335,1.1855559070613702
2024-04-29,504967462335.0,5049.67462335,1.19338977502578
2024-04-30,506062962335.0,5060.62962335,1.1959787705473834
2024-05-06,506806562335.0,5068.06562335,1.197736120679619
2024-05-07,506091662335.0,5060.91662335,1.1960465972671186
2024-05-08,503832062335.0,5038.32062335,1.1907064838206423
2024-05-09,502758062335.0,5027.58062335,1.1881682992563318
2024-05-10,501514062335.0,5015.14062335,1.185228353634356
2024-05-13,500892362335.0,5008.92362335,1.1837590898134698
2024-05-14,500459462335.0,5004.59462335,1.1827360170966261
2024-05-15,499622862335.0,4996.22862335,1.180758880032844
2024-05-16,499724062335.0,4997.24062335,1.1809980460271718
2024-05-17,503246762335.0,5032.46762335,1.189323244132103
2024-05-20,503844462335.0,5038.44462335,1.1907357887448484
2024-05-21,503292462335.0,5032.92462335,1.1894312469576052
2024-05-22,503081231035.0,5030.81231035,1.1889320439546636
2024-05-23,503834331035.0,5038.34331035,1.1907118454401218
2024-05-24,506914983414.0,5069.14983414,1.1979923522523972
2024-05-27,507035883414.0,5070.35883414,1.1982780752634077
2024-05-28,506422783414.0,5064.22783414,1.1968291358254386
2024-05-29,506665383414.0,5066.65383414,1.1974024724877308
2024-05-30,506981383414.0,5069.81383414,1.1981492753949208
2024-05-31,508266183414.0,5082.66183414,1.2011856436707364
2024-06-03,508156683414.0,5081.56683414,1.200926862283593
2024-06-04,509147780436.0,5091.47780436,1.2032691222118745
2024-06-05,509266080436.0,5092.66080436,1.203548700642003
2024-06-06,511378539221.0,5113.78539221,1.2085410752051584
2024-06-07,513010539221.0,5130.10539221,1.2123979813587473
2024-06-11,515888939221.0,5158.88939221,1.2192005050551264
2024-06-12,517897139221.0,5178.97139221,1.2239464847963257
2024-06-13,519008739221.0,5190.08739221,1.2265735294533904
2024-06-14,521447039221.0,5214.47039221,1.2323359646704835
2024-06-17,522076339221.0,5220.76339221,1.2338231895739478
2024-06-18,522873039221.0,5228.73039221,1.2357060309541954
2024-06-19,523025539221.0,5230.25539221,1.2360664342559249
2024-06-20,523007539221.0,5230.07539221,1.236023894849819
2024-06-21,524885339221.0,5248.85339221,1.2404617002267857
2024-06-24,528242000296.0,5282.42000296,1.2483944984839426
2024-06-25,531350900296.0,5313.50900296,1.2557417629085093
2024-06-26,532552200296.0,5325.52200296,1.258580795606001
2024-06-27,534741690615.0,5347.41690615,1.2637552188195882
2024-06-28,537611090615.0,5376.11090615,1.2705364728129143
2024-07-01,537878690615.0,5378.78690615,1.2711688919836868
2024-07-02,537486890615.0,5374.86890615,1.2702429509107847
2024-07-03,537668790615.0,5376.68790615,1.2706728352424868
2024-07-04,539381790615.0,5393.81790615,1.2747211687235516
2024-07-05,540917990615.0,5409.17990615,1.2783516707046443
2024-07-08,542011290615.0,5420.11290615,1.2809354669655015
2024-07-09,544657490615.0,5446.57490615,1.2871892323231162
2024-07-10,544422090615.0,5444.22090615,1.2866329114232664
2024-07-11,544384227417.0,5443.84227417,1.2865434293145894
2024-07-12,543468027417.0,5434.68027417,1.2843781735438062
2024-07-15,543521827417.0,5435.21827417,1.2845053191020557
2024-07-16,542532327417.0,5425.32327417,1.2821668334164085
2024-07-17,545358927417.0,5453.58927417,1.2888469381552163
2024-07-18,549187195054.0,5491.87195054,1.2978942843603212
2024-07-19,554341942054.0,5543.41942054,1.3100764996939573
2024-07-22,554430342054.0,5544.30342054,1.3102854154439434
2024-07-23,557069942054.0,5570.69942054,1.3165235830193194
2024-07-24,559750542054.0,5597.50542054,1.3228586459086027
2024-07-25,563233342054.0,5632.33342054,1.3310895483299996
2024-07-26,564844642054.0,5648.44642054,1.334897534166567
2024-07-29,566235242054.0,5662.35242054,1.3381839396182709
2024-07-30,569462942054.0,5694.62942054,1.3458119641231356
2024-07-31,571298042054.0,5712.98042054,1.350148856575618
2024-08-01,572398642054.0,5723.98642054,1.3527499049289513
2024-08-02,574674542054.0,5746.74542054,1.3581285401709569
2024-08-05,578886242054.0,5788.86242054,1.368082052209603
2024-08-06,579745042054.0,5797.45042054,1.3701116545409158
2024-08-07,579920742054.0,5799.20742054,1.370526886410515
2024-08-08,581293442054.0,5812.93442054,1.373770988786147
2024-08-09,580746242054.0,5807.46242054,1.372477790840532
2024-08-12,581206742054.0,5812.06742054,1.3735660906467375
2024-08-13,581533042054.0,5815.33042054,1.3743372355474215
2024-08-14,581881342054.0,5818.81342054,1.375160373055568
2024-08-15,585319242054.0,5853.19242054,1.3832851632917342
2024-08-16,587262843063.0,5872.62843063,1.3878784762155907
2024-08-19,588250543063.0,5882.50543063,1.3902127079606275
2024-08-20,589202743063.0,5892.02743063,1.3924630425436222
2024-08-21,590900443063.0,5909.00443063,1.3964752175294972
2024-08-22,592183843063.0,5921.83843063,1.399508277184838
2024-08-23,595009043063.0,5950.09043063,1.406185073303171
2024-08-26,596351543063.0,5963.51543063,1.409357804008559
2024-08-27,599017846128.0,5990.17846128,1.4156590789465073
2024-08-28,601235046128.0,6012.35046128,1.4208989884586014
2024-08-29,604454046128.0,6044.54046128,1.4285064522505149
2024-08-30,605252046128.0,6052.52046128,1.4303923659212037
2024-09-02,605581646128.0,6055.81646128,1.431171309713007
2024-09-03,604201046128.0,6042.01046128,1.4279085372646951
2024-09-04,603954546128.0,6039.54546128,1.42732598373108
2024-09-05,605140946128.0,6051.40946128,1.4301298032535175
2024-09-06,605241346128.0,6052.41346128,1.4303670786075742
2024-09-09,608171046128.0,6081.71046128,1.4372908396113546
2024-09-10,609465546128.0,6094.65546128,1.4403501319004606
2024-09-11,608694446128.0,6086.94446128,1.4385277910088965
2024-09-12,609433646128.0,6094.33646128,1.4402747426196398
2024-09-13,610239846128.0,6102.39846128,1.44218003535311
2024-09-18,611931446128.0,6119.31446128,1.4461777942069158
2024-09-19,615795656739.0,6157.95656739,1.455310084454667
2024-09-20,618778856739.0,6187.78856739,1.462360282026595
2024-09-23,619486656739.0,6194.86656739,1.4640330260066872
2024-09-24,624622656739.0,6246.22656739,1.4761709365488642
2024-09-25,626446456739.0,6264.46456739,1.4804811237075135
2024-09-26,633258856739.0,6332.58856739,1.4965808709383404
2024-09-27,637760056739.0,6377.60056739,1.5072185584251876
2024-09-30,661632356739.0,6616.32356739,1.563635973112885
2024-10-08,715152256739.0,7151.52256739,1.6901195709373131
2024-10-09,739524956739.0,7395.24956739,1.7477195811147508
2024-10-10,743111256739.0,7431.11256739,1.7561950851212558
2024-10-11,744231356739.0,7442.31356739,1.7588422178312038
2024-10-14,748673517159.0,7486.73517159,1.7693403770586102
2024-10-15,758117257259.0,7581.17257259,1.7916587712403413
2024-10-16,761032057259.0,7610.32057259,1.7985473190690675
2024-10-17,755796757259.0,7557.96757259,1.786174732803207
2024-10-18,760297257259.0,7602.97257259,1.7968107659798167
2024-10-21,751637857259.0,7516.37857259,1.776346003022471
2024-10-22,746602757259.0,7466.02757259,1.76444654948452
2024-10-23,744288957259.0,7442.88957259,1.7589783451596583
2024-10-24,742356857259.0,7423.56857259,1.7544122125742727
2024-10-25,741196067659.0,7411.96067659,1.7516689181188425
2024-10-28,743564567659.0,7435.64567659,1.757266394972259
2024-10-29,745663067659.0,7456.63067659,1.7622257807340889
2024-10-30,751497667659.0,7514.97667659,1.7760146928932374
2024-10-31,753989667659.0,7539.89667659,1.781904037338546
2024-11-01,759810167659.0,7598.10167659,1.7956596269629115
2024-11-04,759572067659.0,7595.72067659,1.795096925152146
2024-11-05,760510467659.0,7605.10467659,1.7973146461904597
2024-11-06,760901767659.0,7609.01767659,1.798239405613192
2024-11-07,765725967659.0,7657.25967659,1.8096404391096037
2024-11-08,766874567659.0,7668.74567659,1.812354925879219
2024-11-11,757675767659.0,7576.75767659,1.790615398718904
2024-11-12,760633267659.0,7606.33267659,1.7976048594721146
2024-11-13,761098267659.0,7610.98267659,1.7987037941298467
2024-11-14,767940567659.0,7679.40567659,1.814874204040816
2024-11-15,781907159859.0,7819.07159859,1.8478814561246688
2024-11-18,796282528238.0,7962.82528238,1.8818547690910128
2024-11-19,804185128238.0,8041.85128238,1.9005309863516453
2024-11-20,804146928238.0,8041.46928238,1.9004407082786876
2024-11-21,804929228238.0,8049.29228238,1.9022895181340507
2024-11-22,813588528238.0,8135.88528238,1.9227540447613627
2024-11-25,824878224638.0,8248.78224638,1.9494349880930486
2024-11-26,829738224638.0,8297.38224638,1.960920627741604
2024-11-27,839437443005.0,8394.37443005,1.9838427937983967
2024-11-28,842876549425.0,8428.76549425,1.9919704351673582
2024-11-29,853362976874.0,8533.62976874,2.01675301271467
2024-12-02,858454268974.0,8584.54268974,2.0287852650616114
2024-12-03,859834868974.0,8598.34868974,2.0320480375099232
2024-12-04,859595268974.0,8595.95268974,2.031481790748649
2024-12-05,863505189621.0,8635.05189621,2.040722107539984
2024-12-06,867559189621.0,8675.59189621,2.050302927115137
2024-12-09,867595689621.0,8675.95689621,2.050389187577518
2024-12-10,880283489621.0,8802.83489621,2.080374269621333
2024-12-11,885541589621.0,8855.41589621,2.092800739134928
2024-12-12,889102889621.0,8891.02889621,2.1012171606329524
2024-12-13,884941874583.0,8849.41874583,2.0913834323821936
2024-12-16,887424174583.0,8874.24174583,2.097249852814212
2024-12-17,891022174583.0,8910.22174583,2.1057530074346857
2024-12-18,889511174583.0,8895.11174583,2.102182060622141
2024-12-19,888815674583.0,8888.15674583,2.1005383852362214
2024-12-20,889141074583.0,8891.41074583,2.1013074031666
2024-12-23,890785974583.0,8907.85974583,2.1051947958945645
2024-12-24,892424074583.0,8924.24074583,2.109066118180223
2024-12-25,889741874583.0,8897.41874583,2.1027272740103964
2024-12-26,891947026583.0,8919.47026583,2.107938710480004
2024-12-27,894259126583.0,8942.59126583,2.113402897194289
2024-12-30,893784826583.0,8937.84826583,2.112281983843402
2024-12-31,898600926583.0,8986.00926583,2.123663874607066
2025-01-02,905411226583.0,9054.11226583,2.139758658907181
2025-01-03,912571126583.0,9125.71126583,2.1566796530058827
2025-01-06,918676606583.0,9186.76606583,2.171108735960916
2025-01-07,915898010920.0,9158.9801092,2.1645420798880237
2025-01-08,917655210920.0,9176.5521092,2.1686948712440817
2025-01-09,913948249055.0,9139.48249055,2.1599342070110925
2025-01-10,913855671372.0,9138.55671372,2.1597154181414555
2025-01-13,918133371372.0,9181.33371372,2.16982490800249
2025-01-14,918310071372.0,9183.10071372,2.1702425031724277
2025-01-15,917003671372.0,9170.03671372,2.1671550876092853
2025-01-16,916434971372.0,9164.34971372,2.165811078706377
2025-01-17,915280471372.0,9152.80471372,2.1630826484647603
2025-01-20,913609171372.0,9136.09171372,2.1591328646078405
2025-01-21,912604257472.0,9126.04257472,2.1567579512470947
2025-01-22,912781778943.0,9127.81778943,2.157177487799726
2025-01-23,917599278943.0,9175.99278943,2.168562687183865
2025-01-24,921459278943.0,9214.59278943,2.1776850264932115
2025-01-27,922039630943.0,9220.39630943,2.179056572571672
2025-02-05,918952330943.0,9189.52330943,2.1717603554344325
2025-02-06,915859630943.0,9158.59630943,2.164451376475361
2025-02-07,913446143237.0,9134.46143237,2.1587475801610942
2025-02-10,905907312796.0,9059.07312796,2.1409310596226407
2025-02-11,903368233968.0,9033.68233968,2.13493045376715
2025-02-12,901477178268.0,9014.77178268,2.130461321189877
2025-02-13,897924949783.0,8979.24949783,2.122066338406329
2025-02-14,892656149783.0,8926.56149783,2.1096145815791045
2025-02-17,886842649783.0,8868.42649783,2.0958755350571137
2025-02-18,885949849783.0,8859.49849783,2.093765580514268
2025-02-19,879829749783.0,8798.29749783,2.0793019461082753
2025-02-20,873596349783.0,8735.96349783,2.0645705497738502
2025-02-21,864452749783.0,8644.52749783,2.0429614767922595
2025-02-24,857139949783.0,8571.39949783,2.025679134071692
2025-02-25,852242949783.0,8522.42949783,2.0141060523105865
2025-02-26,846980649783.0,8469.80649783,2.001669656935567
2025-02-27,845514949783.0,8455.14949783,1.9982057676283886
2025-02-28,848987549783.0,8489.87549783,2.0064125643863253
2025-03-03,848358549783.0,8483.58549783,2.004926048472963
2025-03-04,847018349783.0,8470.18349783,2.0017587533583554
2025-03-05,842646949783.0,8426.46949783,1.9914278222555373
2025-03-06,839588949783.0,8395.88949783,1.9842008498182364
2025-03-07,838340262700.0,8383.402627,1.9812498272114167
2025-03-10,832322562700.0,8323.225627,1.967028194760159
2025-03-11,832519262700.0,8325.192627,1.9674930559368815
2025-03-12,831100862700.0,8311.008627,1.9641409507357475
2025-03-13,832003762700.0,8320.037627,1.9662747746120193
2025-03-14,832860362700.0,8328.603627,1.9682991776825858
2025-03-17,830008162700.0,8300.081627,1.961558572455094
2025-03-18,826640162700.0,8266.401627,1.9535989769126383
2025-03-19,825125395063.0,8251.25395063,1.9500191260422934
2025-03-20,822943895063.0,8229.43895063,1.9448635863523092
2025-03-21,824199161507.0,8241.99161507,1.947830157965212
2025-03-24,825401761507.0,8254.01761507,1.9506722629531446
2025-03-25,825319061507.0,8253.19061507,1.950476818015092
2025-03-26,826647161507.0,8266.47161507,1.9536155171955953
2025-03-27,826018061507.0,8260.18061507,1.952128764952199
2025-03-28,825754394932.0,8257.54394932,1.9515056416460634
2025-03-31,829196094932.0,8291.96094932,1.9596394124235188
2025-04-01,828555894932.0,8285.55894932,1.9581264275463572
2025-04-02,830506680132.0,8305.06680132,1.962736718871241
2025-04-03,835296266738.0,8352.96266738,1.9740559505218715
2025-04-07,849656952738.0,8496.56952738,2.0079945646169444
2025-04-08,869745321509.0,8697.45321509,2.055469413347603
2025-04-09,870414621509.0,8704.14621509,2.0570511702646352
2025-04-10,869501169759.0,8695.01169759,2.0548924094340095
2025-04-11,866585453053.0,8665.85453053,2.0480016951536824
2025-04-14,862882782552.0,8628.82782552,2.0392511727026905
2025-04-15,861168382552.0,8611.68382552,2.0351995306011506
2025-04-16,864890482552.0,8648.90482552,2.04399597079372
2025-04-17,863327182552.0,8633.27182552,2.040301423373435
2025-04-18,862635308552.0,8626.35308552,2.038666317314545
2025-04-21,860021508552.0,8600.21508552,2.0324891228879207
2025-04-22,856803308552.0,8568.03308552,2.0248835497362783
2025-04-23,855207808552.0,8552.07808552,2.0211129040450704
2025-04-24,854959508552.0,8549.59508552,2.020526096570845
2025-04-25,852597908552.0,8525.97908552,2.014944926489769
2025-04-28,849779208552.0,8497.79208552,2.008283491823641
2025-04-29,848076308552.0,8480.76308552,2.004259027676002
2025-04-30,844536408552.0,8445.36408552,1.9958931808052363
2025-05-06,844371108552.0,8443.71108552,1.995502527259165
2025-05-07,842539608552.0,8425.39608552,1.991174142687904
2025-05-08,842964064266.0,8429.64064266,1.9921772590207794
2025-05-09,842331364266.0,8423.31364266,1.9906819988961617
2025-05-12,840603052284.0,8406.03052284,1.9865974786028424
2025-05-13,835880152284.0,8358.80152284,1.9754358474307925
2025-05-14,836329752284.0,8363.29752284,1.9764983872633008
2025-05-15,833940352284.0,8339.40352284,1.970851517432795
2025-05-16,832728311284.0,8327.28311284,1.9679871005263598
2025-05-19,831695311284.0,8316.95311284,1.965545811275957
2025-05-20,830526511284.0,8305.26511284,1.9627835858394895
2025-05-21,827250411284.0,8272.50411284,1.9550411775982073
2025-05-22,826462111284.0,8264.62111284,1.9531781879408088
2025-05-23,825326011284.0,8253.26011284,1.9504932424254335
2025-05-26,827029911284.0,8270.29911284,1.9545200698734118
2025-05-27,828618811284.0,8286.18811284,1.9582751177823807
2025-05-28,828422506124.0,8284.22506124,1.9578111897311643
2025-05-29,829989006124.0,8299.89006124,1.961513299712535
2025-05-30,828595102124.0,8285.95102124,1.9582190859165103
2025-06-03,829156402124.0,8291.56402124,1.9595456063969083
2025-06-04,827960302124.0,8279.60302124,1.9567188628611805
2025-06-05,824066602124.0,8240.66602124,1.9475168803304028
2025-06-06,823392269898.0,8233.92269898,1.9459232307519574
2025-06-09,823550664722.0,8235.50664722,1.9462975652932455
2025-06-10,821416764722.0,8214.16764722,1.9412545186994077
2025-06-11,821082020786.0,8210.82020786,1.9404634182419107
2025-06-12,818439320786.0,8184.39320786,1.9342179244354831
2025-06-13,817161520786.0,8171.61520786,1.9311980992620421
2025-06-16,819309240562.0,8193.09240562,1.9362738061371885
2025-06-17,820509940562.0,8205.09940562,1.9391114208544766
2025-06-18,819329840562.0,8193.29840562,1.9363224901241762
2025-06-19,818034140562.0,8180.34140562,1.9332603618746633
2025-06-20,818781640562.0,8187.81640562,1.935026928878222
2025-06-23,820795040562.0,8207.95040562,1.9397851977811853
2025-06-24,820627740562.0,8206.27740562,1.9393898176344355
2025-06-25,821068640562.0,8210.68640562,1.9404317967539928
2025-06-26,820242140562.0,8202.42140562,1.9384785290236366
2025-06-27,819093140562.0,8190.93140562,1.9357630969338855
2025-06-30,821184940562.0,8211.84940562,1.9407066485834428
2025-07-01,812680479585.0,8126.80479585,1.9206080530717096
2025-07-02,810977753585.0,8109.77753585,1.9165840001383296
2025-07-03,807464853585.0,8074.64853585,1.9082819623767227
2025-07-04,804445768489.0,8044.45768489,1.901146957545245
2025-07-07,803045368489.0,8030.45368489,1.897837391750217
2025-07-08,801265368489.0,8012.65368489,1.893630717146425
2025-07-09,798855696292.0,7988.55696292,1.8879359380258727
2025-07-10,797670296292.0,7976.70296292,1.8851344818037743
2025-07-11,797711796292.0,7977.11796292,1.8852325587678516
2025-07-14,794759796292.0,7947.59796292,1.8782560961665067
2025-07-15,789213596292.0,7892.13596292,1.8651487598251861
2025-07-16,786763596292.0,7867.63596292,1.8593586739941244
2025-07-17,783787996292.0,7837.87996292,1.852326437504774
2025-07-18,782492081254.0,7824.92081254,1.8492638010558828
2025-07-21,781033281254.0,7810.33281254,1.8458162185210447
2025-07-22,777591781254.0,7775.91781254,1.8376829204036573
2025-07-23,777501523486.0,7775.01523486,1.8374696141899267
2025-07-24,775935723486.0,7759.35723486,1.8337691585187932
2025-07-25,771205923486.0,7712.05923486,1.8225912205744028
2025-07-28,768163823486.0,7681.63823486,1.8154018246124954
2025-07-29,762846523486.0,7628.46523486,1.8028354477188198
2025-07-30,763346823486.0,7633.46823486,1.804017806878526
2025-07-31,756346623486.0,7563.46623486,1.7874742318439956
2025-08-01,754354707252.0,7543.54707252,1.7827667355325076
2025-08-04,753497907252.0,7534.97907252,1.7807418598018734
2025-08-05,752119007252.0,7521.19007252,1.7774831049641382
2025-08-06,753452607252.0,7534.52607252,1.7806348022965073
2025-08-07,750709307252.0,7507.09307252,1.7741515604759552
2025-08-08,748583407252.0,7485.83407252,1.769127420284831
2025-08-11,748834007252.0,7488.34007252,1.7697196633498369
2025-08-12,744770407252.0,7447.70407252,1.7601161560914274
2025-08-13,742140747252.0,7421.40747252,1.7539014797214232
2025-08-14,735016747252.0,7350.16747252,1.7370653281048989
2025-08-15,736569347252.0,7365.69347252,1.7407345882115546
2025-08-18,732819960252.0,7328.19960252,1.731873660642629
2025-08-19,732721360252.0,7327.21360252,1.731640639229183
2025-08-20,729187813744.0,7291.87813744,1.7232898075682161
2025-08-21,728160613744.0,7281.60613744,1.7208622254597807
2025-08-22,724256813744.0,7242.56813744,1.7116363735955769
2025-08-25,720557613744.0,7205.57613744,1.7028940529807752
2025-08-26,720313282497.0,7203.13282497,1.7023166248618606
2025-08-27,712329782497.0,7123.29782497,1.6834492166037862
2025-08-28,708284221362.0,7082.84221362,1.6738883406011502
2025-08-29,707390678750.0,7073.9067875,1.671776631043113
2025-09-01,703231468281.0,7032.31468281,1.661947167530884
2025-09-02,702600368281.0,7026.00368281,1.6604556886868092
2025-09-03,697137311222.0,6971.37311222,1.6475448440861566
2025-09-04,697096111222.0,6970.96111222,1.6474474761121813
2025-09-05,694983261304.0,6949.83261304,1.6424541771842742
2025-09-08,691672861304.0,6916.72861304,1.634630707741357
2025-09-09,687113861304.0,6871.13861304,1.6238564214949036
2025-09-10,684165861304.0,6841.65861304,1.6168894120949155
2025-09-11,685095661304.0,6850.95661304,1.619086808750312
2025-09-12,687391000354.0,6873.91000354,1.6245113843057766
2025-09-15,684440100354.0,6844.40100354,1.6175375213348049
2025-09-16,683484800750.0,6834.8480075,1.6152798614566255
2025-09-17,683211500750.0,6832.1150075,1.6146339714739197
2025-09-18,682666641950.0,6826.6664195,1.6133463064870588
2025-09-19,683062364956.0,6830.62364956,1.6142815188013713
2025-09-22,679926964956.0,6799.26964956,1.6068716269178156
2025-09-23,679533864956.0,6795.33864956,1.6059426135544725
2025-09-24,679995964956.0,6799.95964956,1.607034694641221
2025-09-25,681719239887.0,6817.19239887,1.6111073108702036
2025-09-26,688598810421.0,6885.98810421,1.6273658022468176
2025-09-29,694950910421.0,6949.50910421,1.6423777223315066
2025-09-30,698501210421.0,6985.01210421,1.6507681475258003
2025-10-09,695497410421.0,6954.97410421,1.6436692659668843
2025-10-10,697715210421.0,6977.15210421,1.648910593459182
2025-10-13,695325610421.0,6953.25610421,1.6432632509686083
2025-10-14,692782210421.0,6927.82210421,1.6372524328858642
2025-10-15,691386210421.0,6913.86210421,1.6339532656123286
2025-10-16,686160110421.0,6861.60110421,1.6216024217095888
2025-10-17,685669331241.0,6856.69331241,1.620442563107018
2025-10-20,685661831241.0,6856.61831241,1.6204248383544742
2025-10-21,682092331241.0,6820.92331241,1.6119890377936679
2025-10-22,679021231241.0,6790.21231241,1.6047311061219232
2025-10-23,678949231241.0,6789.49231241,1.6045609484975
2025-10-24,674834631241.0,6748.34631241,1.594836912921791
2025-10-27,675800031241.0,6758.00031241,1.5971184430692633
2025-10-28,677499931241.0,6774.99931241,1.6011358173158847
2025-10-29,678433631241.0,6784.33631241,1.603342430842604
2025-10-30,677436031241.0,6774.36031241,1.6009848024242093
2025-10-31,682918292176.0,6829.18292176,1.6139410315515266
2025-11-03,683242092176.0,6832.42092176,1.6147062682013624
2025-11-04,680766792176.0,6807.66792176,1.6088563908717186
2025-11-05,683051036576.0,6830.51036576,1.6142547464370747
2025-11-06,679639736576.0,6796.39736576,1.6061928199899311
2025-11-07,678209336576.0,6782.09336576,1.6028123551847269
2025-11-10,680054936576.0,6800.54936576,1.6071740622907709
2025-11-11,679346836576.0,6793.46836576,1.605500609320577
2025-11-12,679995136576.0,6799.95136576,1.607032736930486
2025-11-13,678165636576.0,6781.65636576,1.6027090789599034
2025-11-14,677808136576.0,6778.08136576,1.6018641990886362
2025-11-17,678456336576.0,6784.56336576,1.6033960903685114
2025-11-18,679411636576.0,6794.11636576,1.6056537511825577
2025-11-19,679688636576.0,6796.88636576,1.6063083853765185
2025-11-20,680874636576.0,6808.74636576,1.6091112595788204
2025-11-21,691380136576.0,6913.80136576,1.63393891129238
2025-11-24,695088936576.0,6950.88936576,1.6427039195904378
2025-11-25,690821536576.0,6908.21536576,1.6326187717228977
2025-11-26,684169336576.0,6841.69336576,1.616897625206412
2025-11-27,683276736576.0,6832.76736576,1.6147881433236342
2025-11-28,682313536576.0,6823.13536576,1.612511812436908
2025-12-01,681092283720.0,6810.9228372,1.6096256251480634
2025-12-02,680196283720.0,6801.9628372,1.6075081080441322
2025-12-03,681330083720.0,6813.3008372,1.6101876179687273
2025-12-04,682758383720.0,6827.5838372,1.6135631198432194
2025-12-05,687783883720.0,6877.8388372,1.625439885697914
2025-12-08,688673583720.0,6886.7358372,1.6275425140097082
2025-12-09,686123083720.0,6861.2308372,1.6215149164945557
2025-12-10,685362344450.0,6853.6234445,1.6197170611197151
2025-12-11,688464504592.0,6884.64504592,1.6270483972355843
2025-12-12,695309004592.0,6953.09004592,1.6432240064072998
2025-12-15,699826904592.0,6998.26904592,1.6539011610098118
2025-12-16,704253204592.0,7042.53204592,1.6643618373012523
2025-12-17,716093541426.0,7160.93541426,1.6923441093573925
2025-12-18,723349650636.0,7233.49650636,1.7094924747147227
2025-12-19,730850250636.0,7308.50250636,1.727218645238993
2025-12-22,740081950636.0,7400.81950636,1.7490359249804683
2025-12-23,748666750636.0,7486.66750636,1.7693243857325092
2025-12-24,761155464710.0,7611.5546471,1.7988389679398766
2025-12-25,767808964710.0,7678.0896471,1.8145631867468033
2025-12-26,771554664710.0,7715.5466471,1.8234154008273782
2025-12-29,767230164710.0,7672.3016471,1.8131953085104693
2025-12-30,768336664710.0,7683.3666471,1.815810300335804
2025-12-31,770891894934.0,7708.91894934,1.8218490767909399
2026-01-05,766979294934.0,7669.79294934,1.8126024278837511
2026-01-06,767992394934.0,7679.92394934,1.8149966874574037
2026-01-07,761106694934.0,7611.06694934,1.7987237103117126
2026-01-08,758236094934.0,7582.36094934,1.7919396203579796
2026-01-09,757760994934.0,7577.60994934,1.7908168163668214
2026-01-12,754987454331.0,7549.87454331,1.7842621069189417
2026-01-13,754289554331.0,7542.89554331,1.7826127596122079
2026-01-14,747818554331.0,7478.18554331,1.7673198431171868
2026-01-15,728466454331.0,7284.66454331,1.7215850186227817
2026-01-16,707207254331.0,7072.07254331,1.671343144051471
2026-01-19,696122869629.0,6961.22869629,1.6451474139253122
2026-01-20,681452969629.0,6814.52969629,1.610478034279151
2026-01-21,663471869629.0,6634.71869629,1.5679832945498011
2026-01-22,650728069629.0,6507.28069629,1.5378658676869905
2026-01-23,642381611810.0,6423.8161181,1.5181406810921547
2026-01-26,626278311810.0,6262.7831181,1.4800837467397714
2026-01-27,616418311810.0,6164.1831181,1.4567816053951714
2026-01-28,596303211810.0,5963.0321181,1.4092435827419498
2026-01-29,587289011810.0,5872.8901181,1.3879403208242524
2026-01-30,584566596776.0,5845.66596776,1.3815064364509329
2026-02-02,580731196776.0,5807.31196776,1.372442234329931
2026-02-03,584242896776.0,5842.42896776,1.380741436131131
2026-02-04,583007996776.0,5830.07996776,1.3778229965422417
2026-02-05,584627696776.0,5846.27696776,1.3816508341016585
2026-02-06,586449496776.0,5864.49496776,1.3859562946596293
2026-02-09,584033996776.0,5840.33996776,1.3802477426902702
2026-02-10,579989196776.0,5799.89196776,1.370688665478238
2026-02-11,578857496776.0,5788.57496776,1.368014118484355
2026-02-12,575467624579.0,5754.67624579,1.36000283237131
2026-02-13,567175424579.0,5671.75424579,1.3404058732985218
2026-02-24,565244924579.0,5652.44924579,1.3358435219936788
2026-02-25,564565024579.0,5645.65024579,1.3342367140930507
2026-02-26,558486724579.0,5584.86724579,1.3198718656412372
2026-02-27,557244824579.0,5572.44824579,1.3169368829499735
2026-03-02,549505424579.0,5495.05424579,1.2986463563047
2026-03-03,548615424579.0,5486.15424579,1.296543019002804
2026-03-04,549833024579.0,5498.33024579,1.2994205734958248
2026-03-05,542621724579.0,5426.21724579,1.2823781057596875
2026-03-06,544314724579.0,5443.14724579,1.286379173233968
2026-03-09,542891724579.0,5428.91724579,1.2830161968512739
2026-03-10,539682924579.0,5396.82924579,1.2754328387228202
2026-03-11,535602624579.0,5356.02624579,1.265789864348746
2026-03-12,533707624579.0,5337.07624579,1.261311410205945
2026-03-13,535491724579.0,5354.91724579,1.2655277743411277
2026-03-16,535479124579.0,5354.79124579,1.2654979967568536
2026-03-17,535846224579.0,5358.46224579,1.2663655643113771
2026-03-18,531791324579.0,5317.91324579,1.256782617765919
2026-03-19,531626224579.0,5316.26224579,1.2563924368799155
2026-03-20,531092924579.0,5310.92924579,1.2551320888090154
2026-03-23,536109624579.0,5361.09624579,1.2669880576207249
2026-03-24,536270524579.0,5362.70524579,1.2673683126453037
2026-03-25,530146224579.0,5301.46224579,1.2528947523778864
2026-03-26,529927824579.0,5299.27824579,1.252378607583803
2026-03-27,531200488702.0,5312.00488702,1.255386295137388
2026-03-30,528058488702.0,5280.58488702,1.2479608054715936
2026-03-31,528968764968.0,5289.68764968,1.2501120616798052
2026-04-01,526189464968.0,5261.89464968,1.2435437410470418
2026-04-02,523439964968.0,5234.39964968,1.2370458467643868
2026-04-03,522169564968.0,5221.69564968,1.234043510013456
2026-04-07,521598164968.0,5215.98164968,1.2326931201996318
2026-04-08,520436864968.0,5204.36864968,1.2299486195157086
2026-04-09,515085464968.0,5150.85464968,1.2173016540804658
2026-04-10,510943164968.0,5109.43164968,1.2075121550853607
2026-04-13,506113957671.0,5061.13957671,1.1960992878422503
2026-04-14,503232057671.0,5032.32057671,1.189288492594684
2026-04-15,500415357671.0,5004.15357671,1.1826317845292342
2026-04-16,497872657671.0,4978.72657671,1.1766226207567276
2026-04-17,493115357671.0,4931.15357671,1.165379692053009
2026-04-20,488754257671.0,4887.54257671,1.155073102943685
2026-04-21,484667057671.0,4846.67057671,1.1454138217972702
2026-04-22,479907757671.0,4799.07757671,1.134166166492873
2026-04-23,474960888638.0,4749.60888638,1.122475229229162
2026-04-24,473228088638.0,4732.28088638,1.1183801024013809
2026-04-27,468790388638.0,4687.90388638,1.1078924844860734
2026-04-28,464484805238.0,4644.84805238,1.097717097776361
2026-04-29,463064205238.0,4630.64205238,1.0943597933144809
2026-04-30,452166505238.0,4521.66505238,1.0686052552078835
2026-05-06,447367905238.0,4473.67905238,1.0572647222001557
2026-05-07,437957605238.0,4379.57605238,1.0350253570180978
2026-05-08,433136705238.0,4331.36705238,1.0236321224128053
2026-05-11,424474205238.0,4244.74205238,1.003160033224408
2026-05-12,419094405238.0,4190.94405238,0.9904459500595317
2026-05-13,414706805238.0,4147.06805238,0.9800767334912187
2026-05-14,411201305238.0,4112.01305238,0.9717921841521218
2026-05-15,409528105238.0,4095.28105238,0.9678379100245573
2026-05-18,406504405238.0,4065.04405238,0.9606919987888913
2026-05-19,402556586386.0,4025.56586386,0.9513621171568243
2026-05-20,396122286386.0,3961.22286386,0.9361559337842522
2026-05-21,396398686386.0,3963.98686386,0.9368091499980096
2026-05-22,394914386386.0,3949.14386386,0.9333013033045218
2026-05-25,386328186386.0,3863.28186386,0.913009533932006
2026-05-26,386477686386.0,3864.77686386,0.9133628473327178
2026-05-27,385434886386.0,3854.34886386,0.9108983977389907
2026-05-28,382912386386.0,3829.12386386,0.9049369726333362
2026-05-29,386438386386.0,3864.38386386,0.9132699696293869
2026-06-01,390580386386.0,3905.80386386,0.9230587596343902
2026-06-02,389041962989.0,3890.41962989,0.9194230030984132
2026-06-03,383966062989.0,3839.66062989,0.9074271269066225
2026-06-04,382801362989.0,3828.01362989,0.9046745910015459
2026-06-05,383843162989.0,3838.43162989,0.9071366772949337
2026-06-08,388662162989.0,3886.62162989,0.9185254216295816
2026-06-09,382344362989.0,3823.44362989,0.9035945627465274
2026-06-10,382711162989.0,3827.11162989,0.9044614213109493
2026-06-11,384756662989.0,3847.56662989,0.9092955521548012
2026-06-12,386148062989.0,3861.48062989,0.9125838482467764
2026-06-15,384135562989.0,3841.35562989,0.9078277063141185
2026-06-16,382678362989.0,3826.78362989,0.9043839050598232
2026-06-17,378274462989.0,3782.74462989,0.893976166695981
2026-06-18,375280062989.0,3752.80062989,0.8868995001602538
2026-06-22,375376862989.0,3753.76862989,0.8871282676330892
2026-06-23,373815562989.0,3738.15562989,0.8834384468134823
2026-06-24,369185962989.0,3691.85962989,0.8724973115630806
2026-06-25,364074620204.0,3640.74620204,0.8604176734254769
2026-06-26,364105594204.0,3641.05594204,0.8604908742901836
2026-06-29,363785494204.0,3637.85494204,0.8597343818516028
2026-06-30,362263794204.0,3622.63794204,0.8561381477254286
2026-07-01,360037394204.0,3600.37394204,0.8508764958502139
2026-07-02,366283694204.0,3662.83694204,0.8656383787590146
2026-07-03,364420194204.0,3644.20194204,0.8612343685768987
2026-07-06,364914484045.0,3649.14484045,0.8624025239258015
2026-07-07,368668057060.0,3686.6805706,0.8712733443053966
2026-07-08,373086043818.0,3730.86043818,0.8817143739091986
2026-07-09,374625743818.0,3746.25743818,0.8853531474414785
2026-07-10,374729043818.0,3747.29043818,0.8855972763665189
2026-07-13,385441243818.0,3854.41243818,0.9109134222601928
2026-07-14,388442443818.0,3884.42443818,0.9180061592382266
2026-07-15,390036543818.0,3900.36543818,0.9217734963089596
2026-07-16,399158243818.0,3991.58243818,0.9433308130131217
2026-07-17,422848743818.0,4228.48743818,0.9993185796991509
2026-07-20,443763414258.0,4437.63414258,1.0487462274444461
2026-07-21,443241214258.0,4432.41214258,1.0475121120073112
2026-07-22,440189214258.0,4401.89214258,1.0402993193720456
2026-07-23,444789514258.0,4447.89514258,1.0511712099225083
2026-07-24,447428414258.0,4474.28414258,1.0574077231876469
2026-07-27,451869414258.0,4518.69414258,1.0679031399940737
2026-07-28,462499114258.0,4624.99114258,1.0930243136097628
2026-07-29,473437314258.0,4734.37314258,1.118874565380098
2026-07-30,490322814258.0,4903.22814258,1.1587800732578104
2026-07-31,484951014258.0,4849.51014258,1.1460848964956478
2026-08-03,492409914258.0,4924.09914258,1.1637125173957734
2026-08-04,488230214258.0,4882.30214258,1.153834630967982
2026-08-05,483846314258.0,4838.46314258,1.1434741586109238
2026-08-06,480806714258.0,4808.06714258,1.1362906708998644
2026-08-07,474281714258.0,4742.81714258,1.120870136186526
2026-08-10,473004414258.0,4730.04414258,1.1178514926632546
2026-08-11,472261614258.0,4722.61614258,1.1160960331712901
2026-08-12,468798614258.0,4687.98614258,1.1079119240966095
2026-08-13,464810914258.0,4648.10914258,1.0984877913339461
2026-08-14,463774314258.0,4637.74314258,1.0960379942023222
2026-08-17,459001014258.0,4590.01014258,1.0847572526931761
2026-08-18,454178114258.0,4541.78114258,1.0733592914872052
2026-08-19,467479314258.0,4674.79314258,1.1047940219590913
2026-08-20,467336014258.0,4673.36014258,1.1044553610204826
2026-08-21,463429614258.0,4634.29614258,1.0952233645753968
