衡量行业,颜色,市场,ETF代码,ETF名称,分类依据
公用事业,#DB2777,SH,512140,电力事业,名称关键词
公用事业,#DB2777,SH,512580,环保ETF,名称关键词
公用事业,#DB2777,SH,516370,全指电力,名称关键词
公用事业,#DB2777,SH,560190,公用事业,名称关键词
公用事业,#DB2777,SH,560270,电力指数,名称关键词
公用事业,#DB2777,SH,560450,电力TH,名称关键词
公用事业,#DB2777,SH,560460,电力平安,名称关键词
公用事业,#DB2777,SH,560480,中证电力,名称关键词
公用事业,#DB2777,SH,560580,电力指基,名称关键词
公用事业,#DB2777,SH,560930,电力E,名称关键词
公用事业,#DB2777,SH,561560,电力ETF,名称关键词
公用事业,#DB2777,SH,561700,电力基金,名称关键词
公用事业,#DB2777,SH,562350,电力,名称关键词
公用事业,#DB2777,SH,562960,绿色电力,名称关键词
公用事业,#DB2777,SZ,159059,电力ETF大成,名称关键词
公用事业,#DB2777,SZ,159061,绿色电力ETF南方,名称关键词
公用事业,#DB2777,SZ,159067,绿色电力ETF鹏华,名称关键词
公用事业,#DB2777,SZ,159146,电力ETF华宝,名称关键词
公用事业,#DB2777,SZ,159158,电力ETF景顺,名称关键词
公用事业,#DB2777,SZ,159159,公用事业ETF国投瑞银,名称关键词
公用事业,#DB2777,SZ,159301,公用事业ETF华夏,名称关键词
公用事业,#DB2777,SZ,159611,电力ETF广发,名称关键词
公用事业,#DB2777,SZ,159625,绿色电力ETF嘉实,名称关键词
公用事业,#DB2777,SZ,159669,绿色电力ETF国泰,名称关键词
军工,#475569,SH,512560,中证军工,名称关键词
军工,#475569,SH,512660,军工ETF,人工映射
军工,#475569,SH,512670,国防ETF,名称关键词
军工,#475569,SH,512680,军工基金,名称关键词
军工,#475569,SH,512710,军工龙头,名称关键词
军工,#475569,SH,512810,国防军工,名称关键词
军工,#475569,SH,563380,航空航天,名称关键词
军工,#475569,SZ,158009,航空航天ETF南方,名称关键词
军工,#475569,SZ,159208,航空航天ETF万家,名称关键词
军工,#475569,SZ,159227,航空航天ETF华夏,名称关键词
军工,#475569,SZ,159241,航空航天ETF天弘,名称关键词
军工,#475569,SZ,159638,航空航天ETF嘉实,名称关键词
农业,#65A30D,SH,512620,农业TH,名称关键词
农业,#65A30D,SH,516550,农业ETF,名称关键词
农业,#65A30D,SH,516810,农业,名称关键词
农业,#65A30D,SH,561470,畜牧TH,名称关键词
农业,#65A30D,SH,562900,现代农业,名称关键词
农业,#65A30D,SZ,159030,粮食ETF华夏,名称关键词
农业,#65A30D,SZ,159031,粮食ETF博时,名称关键词
农业,#65A30D,SZ,159033,粮食ETF国泰,名称关键词
农业,#65A30D,SZ,159038,粮食ETF易方达,名称关键词
农业,#65A30D,SZ,159041,农业ETF鹏华,名称关键词
农业,#65A30D,SZ,159060,粮食ETF浦银,名称关键词
农业,#65A30D,SZ,159063,粮食ETF南方,名称关键词
农业,#65A30D,SZ,159072,粮食ETF景顺,名称关键词
农业,#65A30D,SZ,159073,粮食ETF汇添富,名称关键词
农业,#65A30D,SZ,159587,粮食ETF广发,名称关键词
农业,#65A30D,SZ,159698,粮食ETF鹏华,名称关键词
农业,#65A30D,SZ,159825,农业ETF富国,名称关键词
农业,#65A30D,SZ,159827,农业ETF银华,名称关键词
医药医疗,#DC2626,SH,510660,医药行业,名称关键词
医药医疗,#DC2626,SH,512010,医药ETF,名称关键词
医药医疗,#DC2626,SH,512120,医药50,名称关键词
医药医疗,#DC2626,SH,512170,医疗ETF,名称关键词
医药医疗,#DC2626,SH,512290,生物医药,名称关键词
医药医疗,#DC2626,SH,513120,HK创新药,名称关键词
医药医疗,#DC2626,SH,513620,港医疗指,名称关键词
医药医疗,#DC2626,SH,513700,香港医药,名称关键词
医药医疗,#DC2626,SH,515120,创新药,名称关键词
医药医疗,#DC2626,SH,515950,医药龙头,名称关键词
医药医疗,#DC2626,SH,515960,医药100,名称关键词
医药医疗,#DC2626,SH,516080,创新医药,名称关键词
医药医疗,#DC2626,SH,516500,生物ETF,名称关键词
医药医疗,#DC2626,SH,516820,医疗创新,名称关键词
医药医疗,#DC2626,SH,517110,创新药HK,名称关键词
医药医疗,#DC2626,SH,517120,创新药50,名称关键词
医药医疗,#DC2626,SH,517380,创新药AH,名称关键词
医药医疗,#DC2626,SH,517990,医药基金,名称关键词
医药医疗,#DC2626,SH,520700,创新药WJ,名称关键词
医药医疗,#DC2626,SH,520850,港医疗,名称关键词
医药医疗,#DC2626,SH,520880,港创新药,名称关键词
医药医疗,#DC2626,SH,526010,香港医疗,名称关键词
医药医疗,#DC2626,SH,560080,中药ETF,名称关键词
医药医疗,#DC2626,SH,560260,医疗50,名称关键词
医药医疗,#DC2626,SH,560900,创新药企,名称关键词
医药医疗,#DC2626,SH,561510,中医药,名称关键词
医药医疗,#DC2626,SH,561710,疫苗,名称关键词
医药医疗,#DC2626,SH,561810,华泰医疗,名称关键词
医药医疗,#DC2626,SH,561920,疫苗龙头,名称关键词
医药医疗,#DC2626,SH,562390,中药,名称关键词
医药医疗,#DC2626,SH,562600,医疗器械,名称关键词
医药医疗,#DC2626,SH,562860,疫苗ETF,名称关键词
医药医疗,#DC2626,SH,588250,KC医药,名称关键词
医药医疗,#DC2626,SH,588700,科创生物,名称关键词
医药医疗,#DC2626,SH,588860,科创医药,名称关键词
医药医疗,#DC2626,SH,589120,创新药基,名称关键词
医药医疗,#DC2626,SH,589720,科创新药,名称关键词
医药医疗,#DC2626,SZ,158010,医疗ETF嘉实,名称关键词
医药医疗,#DC2626,SZ,159051,医疗器械ETF易方达,名称关键词
医药医疗,#DC2626,SZ,159056,医疗器械ETF富国,名称关键词
医药医疗,#DC2626,SZ,159057,医疗器械ETF鹏华,名称关键词
医药医疗,#DC2626,SZ,159508,生物医药ETF华安,名称关键词
医药医疗,#DC2626,SZ,159622,创新药ETF东财,名称关键词
医药医疗,#DC2626,SZ,159643,疫苗ETF国泰,名称关键词
医药医疗,#DC2626,SZ,159645,疫苗ETF富国,名称关键词
医药医疗,#DC2626,SZ,159646,疫苗ETF基金,名称关键词
医药医疗,#DC2626,SZ,159647,中药ETF鹏华,名称关键词
医药医疗,#DC2626,SZ,159657,疫苗ETF鹏华,名称关键词
医药医疗,#DC2626,SZ,159748,创新药ETF富国,名称关键词
医药医疗,#DC2626,SZ,159760,医疗健康ETF泰康,名称关键词
医药医疗,#DC2626,SZ,159797,医疗器械ETF汇添富,名称关键词
医药医疗,#DC2626,SZ,159828,医疗ETF国泰,名称关键词
医药医疗,#DC2626,SZ,159835,创新药ETF建信,名称关键词
医药医疗,#DC2626,SZ,159837,生物科技ETF易方达,名称关键词
医药医疗,#DC2626,SZ,159838,医药50ETF博时,名称关键词
医药医疗,#DC2626,SZ,159839,生物医药ETF汇添富,名称关键词
医药医疗,#DC2626,SZ,159847,医疗ETF易方达,名称关键词
医药医疗,#DC2626,SZ,159849,生物科技ETF招商,名称关键词
医药医疗,#DC2626,SZ,159858,创新药ETF南方,名称关键词
医药医疗,#DC2626,SZ,159859,生物医药ETF天弘,名称关键词
医药医疗,#DC2626,SZ,159873,医疗设备ETF天弘,名称关键词
医药医疗,#DC2626,SZ,159877,医疗ETF南方,名称关键词
医药医疗,#DC2626,SZ,159883,医疗器械ETF永赢,名称关键词
医药医疗,#DC2626,SZ,159891,医疗ETF建信,名称关键词
医药医疗,#DC2626,SZ,159898,医疗器械ETF招商,名称关键词
医药医疗,#DC2626,SZ,159929,医药ETF汇添富,名称关键词
医药医疗,#DC2626,SZ,159938,医药ETF广发,名称关键词
医药医疗,#DC2626,SZ,159992,创新药ETF银华,名称关键词
地产基建,#A16207,SH,512200,地产ETF,名称关键词
地产基建,#A16207,SH,515060,华夏地产,名称关键词
地产基建,#A16207,SH,516950,基建ETF,名称关键词
地产基建,#A16207,SH,516970,基建50,名称关键词
地产基建,#A16207,SZ,159619,基建ETF国泰,名称关键词
地产基建,#A16207,SZ,159635,基建ETF华夏,名称关键词
地产基建,#A16207,SZ,159707,地产ETF华宝,名称关键词
地产基建,#A16207,SZ,159768,房地产ETF银华,名称关键词
新能源,#16A34A,SH,512460,电池主题,名称关键词
新能源,#16A34A,SH,515030,新汽车,人工映射
新能源,#16A34A,SH,515370,中证光伏,名称关键词
新能源,#16A34A,SH,515790,光伏ETF,人工映射
新能源,#16A34A,SH,516090,新能源E,名称关键词
新能源,#16A34A,SH,516160,新能源,人工映射
新能源,#16A34A,SH,516180,光伏产业,名称关键词
新能源,#16A34A,SH,516230,光伏招商,名称关键词
新能源,#16A34A,SH,516270,新能源50,名称关键词
新能源,#16A34A,SH,516290,光伏基金,名称关键词
新能源,#16A34A,SH,516580,新能源BS,名称关键词
新能源,#16A34A,SH,516850,新能源80,名称关键词
新能源,#16A34A,SH,516880,光伏50,名称关键词
新能源,#16A34A,SH,560230,光伏富国,名称关键词
新能源,#16A34A,SH,560310,光伏博时,名称关键词
新能源,#16A34A,SH,560410,电池鹏华,名称关键词
新能源,#16A34A,SH,560910,中证电池,名称关键词
新能源,#16A34A,SH,560980,光伏龙头,名称关键词
新能源,#16A34A,SH,561160,锂电池,名称关键词
新能源,#16A34A,SH,561410,光伏工银,名称关键词
新能源,#16A34A,SH,561910,电池ETF,名称关键词
新能源,#16A34A,SH,562880,电池基金,名称关键词
新能源,#16A34A,SH,562970,光伏E,名称关键词
新能源,#16A34A,SZ,158008,新能源电池ETF华夏,名称关键词
新能源,#16A34A,SZ,158019,电池ETF永赢,名称关键词
新能源,#16A34A,SZ,159052,新能源电池ETF嘉实,名称关键词
新能源,#16A34A,SZ,159071,新能源电池ETF华宝,名称关键词
新能源,#16A34A,SZ,159077,电池ETF鑫元,名称关键词
新能源,#16A34A,SZ,159123,光伏ETF嘉实,名称关键词
新能源,#16A34A,SZ,159147,电池ETF南方,名称关键词
新能源,#16A34A,SZ,159155,电池ETF大成,名称关键词
新能源,#16A34A,SZ,159156,电池ETF万家,名称关键词
新能源,#16A34A,SZ,159160,电池ETF东财,名称关键词
新能源,#16A34A,SZ,159175,电池ETF易方达,名称关键词
新能源,#16A34A,SZ,159183,新能源车ETF招商,名称关键词
新能源,#16A34A,SZ,159193,新能源电池ETF银华,名称关键词
新能源,#16A34A,SZ,159305,储能电池ETF广发,名称关键词
新能源,#16A34A,SZ,159566,储能电池ETF易方达,名称关键词
新能源,#16A34A,SZ,159609,光伏ETF浦银,名称关键词
新能源,#16A34A,SZ,159618,光伏ETF华安,名称关键词
新能源,#16A34A,SZ,159637,新能源车ETF东财,名称关键词
新能源,#16A34A,SZ,159752,新能源ETF申万菱信,名称关键词
新能源,#16A34A,SZ,159755,电池ETF广发,名称关键词
新能源,#16A34A,SZ,159757,电池ETF景顺,名称关键词
新能源,#16A34A,SZ,159767,电池龙头ETF兴银,名称关键词
新能源,#16A34A,SZ,159775,电池ETF建信,名称关键词
新能源,#16A34A,SZ,159796,电池ETF汇添富,名称关键词
新能源,#16A34A,SZ,159806,新能源车ETF国泰,名称关键词
新能源,#16A34A,SZ,159824,新能源车ETF博时,名称关键词
新能源,#16A34A,SZ,159840,锂电池ETF工银,名称关键词
新能源,#16A34A,SZ,159857,光伏ETF天弘,名称关键词
新能源,#16A34A,SZ,159863,光伏ETF鹏华,名称关键词
新能源,#16A34A,SZ,159864,光伏ETF国泰,名称关键词
新能源,#16A34A,SZ,159875,新能源ETF嘉实,名称关键词
汽车,#0891B2,SH,515250,智能汽车,名称关键词
汽车,#0891B2,SH,516110,汽车ETF,名称关键词
汽车,#0891B2,SH,516590,电动汽车,名称关键词
汽车,#0891B2,SH,516660,新能汽车,名称关键词
汽车,#0891B2,SH,516840,汽车基金,名称关键词
汽车,#0891B2,SH,520720,香港汽车,名称关键词
汽车,#0891B2,SH,520730,汽车WJ,名称关键词
汽车,#0891B2,SH,562700,汽车零件,名称关键词
汽车,#0891B2,SZ,159306,汽车零部件ETF平安,名称关键词
汽车,#0891B2,SZ,159512,汽车ETF广发,名称关键词
汽车,#0891B2,SZ,159565,汽车零部件ETF易方达,名称关键词
汽车,#0891B2,SZ,159720,智能车ETF泰康,名称关键词
汽车,#0891B2,SZ,159795,智能汽车ETF汇添富,名称关键词
汽车,#0891B2,SZ,159872,智能网联汽车ETF鹏华,名称关键词
汽车,#0891B2,SZ,159888,智能汽车ETF华夏,名称关键词
汽车,#0891B2,SZ,159889,智能汽车ETF国泰,名称关键词
消费,#EA580C,SH,510150,消费ETF,名称关键词
消费,#EA580C,SH,510630,消费30,名称关键词
消费,#EA580C,SH,512430,家电家居,名称关键词
消费,#EA580C,SH,512450,广发养殖,名称关键词
消费,#EA580C,SH,512600,必选消费,名称关键词
消费,#EA580C,SH,512690,酒ETF,人工映射
消费,#EA580C,SH,513070,HK消费50,名称关键词
消费,#EA580C,SH,513590,香港消费,名称关键词
消费,#EA580C,SH,515170,食品饮料,名称关键词
消费,#EA580C,SH,515640,家电指数,名称关键词
消费,#EA580C,SH,515650,消费50,名称关键词
消费,#EA580C,SH,515710,食品ETF,名称关键词
消费,#EA580C,SH,515730,家居家电,名称关键词
消费,#EA580C,SH,515840,食品南方,名称关键词
消费,#EA580C,SH,515920,智能消费,名称关键词
消费,#EA580C,SH,516130,消费龙头,名称关键词
消费,#EA580C,SH,516670,畜牧养殖,名称关键词
消费,#EA580C,SH,516760,养殖ETF,名称关键词
消费,#EA580C,SH,516900,食品50,名称关键词
消费,#EA580C,SH,517550,消费主题,名称关键词
消费,#EA580C,SH,517760,消费TOP,名称关键词
消费,#EA580C,SH,517880,品牌消费,名称关键词
消费,#EA580C,SH,520520,HK消费,名称关键词
消费,#EA580C,SH,560130,食品基金,名称关键词
消费,#EA580C,SH,560160,食品E,名称关键词
消费,#EA580C,SH,560320,食品富国,名称关键词
消费,#EA580C,SH,560420,食品Q,名称关键词
消费,#EA580C,SH,560680,龙头消费,名称关键词
消费,#EA580C,SH,560880,家电基金,名称关键词
消费,#EA580C,SH,561020,食品招商,名称关键词
消费,#EA580C,SH,561120,家电ETF,名称关键词
消费,#EA580C,SH,561400,鑫元养殖,名称关键词
消费,#EA580C,SH,562510,旅游ETF,名称关键词
消费,#EA580C,SH,562580,可选消费,名称关键词
消费,#EA580C,SH,563850,食品广发,名称关键词
消费,#EA580C,SZ,159007,养殖ETF华泰柏瑞,名称关键词
消费,#EA580C,SZ,159011,养殖ETF华安,名称关键词
消费,#EA580C,SZ,159020,养殖ETF易方达,名称关键词
消费,#EA580C,SZ,159023,养殖ETF万家,名称关键词
消费,#EA580C,SZ,159027,畜牧养殖ETF大成,名称关键词
消费,#EA580C,SZ,159043,食品ETF华安,名称关键词
消费,#EA580C,SZ,159151,食品ETF华夏,名称关键词
消费,#EA580C,SZ,159165,养殖ETF永赢,名称关键词
消费,#EA580C,SZ,159172,养殖ETF汇添富,名称关键词
消费,#EA580C,SZ,159176,家电ETF华宝,名称关键词
消费,#EA580C,SZ,159182,家电ETF南方,名称关键词
消费,#EA580C,SZ,159192,家电ETF汇添富,名称关键词
消费,#EA580C,SZ,159328,家电ETF易方达,名称关键词
消费,#EA580C,SZ,159520,消费龙头ETF工银,名称关键词
消费,#EA580C,SZ,159670,消费50ETF国联安,名称关键词
消费,#EA580C,SZ,159672,消费ETF博时,名称关键词
消费,#EA580C,SZ,159689,消费ETF南方,名称关键词
消费,#EA580C,SZ,159725,线上消费ETF工银,名称关键词
消费,#EA580C,SZ,159728,在线消费ETF南方,名称关键词
消费,#EA580C,SZ,159730,家电ETF博时,名称关键词
消费,#EA580C,SZ,159736,食品饮料ETF天弘,名称关键词
消费,#EA580C,SZ,159766,旅游ETF富国,人工映射
消费,#EA580C,SZ,159793,线上消费ETF平安,名称关键词
消费,#EA580C,SZ,159798,消费ETF易方达,名称关键词
消费,#EA580C,SZ,159843,食品饮料ETF招商,名称关键词
消费,#EA580C,SZ,159862,食品饮料ETF银华,名称关键词
消费,#EA580C,SZ,159865,养殖ETF国泰,名称关键词
消费,#EA580C,SZ,159867,养殖ETF鹏华,名称关键词
消费,#EA580C,SZ,159928,消费ETF汇添富,人工映射
消费,#EA580C,SZ,159936,可选消费ETF广发,名称关键词
消费,#EA580C,SZ,159996,家电ETF国泰,名称关键词
科技,#2563EB,SH,512480,半导体,人工映射
科技,#2563EB,SH,512720,计算机,名称关键词
科技,#2563EB,SH,512760,芯片ETF,名称关键词
科技,#2563EB,SH,512930,AIETF,名称关键词
科技,#2563EB,SH,512980,传媒ETF,名称关键词
科技,#2563EB,SH,513040,HK互联网,名称关键词
科技,#2563EB,SH,513220,互联网30,名称关键词
科技,#2563EB,SH,513310,中韩芯片,名称关键词
科技,#2563EB,SH,515070,AI智能,名称关键词
科技,#2563EB,SH,515230,软件ETF,名称关键词
科技,#2563EB,SH,515260,电子ETF,名称关键词
科技,#2563EB,SH,515320,电子50,名称关键词
科技,#2563EB,SH,515400,大数据,名称关键词
科技,#2563EB,SH,515880,通信ETF,名称关键词
科技,#2563EB,SH,515980,人工智能,名称关键词
科技,#2563EB,SH,516350,芯片50,名称关键词
科技,#2563EB,SH,516510,云计算,名称关键词
科技,#2563EB,SH,516630,云计算50,名称关键词
科技,#2563EB,SH,516640,芯片龙头,名称关键词
科技,#2563EB,SH,516920,芯片基金,名称关键词
科技,#2563EB,SH,517050,互联网50,名称关键词
科技,#2563EB,SH,517130,云计算JS,名称关键词
科技,#2563EB,SH,517200,互联网,名称关键词
科技,#2563EB,SH,517230,云计算MW,名称关键词
科技,#2563EB,SH,517390,云计算AH,名称关键词
科技,#2563EB,SH,517770,游戏传媒,名称关键词
科技,#2563EB,SH,517800,AI50,名称关键词
科技,#2563EB,SH,520650,互联网HK,名称关键词
科技,#2563EB,SH,520790,港互联网,名称关键词
科技,#2563EB,SH,560360,软件指数,名称关键词
科技,#2563EB,SH,560630,机器人WJ,名称关键词
科技,#2563EB,SH,560770,机器人ZS,名称关键词
科技,#2563EB,SH,560790,软件服务,名称关键词
科技,#2563EB,SH,560850,信创50,名称关键词
科技,#2563EB,SH,561010,软件开发,名称关键词
科技,#2563EB,SH,561100,电子龙头,名称关键词
科技,#2563EB,SH,561460,AITH,名称关键词
科技,#2563EB,SH,561600,消费电子,名称关键词
科技,#2563EB,SH,561980,芯片设备,名称关键词
科技,#2563EB,SH,562030,信创基金,名称关键词
科技,#2563EB,SH,562360,机器人YH,名称关键词
科技,#2563EB,SH,562500,机器人,名称关键词
科技,#2563EB,SH,562570,信创ETF,名称关键词
科技,#2563EB,SH,562930,软件30,名称关键词
科技,#2563EB,SH,588200,科创芯片,名称关键词
科技,#2563EB,SH,588290,芯片科创,名称关键词
科技,#2563EB,SH,588410,双创AI,名称关键词
科技,#2563EB,SH,588420,AI双创,名称关键词
科技,#2563EB,SH,588430,科创创AI,名称关键词
科技,#2563EB,SH,588480,AI50双创,名称关键词
科技,#2563EB,SH,588530,AIBOCI,名称关键词
科技,#2563EB,SH,588710,科半导体,名称关键词
科技,#2563EB,SH,588730,科创AI,名称关键词
科技,#2563EB,SH,588760,AI科创,名称关键词
科技,#2563EB,SH,588780,芯片设计,名称关键词
科技,#2563EB,SH,588920,KC芯片,名称关键词
科技,#2563EB,SH,588930,科创板AI,名称关键词
科技,#2563EB,SH,588990,科芯片,名称关键词
科技,#2563EB,SH,589010,科创AI指,名称关键词
科技,#2563EB,SH,589020,KC半导体,名称关键词
科技,#2563EB,SH,589090,KCAI,名称关键词
科技,#2563EB,SH,589100,国泰芯片,名称关键词
科技,#2563EB,SH,589110,科AI国泰,名称关键词
科技,#2563EB,SH,589160,科芯片GF,名称关键词
科技,#2563EB,SH,589230,AI科创CS,名称关键词
科技,#2563EB,SH,589290,芯片主题,名称关键词
科技,#2563EB,SH,589350,科芯片指,名称关键词
科技,#2563EB,SH,589380,AI科创指,名称关键词
科技,#2563EB,SH,589410,科创AIJS,名称关键词
科技,#2563EB,SH,589430,N科芯片,名称关键词
科技,#2563EB,SH,589520,AI科创板,名称关键词
科技,#2563EB,SH,589560,科创AITF,名称关键词
科技,#2563EB,SZ,158012,云计算ETF南方,名称关键词
科技,#2563EB,SZ,158027,工业互联网ETF易方达,名称关键词
科技,#2563EB,SZ,159013,工业互联网ETF大成,名称关键词
科技,#2563EB,SZ,159035,软件ETF天弘,名称关键词
科技,#2563EB,SZ,159036,软件开发ETF华宝,名称关键词
科技,#2563EB,SZ,159039,机器人ETF华安,名称关键词
科技,#2563EB,SZ,159048,机器人ETF大成,名称关键词
科技,#2563EB,SZ,159050,机器人ETF广发,名称关键词
科技,#2563EB,SZ,159068,软件ETF华夏,名称关键词
科技,#2563EB,SZ,159075,工业互联网ETF华夏,名称关键词
科技,#2563EB,SZ,159095,云计算ETF银华,名称关键词
科技,#2563EB,SZ,159099,云计算ETF华宝,名称关键词
科技,#2563EB,SZ,159108,工业软件ETF博时,名称关键词
科技,#2563EB,SZ,159145,工业软件ETF广发,名称关键词
科技,#2563EB,SZ,159153,消费电子ETF鹏华,名称关键词
科技,#2563EB,SZ,159178,消费电子ETF汇添富,名称关键词
科技,#2563EB,SZ,159180,软件ETF银华,名称关键词
科技,#2563EB,SZ,159213,机器人ETF汇添富,名称关键词
科技,#2563EB,SZ,159248,人工智能ETF万家,名称关键词
科技,#2563EB,SZ,159258,机器人ETF南方,名称关键词
科技,#2563EB,SZ,159272,机器人ETF富国,名称关键词
科技,#2563EB,SZ,159273,云计算ETF汇添富,名称关键词
科技,#2563EB,SZ,159278,机器人ETF鹏华,名称关键词
科技,#2563EB,SZ,159310,芯片ETF天弘,名称关键词
科技,#2563EB,SZ,159325,半导体ETF南方,名称关键词
科技,#2563EB,SZ,159327,半导体设备ETF万家,名称关键词
科技,#2563EB,SZ,159507,通信ETF广发,名称关键词
科技,#2563EB,SZ,159511,通信ETF南方,名称关键词
科技,#2563EB,SZ,159516,半导体设备ETF国泰,名称关键词
科技,#2563EB,SZ,159526,机器人ETF嘉实,名称关键词
科技,#2563EB,SZ,159527,云计算ETF广发,名称关键词
科技,#2563EB,SZ,159530,机器人ETF易方达,名称关键词
科技,#2563EB,SZ,159537,信创ETF国泰,名称关键词
科技,#2563EB,SZ,159538,信创ETF富国,名称关键词
科技,#2563EB,SZ,159539,信创ETF广发,名称关键词
科技,#2563EB,SZ,159540,信创ETF易方达,名称关键词
科技,#2563EB,SZ,159550,互联网ETF东财,名称关键词
科技,#2563EB,SZ,159551,机器人ETF国泰,名称关键词
科技,#2563EB,SZ,159558,半导体设备ETF易方达,名称关键词
科技,#2563EB,SZ,159559,机器人ETF景顺,名称关键词
科技,#2563EB,SZ,159560,芯片ETF景顺,名称关键词
科技,#2563EB,SZ,159582,半导体ETF博时,名称关键词
科技,#2563EB,SZ,159583,通信ETF富国,名称关键词
科技,#2563EB,SZ,159586,计算机ETF南方,名称关键词
科技,#2563EB,SZ,159590,软件ETF汇添富,名称关键词
科技,#2563EB,SZ,159599,芯片ETF东财,名称关键词
科技,#2563EB,SZ,159607,中概互联网ETF嘉实,名称关键词
科技,#2563EB,SZ,159665,半导体龙头ETF工银,名称关键词
科技,#2563EB,SZ,159695,通信ETF嘉实,名称关键词
科技,#2563EB,SZ,159729,互联网ETF汇添富,名称关键词
科技,#2563EB,SZ,159732,消费电子ETF华夏,名称关键词
科技,#2563EB,SZ,159733,消费电子50ETF,名称关键词
科技,#2563EB,SZ,159738,云计算ETF华泰柏瑞,名称关键词
科技,#2563EB,SZ,159739,云计算ETF鹏华,名称关键词
科技,#2563EB,SZ,159769,消费电子龙头ETF,名称关键词
科技,#2563EB,SZ,159770,机器人ETF天弘,名称关键词
科技,#2563EB,SZ,159778,工业互联网ETF鹏华,名称关键词
科技,#2563EB,SZ,159779,消费电子ETF招商,名称关键词
科技,#2563EB,SZ,159801,芯片ETF广发,名称关键词
科技,#2563EB,SZ,159805,传媒ETF鹏华,名称关键词
科技,#2563EB,SZ,159813,半导体ETF鹏华,名称关键词
科技,#2563EB,SZ,159819,人工智能ETF易方达,名称关键词
科技,#2563EB,SZ,159852,软件ETF嘉实,名称关键词
科技,#2563EB,SZ,159856,互联网龙头ETF工银,名称关键词
科技,#2563EB,SZ,159890,云计算ETF招商,名称关键词
科技,#2563EB,SZ,159899,软件ETF招商,名称关键词
科技,#2563EB,SZ,159994,通信ETF银华,名称关键词
科技,#2563EB,SZ,159995,芯片ETF华夏,名称关键词
科技,#2563EB,SZ,159997,电子ETF天弘,名称关键词
科技,#2563EB,SZ,159998,计算机ETF天弘,名称关键词
资源周期,#92400E,SH,510410,资源ETF,名称关键词
资源周期,#92400E,SH,512400,有色ETF,名称关键词
资源周期,#92400E,SH,512940,有色矿业,名称关键词
资源周期,#92400E,SH,513350,油气ETF,名称关键词
资源周期,#92400E,SH,515210,钢铁ETF,名称关键词
资源周期,#92400E,SH,515220,煤炭ETF,名称关键词
资源周期,#92400E,SH,516020,化工ETF,名称关键词
资源周期,#92400E,SH,516120,化工50,名称关键词
资源周期,#92400E,SH,516150,稀土基金,名称关键词
资源周期,#92400E,SH,516220,化工龙头,名称关键词
资源周期,#92400E,SH,516360,新材料,名称关键词
资源周期,#92400E,SH,516480,新材料基,名称关键词
资源周期,#92400E,SH,516650,有色50,名称关键词
资源周期,#92400E,SH,516690,化工产业,名称关键词
资源周期,#92400E,SH,516710,新材料50,名称关键词
资源周期,#92400E,SH,516780,稀土ETF,名称关键词
资源周期,#92400E,SH,560290,景顺有色,名称关键词
资源周期,#92400E,SH,560470,有色E,名称关键词
资源周期,#92400E,SH,560490,华泰有色,名称关键词
资源周期,#92400E,SH,560860,工业有色,名称关键词
资源周期,#92400E,SH,560870,中银有色,名称关键词
资源周期,#92400E,SH,560970,有色金属,名称关键词
资源周期,#92400E,SH,561360,石油ETF,名称关键词
资源周期,#92400E,SH,561570,油气基金,名称关键词
资源周期,#92400E,SH,561620,华泰化工,名称关键词
资源周期,#92400E,SH,561760,油气博时,名称关键词
资源周期,#92400E,SH,561830,有色GTHT,名称关键词
资源周期,#92400E,SH,562590,半导材料,名称关键词
资源周期,#92400E,SH,563150,油气资源,名称关键词
资源周期,#92400E,SH,588010,科创材料,名称关键词
资源周期,#92400E,SZ,158006,化工ETF博时,名称关键词
资源周期,#92400E,SZ,158017,化工ETF易方达,名称关键词
资源周期,#92400E,SZ,159017,石油ETF工银,名称关键词
资源周期,#92400E,SZ,159018,石油ETF广发,名称关键词
资源周期,#92400E,SZ,159019,石油ETF华宝,名称关键词
资源周期,#92400E,SZ,159026,石油ETF南方,名称关键词
资源周期,#92400E,SZ,159029,有色ETF广发,名称关键词
资源周期,#92400E,SZ,159032,工业有色ETF易方达,名称关键词
资源周期,#92400E,SZ,159049,有色ETF工银,名称关键词
资源周期,#92400E,SZ,159082,化工ETF华夏,名称关键词
资源周期,#92400E,SZ,159087,化工ETF万家,名称关键词
资源周期,#92400E,SZ,159093,化工ETF汇添富,名称关键词
资源周期,#92400E,SZ,159129,化工ETF嘉实,名称关键词
资源周期,#92400E,SZ,159133,化工ETF天弘,名称关键词
资源周期,#92400E,SZ,159148,石油ETF富国,名称关键词
资源周期,#92400E,SZ,159157,有色金属ETF天弘,名称关键词
资源周期,#92400E,SZ,159162,工业有色ETF鹏华,名称关键词
资源周期,#92400E,SZ,159163,有色ETF泰康,名称关键词
资源周期,#92400E,SZ,159168,有色ETF富国,名称关键词
资源周期,#92400E,SZ,159171,工业有色ETF博时,名称关键词
资源周期,#92400E,SZ,159181,石油ETF易方达,名称关键词
资源周期,#92400E,SZ,159189,石油ETF华夏,名称关键词
资源周期,#92400E,SZ,159195,石油ETF华安,名称关键词
资源周期,#92400E,SZ,159197,石油ETF招商,名称关键词
资源周期,#92400E,SZ,159199,石油ETF平安,名称关键词
资源周期,#92400E,SZ,159309,油气ETF汇添富,名称关键词
资源周期,#92400E,SZ,159588,石油ETF景顺,名称关键词
资源周期,#92400E,SZ,159652,有色ETF汇添富,名称关键词
资源周期,#92400E,SZ,159690,有色矿业ETF招商,名称关键词
资源周期,#92400E,SZ,159693,有色矿业ETF,名称关键词
资源周期,#92400E,SZ,159697,石油ETF鹏华,名称关键词
资源周期,#92400E,SZ,159703,新材料ETF天弘,名称关键词
资源周期,#92400E,SZ,159713,稀土ETF富国,名称关键词
资源周期,#92400E,SZ,159715,稀土ETF易方达,名称关键词
资源周期,#92400E,SZ,159761,新材料ETF国泰,名称关键词
资源周期,#92400E,SZ,159763,新材料ETF建信,名称关键词
资源周期,#92400E,SZ,159870,化工ETF鹏华,名称关键词
资源周期,#92400E,SZ,159871,有色ETF银华,名称关键词
资源周期,#92400E,SZ,159876,有色ETF华宝,名称关键词
资源周期,#92400E,SZ,159880,有色ETF鹏华,名称关键词
资源周期,#92400E,SZ,159881,有色金属ETF国泰,名称关键词
资源周期,#92400E,SZ,159944,材料ETF广发,名称关键词
资源周期,#92400E,SZ,159980,有色ETF大成,名称关键词
资源周期,#92400E,SZ,159981,能源化工ETF建信,名称关键词
金融,#7C3AED,SH,510200,上证券商,名称关键词
金融,#7C3AED,SH,510230,金融ETF,名称关键词
金融,#7C3AED,SH,510650,金融行业,名称关键词
金融,#7C3AED,SH,512000,券商ETF,人工映射
金融,#7C3AED,SH,512070,证券保险,名称关键词
金融,#7C3AED,SH,512410,银行广发,名称关键词
金融,#7C3AED,SH,512570,中证证券,名称关键词
金融,#7C3AED,SH,512640,金融地产,名称关键词
金融,#7C3AED,SH,512700,银行基金,名称关键词
金融,#7C3AED,SH,512730,银行FUND,名称关键词
金融,#7C3AED,SH,512800,银行ETF,人工映射
金融,#7C3AED,SH,512820,银行股基,名称关键词
金融,#7C3AED,SH,512880,证券ETF,人工映射
金融,#7C3AED,SH,512900,证券基金,名称关键词
金融,#7C3AED,SH,513090,香港证券,名称关键词
金融,#7C3AED,SH,515010,华夏证券,名称关键词
金融,#7C3AED,SH,515020,银行指数,名称关键词
金融,#7C3AED,SH,515280,银行龙头,名称关键词
金融,#7C3AED,SH,515290,银行,名称关键词
金融,#7C3AED,SH,515560,证券E,名称关键词
金融,#7C3AED,SH,515630,保险证券,名称关键词
金融,#7C3AED,SH,515850,证券龙头,名称关键词
金融,#7C3AED,SH,516100,科技金融,名称关键词
金融,#7C3AED,SH,516200,证券行业,名称关键词
金融,#7C3AED,SH,516210,银行股,名称关键词
金融,#7C3AED,SH,516310,银行指基,名称关键词
金融,#7C3AED,SH,516730,证券公司,名称关键词
金融,#7C3AED,SH,516860,金融科技,名称关键词
金融,#7C3AED,SH,516980,证券先锋,名称关键词
金融,#7C3AED,SH,517900,银行优选,名称关键词
金融,#7C3AED,SH,560090,证券指数,名称关键词
金融,#7C3AED,SH,560400,证券华泰,名称关键词
金融,#7C3AED,SH,560670,中证银行,名称关键词
金融,#7C3AED,SH,561530,银华银行,名称关键词
金融,#7C3AED,SH,562870,证券全指,名称关键词
金融,#7C3AED,SH,563570,金融科,名称关键词
金融,#7C3AED,SZ,159008,证券ETF景顺,名称关键词
金融,#7C3AED,SZ,159016,证券ETF广发,名称关键词
金融,#7C3AED,SZ,159058,证券ETF大成,名称关键词
金融,#7C3AED,SZ,159086,金融科技ETF广发,名称关键词
金融,#7C3AED,SZ,159103,金融科技ETF汇添富,名称关键词
金融,#7C3AED,SZ,159253,银行ETF博时,名称关键词
金融,#7C3AED,SZ,159260,证券ETF博时,名称关键词
金融,#7C3AED,SZ,159299,金融科技ETF易方达,名称关键词
金融,#7C3AED,SZ,159692,证券ETF东财,名称关键词
金融,#7C3AED,SZ,159841,证券ETF天弘,名称关键词
金融,#7C3AED,SZ,159842,券商ETF银华,名称关键词
金融,#7C3AED,SZ,159848,证券ETF国联安,名称关键词
金融,#7C3AED,SZ,159851,金融科技ETF华宝,名称关键词
金融,#7C3AED,SZ,159887,银行ETF富国,名称关键词
金融,#7C3AED,SZ,159931,金融地产ETF汇添富,名称关键词
金融,#7C3AED,SZ,159933,金融地产ETF国投瑞银,名称关键词
金融,#7C3AED,SZ,159940,金融地产ETF广发,名称关键词
金融,#7C3AED,SZ,159993,证券ETF鹏华,名称关键词
高端制造,#4F46E5,SH,512420,机械华安,名称关键词
高端制造,#4F46E5,SH,515970,华夏机械,名称关键词
高端制造,#4F46E5,SH,516250,富国机械,名称关键词
高端制造,#4F46E5,SH,516440,南方机械,名称关键词
高端制造,#4F46E5,SH,516800,智能制造,名称关键词
高端制造,#4F46E5,SH,516960,机械ETF,名称关键词
高端制造,#4F46E5,SH,560280,工程机械,名称关键词
高端制造,#4F46E5,SH,560920,招商机械,名称关键词
高端制造,#4F46E5,SH,561030,机械华泰,名称关键词
高端制造,#4F46E5,SH,588850,科创机械,名称关键词
高端制造,#4F46E5,SZ,158005,工程机械ETF博时,名称关键词
高端制造,#4F46E5,SZ,159065,工程机械ETF景顺,名称关键词
高端制造,#4F46E5,SZ,159070,工程机械ETF嘉实,名称关键词
高端制造,#4F46E5,SZ,159138,工程机械ETF易方达,名称关键词
高端制造,#4F46E5,SZ,159161,工程机械ETF东财,名称关键词
高端制造,#4F46E5,SZ,159177,工程机械ETF鹏华,名称关键词
高端制造,#4F46E5,SZ,159542,工程机械ETF大成,名称关键词
高端制造,#4F46E5,SZ,159663,机床ETF华夏,名称关键词
高端制造,#4F46E5,SZ,159667,工业母机ETF国泰,名称关键词
高端制造,#4F46E5,SZ,159886,机械ETF富国,名称关键词
