market,code,name,industry,plot_industry,classification_rule
SZ,159983,粤港澳大湾区ETF,,区域主题,固定类别/排除词
SZ,159710,智能电车ETF,,待人工确认,名称关键词
SZ,159733,消费电子50ETF,,科技,名称关键词
SH,512320,工银MSCI,,港股/海外,固定类别/排除词
SH,517270,科技TOP,,待人工确认,名称关键词
SH,517760,消费TOP,,消费,名称关键词
SZ,159646,疫苗ETF基金,,医药医疗,名称关键词
SZ,159693,有色矿业ETF,,资源周期,名称关键词
SH,515670,中银100,,待人工确认,名称关键词
SZ,159769,消费电子龙头ETF,,科技,名称关键词
SZ,159990,小盘价值ETF,,策略类,固定类别/排除词
SZ,159503,财富管理ETF,,待人工确认,名称关键词
SZ,159823,H股ETF基金,,港股/海外,固定类别/排除词
SH,517280,网购ETF,,待人工确认,名称关键词
SH,516690,化工产业,,资源周期,名称关键词
SZ,159522,国证2000ETF景顺,,宽基/综合指数,宽基关键词/人工映射
SZ,159987,科技创新ETF,,待人工确认,名称关键词
SH,517960,科技AH,,待人工确认,名称关键词
SH,561710,疫苗,,医药医疗,名称关键词
SH,515280,银行龙头,,金融,名称关键词
SH,513960,港股消费,,港股/海外,固定类别/排除词
SZ,159683,运输ETF,,待人工确认,名称关键词
SZ,159579,深主板50ETF华安,,宽基/综合指数,宽基关键词/人工映射
SH,515780,浦银MSCI,,港股/海外,固定类别/排除词
SH,560960,碳60ETF,,待人工确认,名称关键词
SH,562260,汽配ETF,,待人工确认,名称关键词
SH,512280,景顺MSCI,,港股/海外,固定类别/排除词
SH,516480,新材料基,,资源周期,名称关键词
SZ,159969,深100ETF银华,,待人工确认,名称关键词
SH,560890,红利DB,,策略类,固定类别/排除词
SH,560000,智慧电车,,待人工确认,名称关键词
SH,560650,核心50,,待人工确认,名称关键词
SZ,159156,电池ETF万家,,新能源,名称关键词
SZ,159508,生物医药ETF华安,,医药医疗,名称关键词
SZ,159157,有色金属ETF天弘,,资源周期,名称关键词
SZ,159323,港股通汽车ETF华夏,,港股/海外,固定类别/排除词
SZ,159633,中证1000ETF易方达,,宽基/综合指数,宽基关键词/人工映射
SZ,159750,港股科技50ETF招商,,港股/海外,固定类别/排除词
SZ,159751,港股通科技ETF鹏华,,港股/海外,固定类别/排除词
SZ,159178,消费电子ETF汇添富,,科技,名称关键词
SZ,159730,家电ETF博时,,消费,名称关键词
SZ,159398,信用债ETF天弘,,债券/货币,固定类别/排除词
SZ,159565,汽车零部件ETF易方达,,汽车,名称关键词
SH,510100,SZ50ETF,,待人工确认,名称关键词
SZ,159507,通信ETF广发,,科技,名称关键词
SZ,159557,恒生医疗ETF嘉实,,港股/海外,固定类别/排除词
SZ,159158,电力ETF景顺,,公用事业,名称关键词
SZ,159748,创新药ETF富国,,医药医疗,名称关键词
SZ,159806,新能源车ETF国泰,,新能源,名称关键词
SZ,159177,工程机械ETF鹏华,,高端制造,名称关键词
SZ,159396,信用债ETF博时,,债券/货币,固定类别/排除词
SZ,159616,农牧ETF建信,,待人工确认,名称关键词
SZ,159159,公用事业ETF国投瑞银,,公用事业,名称关键词
SZ,159506,港股通创新药医疗ETF富国,,港股/海外,固定类别/排除词
SZ,159747,香港科技ETF南方,,待人工确认,名称关键词
SH,510060,央企ETF,,区域主题,固定类别/排除词
SZ,159296,A500红利低波ETF华宝,,宽基/综合指数,宽基关键词/人工映射
SZ,159556,中证2000增强ETF平安,,宽基/综合指数,宽基关键词/人工映射
SZ,159297,港股通创新药ETF南方,,港股/海外,固定类别/排除词
SZ,159639,碳中和ETF南方,,待人工确认,名称关键词
SZ,159149,创业板新能源ETF工银,,宽基/综合指数,宽基关键词/人工映射
SZ,159181,石油ETF易方达,,资源周期,名称关键词
SZ,159816,0-4年地方债ETF鹏华,,债券/货币,固定类别/排除词
SZ,159150,深证50ETF易方达,,待人工确认,名称关键词
SZ,159758,红利质量ETF华夏,,策略类,固定类别/排除词
SZ,159728,在线消费ETF南方,,消费,名称关键词
SZ,159553,中证2000增强ETF海富通,,宽基/综合指数,宽基关键词/人工映射
SZ,159511,通信ETF南方,,科技,名称关键词
SZ,159151,食品ETF华夏,,消费,名称关键词
SZ,159395,信用债ETF大成,,债券/货币,固定类别/排除词
SZ,159298,创业板50ETF大成,,宽基/综合指数,宽基关键词/人工映射
SZ,159757,电池ETF景顺,,新能源,名称关键词
SZ,159155,电池ETF大成,,新能源,名称关键词
SZ,159322,黄金股ETF平安,,商品,固定类别/排除词
SZ,159617,中证500价值ETF华夏,,宽基/综合指数,宽基关键词/人工映射
SZ,159510,沪深300价值ETF华夏,,宽基/综合指数,宽基关键词/人工映射
SZ,159755,电池ETF广发,,新能源,名称关键词
SZ,159153,消费电子ETF鹏华,,科技,名称关键词
SZ,159555,中证2000增强ETF银华,,宽基/综合指数,宽基关键词/人工映射
SZ,159859,生物医药ETF天弘,,医药医疗,名称关键词
SZ,159180,软件ETF银华,,科技,名称关键词
SZ,159729,互联网ETF汇添富,,科技,名称关键词
SZ,159327,半导体设备ETF万家,,科技,名称关键词
SZ,159179,港股通互联网ETF工银,,港股/海外,固定类别/排除词
SZ,159752,新能源ETF申万菱信,,新能源,名称关键词
SZ,159509,纳指科技ETF景顺,,港股/海外,固定类别/排除词
SZ,159152,港股通科技ETF平安,,港股/海外,固定类别/排除词
SZ,159160,电池ETF东财,,新能源,名称关键词
SZ,159745,建材ETF国泰,,待人工确认,名称关键词
SZ,159558,半导体设备ETF易方达,,科技,名称关键词
SZ,159740,恒生科技ETF大成,,港股/海外,固定类别/排除词
SZ,159834,金ETF南方,,待人工确认,名称关键词
SZ,159168,有色ETF富国,,资源周期,名称关键词
SZ,159615,恒生生物科技ETF南方,,港股/海外,固定类别/排除词
SZ,159500,中证500ETF富国,,宽基/综合指数,宽基关键词/人工映射
SZ,159176,家电ETF华宝,,消费,名称关键词
SZ,159739,云计算ETF鹏华,,科技,名称关键词
SZ,159169,恒生生物科技ETF广发,,港股/海外,固定类别/排除词
SZ,159560,芯片ETF景顺,,科技,名称关键词
SZ,159840,锂电池ETF工银,,新能源,名称关键词
SZ,159637,新能源车ETF东财,,新能源,名称关键词
SZ,159170,港股通互联网ETF永赢,,港股/海外,固定类别/排除词
SZ,159292,创业板综增强ETF华宝,,宽基/综合指数,宽基关键词/人工映射
SZ,159738,云计算ETF华泰柏瑞,,科技,名称关键词
SZ,159561,德国ETF嘉实,,港股/海外,固定类别/排除词
SZ,159291,创业板综增强ETF招商,,宽基/综合指数,宽基关键词/人工映射
SZ,159171,工业有色ETF博时,,资源周期,名称关键词
SZ,159736,食品饮料ETF天弘,,消费,名称关键词
SZ,159290,创业板综指增强ETF东财,,宽基/综合指数,宽基关键词/人工映射
SZ,159172,养殖ETF汇添富,,消费,名称关键词
SZ,159399,现金流ETF国泰,,债券/货币,固定类别/排除词
SZ,159732,消费电子ETF华夏,,科技,名称关键词
SZ,159735,港股消费ETF银华,,港股/海外,固定类别/排除词
SZ,159175,电池ETF易方达,,新能源,名称关键词
SZ,159173,农牧ETF南方,,待人工确认,名称关键词
SZ,159562,黄金股ETF华夏,,商品,固定类别/排除词
SZ,159400,科创债ETF景顺,,债券/货币,固定类别/排除词
SZ,159563,创业板综ETF华夏,,宽基/综合指数,宽基关键词/人工映射
SZ,159167,港股通医疗ETF工银,,港股/海外,固定类别/排除词
SZ,159326,电网设备ETF华夏,,待人工确认,名称关键词
SH,510180,180ETF,,待人工确认,名称关键词
SZ,159638,航空航天ETF嘉实,,军工,名称关键词
SZ,159161,工程机械ETF东财,,高端制造,名称关键词
SZ,159505,国证2000ETF博时,,宽基/综合指数,宽基关键词/人工映射
SZ,159295,创业综指ETF西部利得,,待人工确认,名称关键词
SZ,159825,农业ETF富国,,农业,名称关键词
SZ,159162,工业有色ETF鹏华,,资源周期,名称关键词
SZ,159635,基建ETF华夏,,地产基建,名称关键词
SZ,159289,创业板综指ETF鹏华,,宽基/综合指数,宽基关键词/人工映射
SZ,159502,标普生物科技ETF嘉实,,港股/海外,固定类别/排除词
SZ,159805,传媒ETF鹏华,,科技,名称关键词
SZ,159163,有色ETF泰康,,资源周期,名称关键词
SZ,159613,信息安全ETF嘉实,,待人工确认,名称关键词
SZ,159397,信用债ETF广发,,债券/货币,固定类别/排除词
SZ,159743,湖北ETF博时,,待人工确认,名称关键词
SZ,159165,养殖ETF永赢,,消费,名称关键词
SZ,159293,创业板综增强ETF建信,,宽基/综合指数,宽基关键词/人工映射
SZ,159858,创新药ETF南方,,医药医疗,名称关键词
SZ,159731,石化ETF华夏,,待人工确认,名称关键词
SZ,159501,纳指ETF嘉实,,港股/海外,固定类别/排除词
SZ,159512,汽车ETF广发,,汽车,名称关键词
SZ,159742,恒生科技ETF博时,,港股/海外,固定类别/排除词
SZ,159559,机器人ETF景顺,,科技,名称关键词
SZ,159857,光伏ETF天弘,,新能源,名称关键词
SZ,159166,现金流ETF长城,,债券/货币,固定类别/排除词
SZ,159741,恒生科技ETF嘉实,,港股/海外,固定类别/排除词
SZ,159636,港股通科技30ETF工银,,港股/海外,固定类别/排除词
SZ,159325,半导体ETF南方,,科技,名称关键词
SZ,159760,医疗健康ETF泰康,,医药医疗,名称关键词
SZ,159659,纳斯达克100ETF招商,,待人工确认,名称关键词
SZ,159632,纳斯达克ETF华安,,待人工确认,名称关键词
SZ,159541,创业板综ETF万家,,宽基/综合指数,宽基关键词/人工映射
SZ,159122,创业板新能源ETF富国,,宽基/综合指数,宽基关键词/人工映射
SZ,159787,建材ETF易方达,,待人工确认,名称关键词
SZ,159307,红利低波100ETF博时,,策略类,固定类别/排除词
SZ,159528,国企改革ETF富国,,区域主题,固定类别/排除词
SZ,159540,信创ETF易方达,,科技,名称关键词
SZ,159527,云计算ETF广发,,科技,名称关键词
SZ,159863,光伏ETF鹏华,,新能源,名称关键词
SZ,159121,港股通汽车ETF易方达,,港股/海外,固定类别/排除词
SZ,159625,绿色电力ETF嘉实,,公用事业,名称关键词
SZ,159315,黄金股ETF工银,,商品,固定类别/排除词
SZ,159529,标普消费ETF景顺,,港股/海外,固定类别/排除词
SZ,159120,港股通科技ETF国联安,,港股/海外,固定类别/排除词
SZ,159790,碳中和ETF华夏,,待人工确认,名称关键词
SZ,159788,港股通100ETF易方达,,港股/海外,固定类别/排除词
SZ,159119,800现金流ETF招商,,债券/货币,固定类别/排除词
SZ,159786,VRETF银华,,待人工确认,名称关键词
SZ,159819,人工智能ETF易方达,,科技,名称关键词
SZ,159830,金ETF天弘,,待人工确认,名称关键词
SZ,159128,港股科技ETF天弘,,港股/海外,固定类别/排除词
SZ,159781,科创创业ETF易方达,,宽基/综合指数,宽基关键词/人工映射
SZ,159316,港股通创新药ETF易方达,,港股/海外,固定类别/排除词
SZ,159127,港股通红利ETF南方,,港股/海外,固定类别/排除词
SZ,159627,A100ETF华夏,,待人工确认,名称关键词
SZ,159123,光伏ETF嘉实,,新能源,名称关键词
SZ,159542,工程机械ETF大成,,高端制造,名称关键词
SZ,159126,港股通50ETF南方,,港股/海外,固定类别/排除词
SZ,159526,机器人ETF嘉实,,科技,名称关键词
SH,510090,ESG建信,,待人工确认,名称关键词
SZ,159306,汽车零部件ETF平安,,汽车,名称关键词
SZ,159125,港股通科技ETF招商,,港股/海外,固定类别/排除词
SZ,159783,科创创业50ETF华夏,,宽基/综合指数,宽基关键词/人工映射
SZ,159782,双创50ETF银华,,宽基/综合指数,宽基关键词/人工映射
SZ,159305,储能电池ETF广发,,新能源,名称关键词
SZ,159800,中证800ETF鹏华,,宽基/综合指数,宽基关键词/人工映射
SZ,159309,油气ETF汇添富,,资源周期,名称关键词
SZ,159622,创新药ETF东财,,医药医疗,名称关键词
SZ,159795,智能汽车ETF汇添富,,汽车,名称关键词
SZ,159112,科创债ETF银华,,债券/货币,固定类别/排除词
SZ,159533,中证2000ETF博时,,宽基/综合指数,宽基关键词/人工映射
SZ,159311,数字经济ETF易方达,,待人工确认,名称关键词
SZ,159536,中证2000ETF汇添富,,宽基/综合指数,宽基关键词/人工映射
SH,510040,上证180E,,宽基/综合指数,宽基关键词/人工映射
SZ,159111,科创债ETF天弘,,债券/货币,固定类别/排除词
SZ,159535,中证2000ETF嘉实,,宽基/综合指数,宽基关键词/人工映射
SZ,159841,证券ETF天弘,,金融,名称关键词
SZ,159828,医疗ETF国泰,,医药医疗,名称关键词
SZ,159864,光伏ETF国泰,,新能源,名称关键词
SZ,159797,医疗器械ETF汇添富,,医药医疗,名称关键词
SZ,159110,科创债ETF万家,,债券/货币,固定类别/排除词
SZ,159796,电池ETF汇添富,,新能源,名称关键词
SZ,159539,信创ETF广发,,科技,名称关键词
SZ,159537,信创ETF国泰,,科技,名称关键词
SZ,159793,线上消费ETF平安,,消费,名称关键词
SZ,159118,港股通红利低波ETF华夏,,港股/海外,固定类别/排除词
SZ,159530,机器人ETF易方达,,科技,名称关键词
SH,510200,上证券商,,金融,名称关键词
SZ,159623,成渝经济圈ETF博时,,待人工确认,名称关键词
SZ,159791,300ESGETF华夏,,待人工确认,名称关键词
SZ,159117,港股通红利低波ETF鹏华,,港股/海外,固定类别/排除词
SZ,159113,科创债ETF大成,,债券/货币,固定类别/排除词
SZ,159538,信创ETF富国,,科技,名称关键词
SZ,159116,科创债ETF工银,,债券/货币,固定类别/排除词
SZ,159792,港股通互联网ETF富国,,港股/海外,固定类别/排除词
SZ,159310,芯片ETF天弘,,科技,名称关键词
SZ,159312,恒指港股通ETF广发,,港股/海外,固定类别/排除词
SZ,159115,科创债ETF华安,,债券/货币,固定类别/排除词
SZ,159532,中证2000ETF易方达,,宽基/综合指数,宽基关键词/人工映射
SZ,159531,中证2000ETF南方,,宽基/综合指数,宽基关键词/人工映射
SZ,159148,石油ETF富国,,资源周期,名称关键词
SZ,159780,科创创业50ETF南方,,宽基/综合指数,宽基关键词/人工映射
SZ,159525,红利低波ETF富国,,策略类,固定类别/排除词
SZ,159515,国企红利ETF鹏扬,,策略类,固定类别/排除词
SZ,159550,互联网ETF东财,,科技,名称关键词
SZ,159767,电池龙头ETF兴银,,新能源,名称关键词
SZ,159861,碳中和50ETF国泰,,待人工确认,名称关键词
SZ,159142,科创创业人工智能ETF景顺,,宽基/综合指数,宽基关键词/人工映射
SZ,159516,半导体设备ETF国泰,,科技,名称关键词
SZ,159766,旅游ETF富国,消费,消费,人工映射
SZ,159549,红利低波ETF天弘,,策略类,固定类别/排除词
SZ,159141,科创创业人工智能ETF永赢,,宽基/综合指数,宽基关键词/人工映射
SZ,159300,沪深300ETF富国,,宽基/综合指数,宽基关键词/人工映射
SZ,159517,中证800增强ETF银华,,宽基/综合指数,宽基关键词/人工映射
SZ,159140,科创创业人工智能ETF易方达,,宽基/综合指数,宽基关键词/人工映射
SZ,159770,机器人ETF天弘,,科技,名称关键词
SZ,159630,A100ETF汇添富,,待人工确认,名称关键词
SZ,159768,房地产ETF银华,,地产基建,名称关键词
SZ,159320,电网设备ETF广发,,待人工确认,名称关键词
SZ,159143,港股通央企红利ETF平安,,港股/海外,固定类别/排除词
SZ,159321,黄金股ETF华安,,商品,固定类别/排除词
SZ,159804,创中盘88ETF国寿,,待人工确认,名称关键词
SZ,159831,金ETF嘉实,,待人工确认,名称关键词
SZ,159552,中证2000增强ETF招商,,宽基/综合指数,宽基关键词/人工映射
SH,510190,上证50基,,宽基/综合指数,宽基关键词/人工映射
SZ,159147,电池ETF南方,,新能源,名称关键词
SZ,159299,金融科技ETF易方达,,金融,名称关键词
SZ,159631,A100ETF招商,,待人工确认,名称关键词
SZ,159842,券商ETF银华,,金融,名称关键词
SZ,159146,电力ETF华宝,,公用事业,名称关键词
SZ,159551,机器人ETF国泰,,科技,名称关键词
SZ,159566,储能电池ETF易方达,,新能源,名称关键词
SZ,159618,光伏ETF华安,,新能源,名称关键词
SZ,159145,工业软件ETF广发,,科技,名称关键词
SZ,159763,新材料ETF建信,,资源周期,名称关键词
SZ,159761,新材料ETF国泰,,资源周期,名称关键词
SZ,159129,化工ETF嘉实,,资源周期,名称关键词
SZ,159139,科创创业人工智能ETF华泰柏瑞,,宽基/综合指数,宽基关键词/人工映射
SZ,159773,创业板科技ETF华泰柏瑞,,宽基/综合指数,宽基关键词/人工映射
SZ,159132,恒生生物科技ETF富国,,港股/海外,固定类别/排除词
SZ,159318,恒指港股通ETF银华,,港股/海外,固定类别/排除词
SZ,159521,国证2000ETF平安,,宽基/综合指数,宽基关键词/人工映射
SZ,159628,国证2000ETF万家,,宽基/综合指数,宽基关键词/人工映射
SZ,159303,恒生医疗ETF大成,,港股/海外,固定类别/排除词
SZ,159862,食品饮料ETF银华,,消费,名称关键词
SZ,159546,集成电路ETF国泰,,待人工确认,名称关键词
SZ,159778,工业互联网ETF鹏华,,科技,名称关键词
SZ,159131,港股通信息技术ETF华宝,,港股/海外,固定类别/排除词
SZ,159523,沪深300成长ETF华夏,,宽基/综合指数,宽基关键词/人工映射
SZ,159779,消费电子ETF招商,,科技,名称关键词
SZ,159130,恒生生物科技ETF鹏华,,港股/海外,固定类别/排除词
SZ,159620,中证500成长ETF华夏,,宽基/综合指数,宽基关键词/人工映射
SZ,159543,国证2000ETF工银,,宽基/综合指数,宽基关键词/人工映射
SZ,159545,恒生红利低波ETF易方达,,港股/海外,固定类别/排除词
SZ,159547,红利低波ETF华夏,,策略类,固定类别/排除词
SZ,159801,芯片ETF广发,,科技,名称关键词
SZ,159777,创科技ETF国联安,,待人工确认,名称关键词
SZ,159138,工程机械ETF易方达,,高端制造,名称关键词
SZ,159518,标普油气ETF嘉实,,港股/海外,固定类别/排除词
SZ,159301,公用事业ETF华夏,,公用事业,名称关键词
SZ,159619,基建ETF国泰,,地产基建,名称关键词
SZ,159775,电池ETF建信,,新能源,名称关键词
SZ,159137,港股通医疗ETF华宝,,港股/海外,固定类别/排除词
SZ,159133,化工ETF天弘,,资源周期,名称关键词
SZ,159519,港股国企ETF国泰,,港股/海外,固定类别/排除词
SZ,159136,A50ETF广发,,宽基/综合指数,宽基关键词/人工映射
SZ,159302,港股高股息ETF银华,,港股/海外,固定类别/排除词
SZ,159776,港股医药ETF银华,,港股/海外,固定类别/排除词
SZ,159827,农业ETF银华,,农业,名称关键词
SZ,159135,港股通科技ETF前海开源,,港股/海外,固定类别/排除词
SZ,159520,消费龙头ETF工银,,消费,名称关键词
SZ,159629,中证1000ETF富国,,宽基/综合指数,宽基关键词/人工映射
SZ,159513,纳斯达克100ETF大成,,待人工确认,名称关键词
SZ,159328,家电ETF易方达,,消费,名称关键词
SZ,159182,家电ETF南方,,消费,名称关键词
SZ,159236,自由现金流ETF工银,,债券/货币,固定类别/排除词
SZ,159591,A50ETF富国,,宽基/综合指数,宽基关键词/人工映射
SZ,159607,中概互联网ETF嘉实,,科技,名称关键词
SZ,159680,中证1000增强ETF招商,,宽基/综合指数,宽基关键词/人工映射
SZ,159235,中证现金流ETF大成,,债券/货币,固定类别/排除词
SZ,159271,恒生ETF鹏华,,港股/海外,固定类别/排除词
SZ,159365,恒指港股通ETF富国,,港股/海外,固定类别/排除词
SZ,159366,港股医疗ETF永赢,,港股/海外,固定类别/排除词
SZ,159233,自由现金流ETF平安,,债券/货币,固定类别/排除词
SZ,159681,创业板50ETF鹏华,,宽基/综合指数,宽基关键词/人工映射
SH,510130,中盘ETF,,待人工确认,名称关键词
SH,510050,50ETF,宽基指数,宽基/综合指数,宽基关键词/人工映射
SZ,159232,自由现金流ETF南方,,债券/货币,固定类别/排除词
SZ,159590,软件ETF汇添富,,科技,名称关键词
SZ,159653,ESG300ETF国联安,,待人工确认,名称关键词
SZ,159682,创业板50ETF景顺,,宽基/综合指数,宽基关键词/人工映射
SH,510160,产业升级,,待人工确认,名称关键词
SZ,159237,港股汽车ETF工银,,港股/海外,固定类别/排除词
SZ,159593,中证A50ETF平安,,宽基/综合指数,宽基关键词/人工映射
SZ,159269,港股通科技ETF南方,,港股/海外,固定类别/排除词
SZ,159240,A500增强ETF天弘,,宽基/综合指数,宽基关键词/人工映射
SZ,159677,中证1000增强ETF银华,,宽基/综合指数,宽基关键词/人工映射
SZ,159337,中证500ETF东财,,宽基/综合指数,宽基关键词/人工映射
SZ,159362,A500ETF工银,,宽基/综合指数,宽基关键词/人工映射
SZ,159811,5GETF博时,,待人工确认,名称关键词
SZ,159239,港股通汽车ETF富国,,港股/海外,固定类别/排除词
SZ,159592,A50ETF银华,,宽基/综合指数,宽基关键词/人工映射
SZ,159655,标普500ETF华夏,,港股/海外,固定类别/排除词
SZ,159238,沪深300增强ETF景顺,,宽基/综合指数,宽基关键词/人工映射
SZ,159270,创业板200ETF南方,,宽基/综合指数,宽基关键词/人工映射
SZ,159679,中证1000增强ETF国泰,,宽基/综合指数,宽基关键词/人工映射
SZ,159363,创业板人工智能ETF华宝,,宽基/综合指数,宽基关键词/人工映射
SZ,159678,500增强ETF博时,,待人工确认,名称关键词
SZ,159361,A500ETF易方达,,宽基/综合指数,宽基关键词/人工映射
SZ,159336,央企红利ETF融通,,区域主题,固定类别/排除词
SZ,159367,创业板50ETF华夏,,宽基/综合指数,宽基关键词/人工映射
SZ,159608,稀有金属ETF广发,,待人工确认,名称关键词
SZ,159369,创业板50ETF易方达,,宽基/综合指数,宽基关键词/人工映射
SZ,159226,中证A500增强ETF国泰,,宽基/综合指数,宽基关键词/人工映射
SZ,159689,消费ETF南方,,消费,名称关键词
SZ,159225,现金流ETF银华,,债券/货币,固定类别/排除词
SZ,159587,粮食ETF广发,,农业,名称关键词
SZ,159688,恒生互联网ETF华安,,港股/海外,固定类别/排除词
SZ,159275,农牧渔ETF华宝,,待人工确认,名称关键词
SZ,159223,现金流ETF永赢,,债券/货币,固定类别/排除词
SZ,159690,有色矿业ETF招商,,资源周期,名称关键词
SZ,159651,国开债ETF平安,,债券/货币,固定类别/排除词
SZ,159222,自由现金流ETF易方达,,债券/货币,固定类别/排除词
SZ,159333,港股央企红利ETF万家,,港股/海外,固定类别/排除词
SZ,159691,港股红利ETF工银,,港股/海外,固定类别/排除词
SZ,159370,创50ETF工银,,待人工确认,名称关键词
SZ,159231,通用航空ETF华宝,,待人工确认,名称关键词
SZ,159227,航空航天ETF华夏,,军工,名称关键词
SZ,159588,石油ETF景顺,,资源周期,名称关键词
SZ,159685,1000增强ETF天弘,,待人工确认,名称关键词
SZ,159272,机器人ETF富国,,科技,名称关键词
SZ,159589,红利ETF广发,,策略类,固定类别/排除词
SZ,159850,恒生国企ETF华夏,,港股/海外,固定类别/排除词
SZ,159368,创业板新能源ETF华夏,,宽基/综合指数,宽基关键词/人工映射
SZ,159230,通用航空ETF华夏,,待人工确认,名称关键词
SZ,159335,央企科创ETF融通,,区域主题,固定类别/排除词
SZ,159686,A100ETF易方达,,待人工确认,名称关键词
SZ,159837,生物科技ETF易方达,,医药医疗,名称关键词
SZ,159652,有色ETF汇添富,,资源周期,名称关键词
SH,510020,超大ETF,,待人工确认,名称关键词
SZ,159273,云计算ETF汇添富,,科技,名称关键词
SZ,159228,红利低波ETF长城,,策略类,固定类别/排除词
SZ,159687,亚太精选ETF南方,,待人工确认,名称关键词
SZ,159229,自由现金流ETF广发,,债券/货币,固定类别/排除词
SZ,159371,创业板50ETF富国,,宽基/综合指数,宽基关键词/人工映射
SH,510030,价值ETF,,策略类,固定类别/排除词
SZ,159676,创业板增强ETF富国,,宽基/综合指数,宽基关键词/人工映射
SZ,159257,航空ETF汇添富,,待人工确认,名称关键词
SZ,159266,港股央企红利ETF永赢,,港股/海外,固定类别/排除词
SZ,159353,中证A500ETF景顺,,宽基/综合指数,宽基关键词/人工映射
SZ,159600,科创债ETF嘉实,,债券/货币,固定类别/排除词
SZ,159256,创业板软件ETF华夏,,宽基/综合指数,宽基关键词/人工映射
SZ,159665,半导体龙头ETF工银,,科技,名称关键词
SZ,159663,机床ETF华夏,,高端制造,名称关键词
SZ,159847,医疗ETF易方达,,医药医疗,名称关键词
SZ,159666,交通运输ETF华夏,,待人工确认,名称关键词
SZ,159848,证券ETF国联安,,金融,名称关键词
SZ,159255,通用航空ETF易方达,,待人工确认,名称关键词
SZ,159599,芯片ETF东财,,科技,名称关键词
SZ,159657,疫苗ETF鹏华,,医药医疗,名称关键词
SZ,159667,工业母机ETF国泰,,高端制造,名称关键词
SZ,159355,800红利低波ETF华宝,,策略类,固定类别/排除词
SZ,159356,A500ETF万家,,宽基/综合指数,宽基关键词/人工映射
SZ,159258,机器人ETF南方,,科技,名称关键词
SZ,159352,A500ETF南方,,宽基/综合指数,宽基关键词/人工映射
SZ,159350,深证50ETF富国,,待人工确认,名称关键词
SZ,159262,港股通科技ETF广发,,港股/海外,固定类别/排除词
SZ,159660,纳指ETF汇添富,,港股/海外,固定类别/排除词
SZ,159602,中国A50ETF南方,,宽基/综合指数,宽基关键词/人工映射
SZ,159603,科创创业ETF天弘,,宽基/综合指数,宽基关键词/人工映射
SZ,159261,创业板新能源ETF鹏华,,宽基/综合指数,宽基关键词/人工映射
SZ,159339,A500ETF银华,,宽基/综合指数,宽基关键词/人工映射
SZ,159351,A500ETF嘉实,,宽基/综合指数,宽基关键词/人工映射
SZ,159658,数字经济ETF华安,,待人工确认,名称关键词
SZ,159260,证券ETF博时,,金融,名称关键词
SZ,159265,港股消费ETF鹏华,,港股/海外,固定类别/排除词
SZ,159601,A50ETF华夏,,宽基/综合指数,宽基关键词/人工映射
SZ,159259,成长ETF易方达,,策略类,固定类别/排除词
SZ,159662,交运ETF南方,,待人工确认,名称关键词
SZ,159661,A100ETF嘉实,,待人工确认,名称关键词
SZ,159241,航空航天ETF天弘,,军工,名称关键词
SZ,159253,银行ETF博时,,金融,名称关键词
SZ,159338,中证A500ETF国泰,,宽基/综合指数,宽基关键词/人工映射
SZ,159672,消费ETF博时,,消费,名称关键词
SZ,159596,A50ETF华宝,,宽基/综合指数,宽基关键词/人工映射
SZ,159606,中证500成长ETF易方达,,宽基/综合指数,宽基关键词/人工映射
SZ,159359,A500ETF华安,,宽基/综合指数,宽基关键词/人工映射
SZ,159243,创业板人工智能ETF招商,,宽基/综合指数,宽基关键词/人工映射
SZ,159673,沪深300ETF鹏华,,宽基/综合指数,宽基关键词/人工映射
SZ,159245,港股通消费ETF富国,,港股/海外,固定类别/排除词
SH,510150,消费ETF,,消费,名称关键词
SZ,159242,创业板人工智能ETF大成,,宽基/综合指数,宽基关键词/人工映射
SZ,159595,中证A50ETF大成,,宽基/综合指数,宽基关键词/人工映射
SZ,159675,创业板增强ETF嘉实,,宽基/综合指数,宽基关键词/人工映射
SZ,159360,A500ETF天弘,,宽基/综合指数,宽基关键词/人工映射
SZ,159839,生物医药ETF汇添富,,医药医疗,名称关键词
SZ,159849,生物科技ETF招商,,医药医疗,名称关键词
SZ,159656,沪深300成长ETF万家,,宽基/综合指数,宽基关键词/人工映射
SZ,159812,黄金ETF前海开源,,商品,固定类别/排除词
SZ,159268,港股通消费ETF汇添富,,港股/海外,固定类别/排除词
SZ,159246,创业板人工智能ETF富国,,宽基/综合指数,宽基关键词/人工映射
SZ,159251,港股通科技ETF万家,,港股/海外,固定类别/排除词
SZ,159605,中概互联ETF广发,,待人工确认,名称关键词
SZ,159357,A500ETF博时,,宽基/综合指数,宽基关键词/人工映射
SZ,159267,航天ETF华安,,待人工确认,名称关键词
SZ,159249,A500增强ETF工银,,宽基/综合指数,宽基关键词/人工映射
SZ,159669,绿色电力ETF国泰,,公用事业,名称关键词
SZ,159813,半导体ETF鹏华,,科技,名称关键词
SZ,159821,创业板ETF中银证券,,宽基/综合指数,宽基关键词/人工映射
SZ,159597,创业板成长ETF易方达,,宽基/综合指数,宽基关键词/人工映射
SZ,159358,中证A500ETF大成,,宽基/综合指数,宽基关键词/人工映射
SZ,159670,消费50ETF国联安,,消费,名称关键词
SZ,159247,创业板ETF汇添富,,宽基/综合指数,宽基关键词/人工映射
SZ,159838,医药50ETF博时,,医药医疗,名称关键词
SZ,159671,稀有金属ETF工银,,待人工确认,名称关键词
SZ,159248,人工智能ETF万家,,科技,名称关键词
SZ,159393,沪深300ETF万家,,宽基/综合指数,宽基关键词/人工映射
SZ,159221,现金流ETF嘉实,,债券/货币,固定类别/排除词
SZ,159822,新经济ETF银华,,待人工确认,名称关键词
SZ,159571,创业板200ETF富国,,宽基/综合指数,宽基关键词/人工映射
SZ,159196,港股通信息技术ETF易方达,,港股/海外,固定类别/排除词
SZ,159716,深证100ETF华宝,,宽基/综合指数,宽基关键词/人工映射
SZ,159387,创业板新能源ETF国泰,,宽基/综合指数,宽基关键词/人工映射
SZ,159814,创业大盘ETF西部利得,,待人工确认,名称关键词
SZ,159195,石油ETF华安,,资源周期,名称关键词
SZ,159197,石油ETF招商,,资源周期,名称关键词
SZ,159285,港股通消费ETF华安,,港股/海外,固定类别/排除词
SZ,159570,港股通创新药ETF汇添富,,港股/海外,固定类别/排除词
SZ,159193,新能源电池ETF银华,,新能源,名称关键词
SZ,159807,科技ETF易方达,,待人工确认,名称关键词
SZ,159388,创业板人工智能ETF国泰,,宽基/综合指数,宽基关键词/人工映射
SZ,159611,电力ETF广发,,公用事业,名称关键词
SZ,159192,家电ETF汇添富,,消费,名称关键词
SZ,159717,ESGETF鹏华,,待人工确认,名称关键词
SZ,159642,碳中和ETF大成,,待人工确认,名称关键词
SZ,159715,稀土ETF易方达,,资源周期,名称关键词
SZ,159198,港股通信息技术ETF富国,,港股/海外,固定类别/排除词
SZ,159281,港股央企红利ETF天弘,,港股/海外,固定类别/排除词
SZ,159711,港股通50ETF华夏,,港股/海外,固定类别/排除词
SZ,159383,创业板50ETF华泰柏瑞,,宽基/综合指数,宽基关键词/人工映射
SZ,159200,科创债ETF富国,,债券/货币,固定类别/排除词
SZ,159573,创业板200ETF华夏,,宽基/综合指数,宽基关键词/人工映射
SZ,159712,港股通50ETF国泰,,港股/海外,固定类别/排除词
SZ,159386,A500ETF永赢,,宽基/综合指数,宽基关键词/人工映射
SZ,159199,石油ETF平安,,资源周期,名称关键词
SZ,159385,数字经济ETF富国,,待人工确认,名称关键词
SZ,159572,创业板200ETF易方达,,宽基/综合指数,宽基关键词/人工映射
SZ,159713,稀土ETF富国,,资源周期,名称关键词
SZ,159330,沪深300ETF东财,,宽基/综合指数,宽基关键词/人工映射
SZ,159855,影视ETF银华,,待人工确认,名称关键词
SZ,159283,通用航空ETF南方,,待人工确认,名称关键词
SZ,159610,中证500增强ETF景顺,,宽基/综合指数,宽基关键词/人工映射
SZ,159201,自由现金流ETF华夏,,债券/货币,固定类别/排除词
SZ,159329,沙特ETF南方,,港股/海外,固定类别/排除词
SZ,159191,港股通科技ETF易方达,,港股/海外,固定类别/排除词
SZ,159391,大盘价值ETF博时,,策略类,固定类别/排除词
SZ,159723,科技龙头ETF汇添富,,待人工确认,名称关键词
SZ,159186,港股通汽车ETF鹏华,,港股/海外,固定类别/排除词
SZ,159263,价值ETF易方达,,策略类,固定类别/排除词
SZ,159640,碳中和龙头ETF工银,,待人工确认,名称关键词
SZ,159612,标普500ETF国泰,,港股/海外,固定类别/排除词
SZ,159568,港股互联网ETF博时,,港股/海外,固定类别/排除词
SZ,159185,港股通信息技术ETF鹏华,,港股/海外,固定类别/排除词
SZ,159392,航空ETF富国,,待人工确认,名称关键词
SZ,159567,港股创新药ETF银华,,港股/海外,固定类别/排除词
SZ,159183,新能源车ETF招商,,新能源,名称关键词
SZ,159288,创业板综ETF银华,,宽基/综合指数,宽基关键词/人工映射
SZ,159726,港股通高股息ETF华夏,,港股/海外,固定类别/排除词
SZ,159843,食品饮料ETF招商,,消费,名称关键词
SZ,159725,线上消费ETF工银,,消费,名称关键词
SZ,159389,数字经济ETF嘉实,,待人工确认,名称关键词
SZ,159187,创业板新能源ETF景顺,,宽基/综合指数,宽基关键词/人工映射
SZ,159856,互联网龙头ETF工银,,科技,名称关键词
SZ,159718,港股医药ETF平安,,港股/海外,固定类别/排除词
SZ,159286,港股通创新药ETF鹏华,,港股/海外,固定类别/排除词
SZ,159190,创业板新能源ETF天弘,,宽基/综合指数,宽基关键词/人工映射
SZ,159824,新能源车ETF博时,,新能源,名称关键词
SZ,159719,国企ETF平安,,待人工确认,名称关键词
SZ,159189,石油ETF华夏,,资源周期,名称关键词
SZ,159721,深证100ETF永赢,,宽基/综合指数,宽基关键词/人工映射
SZ,159390,中证A50ETF国联,,宽基/综合指数,宽基关键词/人工映射
SZ,159720,智能车ETF泰康,,汽车,名称关键词
SZ,159188,红利100ETF景顺,,策略类,固定类别/排除词
SZ,159569,港股红利低波ETF景顺,,港股/海外,固定类别/排除词
SH,510010,治理ETF,,待人工确认,名称关键词
SZ,159641,碳中和ETF招商,,待人工确认,名称关键词
SZ,159287,创业板综ETF博时,,宽基/综合指数,宽基关键词/人工映射
SZ,159835,创新药ETF建信,,医药医疗,名称关键词
SZ,159810,创业板ETF浦银,,宽基/综合指数,宽基关键词/人工映射
SZ,159643,疫苗ETF国泰,,医药医疗,名称关键词
SZ,159202,恒生互联网ETF万家,,港股/海外,固定类别/排除词
SZ,159375,创业板50ETF国泰,,宽基/综合指数,宽基关键词/人工映射
SZ,159216,深证100ETF大成,,宽基/综合指数,宽基关键词/人工映射
SZ,159697,石油ETF鹏华,,资源周期,名称关键词
SZ,159582,半导体ETF博时,,科技,名称关键词
SZ,159376,A500ETF浦银,,宽基/综合指数,宽基关键词/人工映射
SZ,159215,A500ETF平安,,宽基/综合指数,宽基关键词/人工映射
SZ,159845,中证1000ETF华夏,,宽基/综合指数,宽基关键词/人工映射
SZ,159649,国开债ETF华安,,债券/货币,固定类别/排除词
SZ,159820,中证500ETF天弘,,宽基/综合指数,宽基关键词/人工映射
SZ,159213,机器人ETF汇添富,,科技,名称关键词
SZ,159332,央企红利ETF富国,,区域主题,固定类别/排除词
SZ,159377,创业板医药ETF国泰,,宽基/综合指数,宽基关键词/人工映射
SZ,159699,恒生消费ETF广发,,港股/海外,固定类别/排除词
SZ,159212,深100ETF南方,,待人工确认,名称关键词
SZ,159698,粮食ETF鹏华,,农业,名称关键词
SZ,159581,红利ETF万家,,策略类,固定类别/排除词
SZ,159217,港股通创新药ETF工银,,港股/海外,固定类别/排除词
SZ,159609,光伏ETF浦银,,新能源,名称关键词
SZ,159220,港股通红利低波ETF华宝,,港股/海外,固定类别/排除词
SZ,159276,现金流ETF汇添富,,债券/货币,固定类别/排除词
SZ,159372,创业板50ETF万家,,宽基/综合指数,宽基关键词/人工映射
SZ,159586,计算机ETF南方,,科技,名称关键词
SZ,159692,证券ETF东财,,金融,名称关键词
SZ,159650,国开债ETF博时,,债券/货币,固定类别/排除词
SZ,159696,纳指ETF易方达,,港股/海外,固定类别/排除词
SZ,159851,金融科技ETF华宝,,金融,名称关键词
SZ,159219,深证100ETF融通,,宽基/综合指数,宽基关键词/人工映射
SZ,159373,创业板50ETF嘉实,,宽基/综合指数,宽基关键词/人工映射
SZ,159695,通信ETF嘉实,,科技,名称关键词
SZ,159277,港股通红利ETF富国,,港股/海外,固定类别/排除词
SZ,159218,卫星ETF招商,,待人工确认,名称关键词
SZ,159583,通信ETF富国,,科技,名称关键词
SH,510140,上证指,,待人工确认,名称关键词
SZ,159709,物联网ETF工银,,待人工确认,名称关键词
SZ,159211,深证100ETF富国,,宽基/综合指数,宽基关键词/人工映射
SZ,159700,科创债ETF南方,,债券/货币,固定类别/排除词
SZ,159645,疫苗ETF富国,,医药医疗,名称关键词
SZ,159380,A500ETF东财,,宽基/综合指数,宽基关键词/人工映射
SZ,159331,红利港股ETF国泰,,港股/海外,固定类别/排除词
SZ,159206,卫星ETF永赢,,待人工确认,名称关键词
SZ,159576,深证100ETF广发,,宽基/综合指数,宽基关键词/人工映射
SZ,159707,地产ETF华宝,,地产基建,名称关键词
SZ,159808,创100ETF融通,,待人工确认,名称关键词
SZ,159205,创业板ETF东财,,宽基/综合指数,宽基关键词/人工映射
SZ,159280,港股通互联网ETF汇添富,,港股/海外,固定类别/排除词
SZ,159708,红利ETF西部利得,,策略类,固定类别/排除词
SZ,159203,大盘成长ETF博时,,策略类,固定类别/排除词
SZ,159997,电子ETF天弘,,科技,名称关键词
SZ,159575,创业板200ETF银华,,宽基/综合指数,宽基关键词/人工映射
SZ,159382,创业板人工智能ETF南方,,宽基/综合指数,宽基关键词/人工映射
SZ,159381,创业板人工智能ETF华夏,,宽基/综合指数,宽基关键词/人工映射
SZ,159278,机器人ETF鹏华,,科技,名称关键词
SZ,159207,高股息ETF广发,,待人工确认,名称关键词
SZ,159279,创业板人工智能ETF华安,,宽基/综合指数,宽基关键词/人工映射
SZ,159378,通用航空ETF永赢,,待人工确认,名称关键词
SZ,159578,深证主板50ETF南方,,待人工确认,名称关键词
SZ,159210,港股通汽车ETF汇添富,,港股/海外,固定类别/排除词
SZ,159647,中药ETF鹏华,,医药医疗,名称关键词
SZ,159701,物联网ETF招商,,待人工确认,名称关键词
SZ,159379,A500ETF融通,,宽基/综合指数,宽基关键词/人工映射
SH,510170,商品ETF,,商品,固定类别/排除词
SZ,159852,软件ETF嘉实,,科技,名称关键词
SZ,159209,红利质量ETF招商,,策略类,固定类别/排除词
SZ,159703,新材料ETF天弘,,资源周期,名称关键词
SZ,159621,ESGETF国泰,,待人工确认,名称关键词
SZ,159208,航空航天ETF万家,,军工,名称关键词
SZ,159577,美国50ETF汇添富,,待人工确认,名称关键词
SZ,159706,深证100ETF华安,,宽基/综合指数,宽基关键词/人工映射
SZ,159836,创业板300ETF天弘,,宽基/综合指数,宽基关键词/人工映射
SH,510800,上证50,,宽基/综合指数,宽基关键词/人工映射
SH,510330,华夏300,,待人工确认,名称关键词
SZ,159108,工业软件ETF博时,,科技,名称关键词
SH,516900,食品50,,消费,名称关键词
SH,516890,新材ETF,,待人工确认,名称关键词
SZ,159944,材料ETF广发,,资源周期,名称关键词
SH,516880,光伏50,,新能源,名称关键词
SH,516860,金融科技,,金融,名称关键词
SH,516850,新能源80,,新能源,名称关键词
SH,516840,汽车基金,,汽车,名称关键词
SH,516830,300ESG,,待人工确认,名称关键词
SH,516820,医疗创新,,医药医疗,名称关键词
SH,516810,农业,,农业,名称关键词
SH,510590,平安500,,待人工确认,名称关键词
SH,516800,智能制造,,高端制造,名称关键词
SH,516790,保健ETF,,待人工确认,名称关键词
SH,516780,稀土ETF,,资源周期,名称关键词
SZ,159945,能源ETF广发,,待人工确认,名称关键词
SH,516770,游戏动漫,,待人工确认,名称关键词
SH,516760,养殖ETF,,消费,名称关键词
SH,516750,建材ETF,,待人工确认,名称关键词
SH,516730,证券公司,,金融,名称关键词
SH,516720,ESGETF,,待人工确认,名称关键词
SH,516710,新材料50,,资源周期,名称关键词
SH,516700,数据产业,,待人工确认,名称关键词
SH,516670,畜牧养殖,,消费,名称关键词
SH,516660,新能汽车,,汽车,名称关键词
SH,516650,有色50,,资源周期,名称关键词
SZ,159948,创业板ETF南方,,宽基/综合指数,宽基关键词/人工映射
SH,516640,芯片龙头,,科技,名称关键词
SH,516630,云计算50,,科技,名称关键词
SH,516620,影视ETF,,待人工确认,名称关键词
SH,516910,物流ETF,,待人工确认,名称关键词
SH,516920,芯片基金,,科技,名称关键词
SH,516930,生科ETF,,待人工确认,名称关键词
SH,516950,基建ETF,,地产基建,名称关键词
SH,517520,黄金股,,商品,固定类别/排除词
SH,517400,黄金股票,,商品,固定类别/排除词
SZ,159940,金融地产ETF广发,,金融,名称关键词
SH,517390,云计算AH,,科技,名称关键词
SH,517380,创新药AH,,医药医疗,名称关键词
SH,517360,AH科技,,待人工确认,名称关键词
SH,517350,龙头科技,,待人工确认,名称关键词
SH,517330,长江保护,,待人工确认,名称关键词
SH,517300,AH300ETF,,待人工确认,名称关键词
SH,517230,云计算MW,,科技,名称关键词
SH,517200,互联网,,科技,名称关键词
SH,517180,中国国企,,待人工确认,名称关键词
SH,517170,沪港深E,,待人工确认,名称关键词
SH,510580,ZZ500ETF,,待人工确认,名称关键词
SH,516610,医服ETF,,待人工确认,名称关键词
SH,517160,长江ETF,,待人工确认,名称关键词
SH,517130,云计算JS,,科技,名称关键词
SH,517120,创新药50,,医药医疗,名称关键词
SH,517110,创新药HK,,医药医疗,名称关键词
SH,517100,AH500ETF,,待人工确认,名称关键词
SH,517090,共赢ETF,,待人工确认,名称关键词
SH,517080,HGS500,,待人工确认,名称关键词
SH,517050,互联网50,,科技,名称关键词
SH,517030,HGS300,,待人工确认,名称关键词
SH,517010,HGS500E,,待人工确认,名称关键词
SZ,159943,深证成指ETF大成,,待人工确认,名称关键词
SH,517000,沪港深,,待人工确认,名称关键词
SH,516980,证券先锋,,金融,名称关键词
SH,516970,基建50,,地产基建,名称关键词
SH,516960,机械ETF,,高端制造,名称关键词
SZ,159941,纳指ETF广发,海外指数,港股/海外,固定类别/排除词
SH,516600,消服ETF,,待人工确认,名称关键词
SH,516590,电动汽车,,汽车,名称关键词
SH,516580,新能源BS,,新能源,名称关键词
SH,516150,稀土基金,,资源周期,名称关键词
SH,516130,消费龙头,,消费,名称关键词
SH,516120,化工50,,资源周期,名称关键词
SH,516110,汽车ETF,,汽车,名称关键词
SZ,159956,创业板ETF建信,,宽基/综合指数,宽基关键词/人工映射
SH,516100,科技金融,,金融,名称关键词
SH,516090,新能源E,,新能源,名称关键词
SH,516080,创新医药,,医药医疗,名称关键词
SH,516070,碳中和50,,待人工确认,名称关键词
SH,516060,新药ETF,,待人工确认,名称关键词
SH,516050,科技龙头,,待人工确认,名称关键词
SH,516020,化工ETF,,资源周期,名称关键词
SH,516010,游戏ETF,,待人工确认,名称关键词
SH,516000,数据ETF,,待人工确认,名称关键词
SH,516160,新能源,新能源,新能源,人工映射
SZ,159957,创业板ETF华夏,,宽基/综合指数,宽基关键词/人工映射
SH,515980,人工智能,,科技,名称关键词
SH,515970,华夏机械,,高端制造,名称关键词
SH,515960,医药100,,医药医疗,名称关键词
SH,515950,医药龙头,,医药医疗,名称关键词
SH,515920,智能消费,,消费,名称关键词
SH,515910,质量ETF,,待人工确认,名称关键词
SH,515900,央创ETF,,待人工确认,名称关键词
SH,515890,红利博时,,策略类,固定类别/排除词
SH,515880,通信ETF,,科技,名称关键词
SZ,159958,创业板ETF工银,,宽基/综合指数,宽基关键词/人工映射
SH,515860,科技100,,待人工确认,名称关键词
SH,515850,证券龙头,,金融,名称关键词
SH,515840,食品南方,,消费,名称关键词
SH,515810,ZZ800ETF,,待人工确认,名称关键词
SH,515990,添富国企,,待人工确认,名称关键词
SH,517550,消费主题,,消费,名称关键词
SH,516180,光伏产业,,新能源,名称关键词
SH,516200,证券行业,,金融,名称关键词
SH,516570,石化ETF,,待人工确认,名称关键词
SH,516560,养老ETF,,待人工确认,名称关键词
SH,516550,农业ETF,,农业,名称关键词
SZ,159949,创业板50ETF华安,,宽基/综合指数,宽基关键词/人工映射
SH,516530,物流快递,,待人工确认,名称关键词
SH,516520,智能驾驶,,待人工确认,名称关键词
SH,516510,云计算,,科技,名称关键词
SH,510600,沪50ETF,,待人工确认,名称关键词
SH,516500,生物ETF,,医药医疗,名称关键词
SH,516460,现金流E,,债券/货币,固定类别/排除词
SH,516440,南方机械,,高端制造,名称关键词
SH,516390,电动车,,待人工确认,名称关键词
SH,516380,智能电车,,待人工确认,名称关键词
SH,516370,全指电力,,公用事业,名称关键词
SH,516190,文娱ETF,,待人工确认,名称关键词
SH,516360,新材料,,资源周期,名称关键词
SH,516350,芯片50,,科技,名称关键词
SH,516330,物联网,,待人工确认,名称关键词
SH,516320,装备ETF,,待人工确认,名称关键词
SH,516310,银行指基,,金融,名称关键词
SH,516300,中证1000,,宽基/综合指数,宽基关键词/人工映射
SH,516290,光伏基金,,新能源,名称关键词
SH,516270,新能源50,,新能源,名称关键词
SH,516260,物联网50,,待人工确认,名称关键词
SH,516250,富国机械,,高端制造,名称关键词
SZ,159994,通信ETF银华,,科技,名称关键词
SH,516230,光伏招商,,新能源,名称关键词
SZ,159954,恒生中国企业ETF南方,,港股/海外,固定类别/排除词
SH,516220,化工龙头,,资源周期,名称关键词
SH,516210,银行股,,金融,名称关键词
SZ,159952,创业板ETF广发,,宽基/综合指数,宽基关键词/人工映射
SH,515800,800ETF,,待人工确认,名称关键词
SH,517660,物联网AH,,待人工确认,名称关键词
SH,517800,AI50,,科技,名称关键词
SZ,159930,能源ETF汇添富,,待人工确认,名称关键词
SH,551500,科创债易,,债券/货币,固定类别/排除词
SH,551300,科创债摩,,债券/货币,固定类别/排除词
SH,551060,科创债沪,,债券/货币,固定类别/排除词
SH,551030,科创债券,,债券/货币,固定类别/排除词
SH,551000,科创债,,债券/货币,固定类别/排除词
SH,530880,上证红利,,策略类,固定类别/排除词
SH,530800,上180ETF,,待人工确认,名称关键词
SH,530680,180E,,待人工确认,名称关键词
SH,530580,180基金,,待人工确认,名称关键词
SH,530530,580ETF,,待人工确认,名称关键词
SZ,159931,金融地产ETF汇添富,,金融,名称关键词
SH,530380,上证380,,待人工确认,名称关键词
SH,530300,180指数,,待人工确认,名称关键词
SH,530280,180ETF指,,待人工确认,名称关键词
SH,530180,上证180,,宽基/综合指数,宽基关键词/人工映射
SH,530100,上证580,,待人工确认,名称关键词
SH,530080,180指基,,待人工确认,名称关键词
SH,530060,上证综E,,待人工确认,名称关键词
SH,530050,SH50ETF,,待人工确认,名称关键词
SH,530000,50ETF基,,待人工确认,名称关键词
SH,526070,恒生博时,,港股/海外,固定类别/排除词
SH,510550,方正500,,待人工确认,名称关键词
SZ,159933,金融地产ETF国投瑞银,,金融,名称关键词
SH,526060,N港信息,,待人工确认,名称关键词
SH,526050,香港信息,,待人工确认,名称关键词
SH,526030,港信息基,,待人工确认,名称关键词
SH,526010,香港医疗,,医药医疗,名称关键词
SH,526000,港股信息,,港股/海外,固定类别/排除词
SH,551510,科债AAA,,债券/货币,固定类别/排除词
SH,551520,科创债汇,,债券/货币,固定类别/排除词
SH,551550,科创AAA,,待人工确认,名称关键词
SH,551560,科创债兴,,债券/货币,固定类别/排除词
SH,560270,电力指数,,公用事业,名称关键词
SZ,159925,沪深300ETF南方,,宽基/综合指数,宽基关键词/人工映射
SH,560260,医疗50,,医药医疗,名称关键词
SH,560250,红利质量,,策略类,固定类别/排除词
SH,560230,光伏富国,,新能源,名称关键词
SH,560220,2000基金,,待人工确认,名称关键词
SH,560210,景顺农牧,,待人工确认,名称关键词
SH,560190,公用事业,,公用事业,名称关键词
SH,560180,ESG300,,待人工确认,名称关键词
SH,560170,央企科技,,区域主题,固定类别/排除词
SH,560160,食品E,,消费,名称关键词
SH,560150,红利TK,,策略类,固定类别/排除词
SZ,159928,消费ETF汇添富,消费,消费,人工映射
SH,560130,食品基金,,消费,名称关键词
SH,520990,国新红利,,策略类,固定类别/排除词
SH,560120,500现金,,债券/货币,固定类别/排除词
SH,560100,增强ETF,,待人工确认,名称关键词
SH,560090,证券指数,,金融,名称关键词
SH,560080,中药ETF,,医药医疗,名称关键词
SH,560070,央企分红,,区域主题,固定类别/排除词
SH,560060,碳中和基,,待人工确认,名称关键词
SH,560050,MSCIA50,,宽基/综合指数,宽基关键词/人工映射
SH,560030,800价值,,策略类,固定类别/排除词
SZ,159929,医药ETF汇添富,,医药医疗,名称关键词
SH,560020,红利添富,,策略类,固定类别/排除词
SH,560010,1000基金,,待人工确认,名称关键词
SH,510530,工银500,,待人工确认,名称关键词
SH,551900,科创债指,,债券/货币,固定类别/排除词
SH,551800,国泰科债,,债券/货币,固定类别/排除词
SH,551580,科创债TK,,债券/货币,固定类别/排除词
SH,560110,ZZ1000,,待人工确认,名称关键词
SH,520980,港科技30,,待人工确认,名称关键词
SH,520970,港股通药,,港股/海外,固定类别/排除词
SH,520960,恒指港通,,待人工确认,名称关键词
SH,520630,互联港股,,港股/海外,固定类别/排除词
SH,520620,港股消费,,港股/海外,固定类别/排除词
SZ,159937,黄金ETF博时,,商品,固定类别/排除词
SH,520610,港红利指,,策略类,固定类别/排除词
SH,520600,汽车港股,,港股/海外,固定类别/排除词
SH,520590,恒科,,待人工确认,名称关键词
SH,520580,新兴亚洲,,待人工确认,名称关键词
SH,520570,科技恒指,,待人工确认,名称关键词
SH,520560,香港30,,待人工确认,名称关键词
SH,520550,红利恒生,,港股/海外,固定类别/排除词
SH,520530,港科ETF,,待人工确认,名称关键词
SH,520520,HK消费,,消费,名称关键词
SH,520510,港股医疗,,港股/海外,固定类别/排除词
SZ,159938,医药ETF广发,,医药医疗,名称关键词
SH,520650,互联网HK,,科技,名称关键词
SH,520500,恒生新药,,港股/海外,固定类别/排除词
SH,518880,黄金ETF,,商品,固定类别/排除词
SH,510570,兴业500,,待人工确认,名称关键词
SH,518860,上海金E,,待人工确认,名称关键词
SH,518850,黄金9999,,商品,固定类别/排除词
SH,518800,黄金基金,,商品,固定类别/排除词
SH,518680,金ETF,,待人工确认,名称关键词
SH,518660,工银黄金,,商品,固定类别/排除词
SH,518600,上海金,,待人工确认,名称关键词
SH,517990,医药基金,,医药医疗,名称关键词
SZ,159939,信息技术ETF广发,,待人工确认,名称关键词
SH,517950,交银科技,,待人工确认,名称关键词
SH,517900,银行优选,,金融,名称关键词
SH,517880,品牌消费,,消费,名称关键词
SH,517850,张江ETF,,待人工确认,名称关键词
SH,518890,中银黄金,,商品,固定类别/排除词
SH,517770,游戏传媒,,科技,名称关键词
SH,520660,港红利CS,,策略类,固定类别/排除词
SH,520680,港股通车,,港股/海外,固定类别/排除词
SH,520950,港股50,,港股/海外,固定类别/排除词
SH,520940,恒指基金,,待人工确认,名称关键词
SZ,159934,黄金ETF易方达,,商品,固定类别/排除词
SH,520930,恒生生科,,港股/海外,固定类别/排除词
SH,520920,恒生科TH,,港股/海外,固定类别/排除词
SH,520910,HK互联,,待人工确认,名称关键词
SH,520900,红利香港,,策略类,固定类别/排除词
SH,520890,港红利,,策略类,固定类别/排除词
SH,520880,港创新药,,医药医疗,名称关键词
SH,520870,巴西ETF,,待人工确认,名称关键词
SH,520860,港股通科,,港股/海外,固定类别/排除词
SH,520850,港医疗,,医药医疗,名称关键词
SH,520840,港科技,,待人工确认,名称关键词
SZ,159935,中证500ETF景顺,,宽基/综合指数,宽基关键词/人工映射
SH,520670,港科基金,,待人工确认,名称关键词
SH,520830,沙特ETF,,港股/海外,固定类别/排除词
SH,520810,港高股息,,待人工确认,名称关键词
SH,520790,港互联网,,科技,名称关键词
SH,520780,港股车50,,港股/海外,固定类别/排除词
SH,520770,港股恒指,,港股/海外,固定类别/排除词
SH,510560,国寿500,,待人工确认,名称关键词
SH,520760,港股生物,,港股/海外,固定类别/排除词
SH,520750,HK信息,,待人工确认,名称关键词
SH,520740,互联香港,,待人工确认,名称关键词
SH,520730,汽车WJ,,汽车,名称关键词
SH,520720,香港汽车,,汽车,名称关键词
SZ,159936,可选消费ETF广发,,消费,名称关键词
SH,520710,信息港股,,港股/海外,固定类别/排除词
SH,520700,创新药WJ,,医药医疗,名称关键词
SH,520690,恒生港药,,港股/海外,固定类别/排除词
SH,520820,恒指通,,待人工确认,名称关键词
SH,560280,工程机械,,高端制造,名称关键词
SH,515790,光伏ETF,新能源,新能源,人工映射
SH,515760,浙江国资,,待人工确认,名称关键词
SH,512700,银行基金,,金融,名称关键词
SZ,159976,湾创ETF工银,,待人工确认,名称关键词
SH,512690,酒ETF,消费,消费,人工映射
SH,512680,军工基金,,军工,名称关键词
SH,512670,国防ETF,,军工,名称关键词
SH,512660,军工ETF,军工,军工,人工映射
SH,512650,长三角,,区域主题,固定类别/排除词
SH,512640,金融地产,,金融,名称关键词
SH,512630,卫星基金,,待人工确认,名称关键词
SH,512620,农业TH,,农业,名称关键词
SH,512600,必选消费,,消费,名称关键词
SZ,159977,创业板ETF天弘,,宽基/综合指数,宽基关键词/人工映射
SH,512580,环保ETF,,公用事业,名称关键词
SH,512570,中证证券,,金融,名称关键词
SH,510720,红利国泰,,策略类,固定类别/排除词
SH,512560,中证军工,,军工,名称关键词
SH,512550,A50基金,,宽基/综合指数,宽基关键词/人工映射
SH,512530,300红利,,策略类,固定类别/排除词
SH,512520,MSCIETF,,港股/海外,固定类别/排除词
SH,512510,ETF500,,待人工确认,名称关键词
SH,512500,中证500,,宽基/综合指数,宽基关键词/人工映射
SH,512480,半导体,科技,科技,人工映射
SH,512460,电池主题,,新能源,名称关键词
SZ,159980,有色ETF大成,,资源周期,名称关键词
SH,512450,广发养殖,,消费,名称关键词
SH,512430,家电家居,,消费,名称关键词
SH,512420,机械华安,,高端制造,名称关键词
SH,512410,银行广发,,金融,名称关键词
SH,512400,有色ETF,,资源周期,名称关键词
SH,512710,军工龙头,,军工,名称关键词
SH,512720,计算机,,科技,名称关键词
SH,512730,银行FUND,,金融,名称关键词
SH,512750,基本面50,,待人工确认,名称关键词
SH,513080,法国ETF,,港股/海外,固定类别/排除词
SZ,159973,民企ETF弘毅远方,,待人工确认,名称关键词
SH,513070,HK消费50,,消费,名称关键词
SH,513060,恒生医疗,,港股/海外,固定类别/排除词
SH,513050,中概互联,,待人工确认,名称关键词
SH,513040,HK互联网,,科技,名称关键词
SH,513030,德国ETF,,港股/海外,固定类别/排除词
SH,513020,科技HK,,待人工确认,名称关键词
SH,513010,港股科技,,港股/海外,固定类别/排除词
SH,513000,225ETF,,待人工确认,名称关键词
SH,512990,MSCIA股,,港股/海外,固定类别/排除词
SH,512980,传媒ETF,,科技,名称关键词
SZ,159974,央企创新ETF富国,,区域主题,固定类别/排除词
SH,512970,湾区ETF,,待人工确认,名称关键词
SH,512390,MSCI低波,,港股/海外,固定类别/排除词
SH,512960,央调ETF,,待人工确认,名称关键词
SH,512940,有色矿业,,资源周期,名称关键词
SH,510710,上50ETF,,待人工确认,名称关键词
SH,512930,AIETF,,科技,名称关键词
SH,512910,100ETF,,待人工确认,名称关键词
SH,512900,证券基金,,金融,名称关键词
SH,512890,红利低波,,策略类,固定类别/排除词
SH,512880,证券ETF,金融,金融,人工映射
SH,512870,杭州湾区,,待人工确认,名称关键词
SZ,159975,深100ETF招商,,待人工确认,名称关键词
SH,512820,银行股基,,金融,名称关键词
SH,512810,国防军工,,军工,名称关键词
SH,512800,银行ETF,金融,金融,人工映射
SH,512770,战略新兴,,待人工确认,名称关键词
SH,512760,芯片ETF,,科技,名称关键词
SH,512950,央企改革,,区域主题,固定类别/排除词
SH,512380,MSCI中国,,港股/海外,固定类别/排除词
SH,512370,A500增指,,宽基/综合指数,宽基关键词/人工映射
SH,512360,MSCI国际,,港股/海外,固定类别/排除词
SH,511270,10年地债,,债券/货币,固定类别/排除词
SH,511260,十年国债,,债券/货币,固定类别/排除词
SH,511220,城投ETF,,待人工确认,名称关键词
SH,511200,信用债基,,债券/货币,固定类别/排除词
SH,511190,信用债,,债券/货币,固定类别/排除词
SH,511180,上证转债,,债券/货币,固定类别/排除词
SZ,159991,创业板大盘ETF招商,,宽基/综合指数,宽基关键词/人工映射
SH,511160,国债东财,,债券/货币,固定类别/排除词
SH,510770,G60创新,,待人工确认,名称关键词
SH,511150,科债永赢,,债券/货币,固定类别/排除词
SH,511130,国债30年,,债券/货币,固定类别/排除词
SH,511120,科创债基,,债券/货币,固定类别/排除词
SH,511110,公司债易,,债券/货币,固定类别/排除词
SH,511100,基准国债,,债券/货币,固定类别/排除词
SH,511360,短融ETF,,待人工确认,名称关键词
SH,511090,30年国债,,债券/货币,固定类别/排除词
SH,511060,5年地债,,债券/货币,固定类别/排除词
SH,511030,公司债,,债券/货币,固定类别/排除词
SZ,159992,创新药ETF银华,,医药医疗,名称关键词
SH,511020,活跃国债,,债券/货币,固定类别/排除词
SH,511010,国债ETF,,债券/货币,固定类别/排除词
SH,510990,ESG180,,待人工确认,名称关键词
SH,510980,上证综合,,待人工确认,名称关键词
SH,510950,上证广发,,待人工确认,名称关键词
SH,510910,上证指CS,,待人工确认,名称关键词
SH,510900,恒生中国,,港股/海外,固定类别/排除词
SH,510880,红利ETF,红利策略,策略类,固定类别/排除词
SH,510850,工银上50,,待人工确认,名称关键词
SH,510810,上海国企,,待人工确认,名称关键词
SZ,159993,证券ETF鹏华,,金融,名称关键词
SH,511070,沪公司债,,债券/货币,固定类别/排除词
SH,513090,香港证券,,金融,名称关键词
SH,511380,转债ETF,,债券/货币,固定类别/排除词
SH,511580,国债政金,,债券/货币,固定类别/排除词
SH,512330,信息ETF,,待人工确认,名称关键词
SH,512290,生物医药,,医药医疗,名称关键词
SZ,159981,能源化工ETF建信,,资源周期,名称关键词
SH,512260,500低波,,策略类,固定类别/排除词
SH,512250,A50指数E,,宽基/综合指数,宽基关键词/人工映射
SH,512240,A50龙头,,宽基/综合指数,宽基关键词/人工映射
SH,512220,TMTETF,,待人工确认,名称关键词
SH,512200,地产ETF,,地产基建,名称关键词
SH,512190,之江凤凰,,待人工确认,名称关键词
SH,512180,建信MSCI,,港股/海外,固定类别/排除词
SH,512170,医疗ETF,,医药医疗,名称关键词
SH,510760,上证ETF,,待人工确认,名称关键词
SH,512160,MSCI基金,,港股/海外,固定类别/排除词
SH,512150,A50ETF,,宽基/综合指数,宽基关键词/人工映射
SH,511520,政金债,,债券/货币,固定类别/排除词
SZ,159982,中证500ETF鹏华,,宽基/综合指数,宽基关键词/人工映射
SH,512130,现金全指,,债券/货币,固定类别/排除词
SH,512120,医药50,,医药医疗,名称关键词
SH,512100,1000ETF,,待人工确认,名称关键词
SH,512090,MSCI易基,,港股/海外,固定类别/排除词
SH,512080,A500中金,,宽基/综合指数,宽基关键词/人工映射
SH,512070,证券保险,,金融,名称关键词
SH,512060,A100指基,,待人工确认,名称关键词
SH,512050,A500E,,宽基/综合指数,宽基关键词/人工映射
SH,512040,国信价值,,策略类,固定类别/排除词
SZ,159985,豆粕ETF华夏,,商品,固定类别/排除词
SH,512030,A50增,,宽基/综合指数,宽基关键词/人工映射
SH,512020,A500,,宽基/综合指数,宽基关键词/人工映射
SH,512010,医药ETF,,医药医疗,名称关键词
SH,512000,券商ETF,金融,金融,人工映射
SH,512140,电力事业,,公用事业,名称关键词
SH,515770,MSCIAETF,,港股/海外,固定类别/排除词
SH,513100,纳指ETF,,港股/海外,固定类别/排除词
SH,513120,HK创新药,,医药医疗,名称关键词
SH,515290,银行,,金融,名称关键词
SH,515260,电子ETF,,科技,名称关键词
SH,515250,智能汽车,,汽车,名称关键词
SZ,159964,创业板ETF平安,,宽基/综合指数,宽基关键词/人工映射
SH,515230,软件ETF,,科技,名称关键词
SH,515220,煤炭ETF,,资源周期,名称关键词
SH,515210,钢铁ETF,,资源周期,名称关键词
SH,515200,创新100,,待人工确认,名称关键词
SH,515190,BOCI500,,待人工确认,名称关键词
SH,515180,100红利,红利策略,策略类,固定类别/排除词
SH,515170,食品饮料,,消费,名称关键词
SH,515160,MSCI招商,,港股/海外,固定类别/排除词
SH,515150,国企富国,,待人工确认,名称关键词
SH,515130,HS300E,,待人工确认,名称关键词
SZ,159965,央视50ETF国联,,待人工确认,名称关键词
SH,515120,创新药,,医药医疗,名称关键词
SH,515110,国企方达,,待人工确认,名称关键词
SH,515100,红利100,,策略类,固定类别/排除词
SH,515090,可持续,,待人工确认,名称关键词
SH,515080,中证红利,,宽基/综合指数,宽基关键词/人工映射
SH,515070,AI智能,,科技,名称关键词
SH,515060,华夏地产,,地产基建,名称关键词
SH,515050,5GETF,,待人工确认,名称关键词
SH,515040,工业金属,,待人工确认,名称关键词
SH,515030,新汽车,新能源,新能源,人工映射
SZ,159966,创业板价值ETF华夏,,宽基/综合指数,宽基关键词/人工映射
SH,515020,银行指数,,金融,名称关键词
SH,510660,医药行业,,医药医疗,名称关键词
SH,515010,华夏证券,,金融,名称关键词
SH,515300,红利300,,策略类,固定类别/排除词
SH,515310,添富300,,待人工确认,名称关键词
SH,515320,电子50,,科技,名称关键词
SH,510650,金融行业,,金融,名称关键词
SH,510630,消费30,,消费,名称关键词
SH,515750,科技50,,待人工确认,名称关键词
SH,515730,家居家电,,消费,名称关键词
SH,515720,金科富国,,待人工确认,名称关键词
SZ,159959,央企ETF银华,,区域主题,固定类别/排除词
SH,515710,食品ETF,,消费,名称关键词
SH,515700,新能车,,待人工确认,名称关键词
SH,515680,创新央企,,区域主题,固定类别/排除词
SH,515660,沪深300E,,宽基/综合指数,宽基关键词/人工映射
SH,515650,消费50,,消费,名称关键词
SH,515640,家电指数,,消费,名称关键词
SH,515630,保险证券,,金融,名称关键词
SH,515600,央企创新,,区域主题,固定类别/排除词
SH,515590,500ETFEW,,待人工确认,名称关键词
SH,515000,科技ETF,,待人工确认,名称关键词
SZ,159960,恒生中国企业ETF平安,,港股/海外,固定类别/排除词
SH,515560,证券E,,金融,名称关键词
SH,515550,国联500,,待人工确认,名称关键词
SH,515530,泰康500,,待人工确认,名称关键词
SH,515480,红利一百,,策略类,固定类别/排除词
SH,515460,质量红利,,策略类,固定类别/排除词
SH,515450,红利50,,策略类,固定类别/排除词
SH,515400,大数据,,科技,名称关键词
SH,515390,HS300,,待人工确认,名称关键词
SH,515380,泰康300,,待人工确认,名称关键词
SZ,159961,深100ETF方正富邦,,待人工确认,名称关键词
SH,515370,中证光伏,,新能源,名称关键词
SH,515360,方正300,,待人工确认,名称关键词
SH,515350,民生300,,待人工确认,名称关键词
SH,515330,天弘300,,待人工确认,名称关键词
SH,515580,中证科技,,待人工确认,名称关键词
SH,513990,港股通综,,港股/海外,固定类别/排除词
SH,513980,科技港股,,港股/海外,固定类别/排除词
SH,513970,恒生消费,,港股/海外,固定类别/排除词
SH,513520,日经ETF,,港股/海外,固定类别/排除词
SH,513500,标普500,,港股/海外,固定类别/排除词
SZ,159970,深100ETF工银,,待人工确认,名称关键词
SH,513400,道琼斯,,待人工确认,名称关键词
SH,513390,纳指基金,,港股/海外,固定类别/排除词
SH,513380,科技恒生,,港股/海外,固定类别/排除词
SH,513360,教育ETF,,待人工确认,名称关键词
SH,513350,油气ETF,,资源周期,名称关键词
SH,513330,恒生互联,,港股/海外,固定类别/排除词
SH,513320,HK新经济,,待人工确认,名称关键词
SH,513310,中韩芯片,,科技,名称关键词
SH,513300,纳斯达克,,待人工确认,名称关键词
SZ,159971,创业板ETF富国,,宽基/综合指数,宽基关键词/人工映射
SH,513290,纳指生物,,港股/海外,固定类别/排除词
SH,513530,港股红利,,港股/海外,固定类别/排除词
SH,513280,恒生生物,,港股/海外,固定类别/排除词
SH,513240,港信息,,待人工确认,名称关键词
SH,513230,H股消费,,港股/海外,固定类别/排除词
SH,513220,互联网30,,科技,名称关键词
SH,513210,恒生E,,港股/海外,固定类别/排除词
SH,513200,港股医药,,港股/海外,固定类别/排除词
SH,510680,万家50,,待人工确认,名称关键词
SH,513190,H股金融,,港股/海外,固定类别/排除词
SH,513180,恒指科技,,待人工确认,名称关键词
SZ,159972,5年地方债ETF鹏华,,债券/货币,固定类别/排除词
SH,513170,恒生央企,,港股/海外,固定类别/排除词
SH,513160,科技30,,待人工确认,名称关键词
SH,513150,港科技50,,待人工确认,名称关键词
SH,513140,港股金融,,港股/海外,固定类别/排除词
SH,513130,恒生科技,,港股/海外,固定类别/排除词
SH,513260,恒科技,,待人工确认,名称关键词
SH,513110,纳指100,,港股/海外,固定类别/排除词
SH,513550,港股通50,,港股/海外,固定类别/排除词
SH,513580,HS科技,,待人工确认,名称关键词
SH,513950,恒生红利,,港股/海外,固定类别/排除词
SH,513930,香港生科,,待人工确认,名称关键词
SH,513920,央企40,,区域主题,固定类别/排除词
SH,513910,红利央企,,区域主题,固定类别/排除词
SZ,159967,创业板成长ETF华夏,,宽基/综合指数,宽基关键词/人工映射
SH,513900,港股100,,港股/海外,固定类别/排除词
SH,513890,HK科技,,待人工确认,名称关键词
SH,513880,日经225,,港股/海外,固定类别/排除词
SH,513870,纳指指数,,港股/海外,固定类别/排除词
SH,513860,HKC科技,,待人工确认,名称关键词
SH,513850,美国50,,待人工确认,名称关键词
SH,513830,红利港股,,港股/海外,固定类别/排除词
SH,513820,港股分红,,港股/海外,固定类别/排除词
SH,513810,港股国企,,港股/海外,固定类别/排除词
SH,513560,香港科技,,待人工确认,名称关键词
SH,513800,东证ETF,,待人工确认,名称关键词
SH,513780,港股新药,,港股/海外,固定类别/排除词
SH,513770,港股互联,,港股/海外,固定类别/排除词
SH,513750,港股非银,,港股/海外,固定类别/排除词
SH,513730,东南亚,,港股/海外,固定类别/排除词
SH,513720,香港互联,,待人工确认,名称关键词
SH,513700,香港医药,,医药医疗,名称关键词
SH,513690,恒生股息,,港股/海外,固定类别/排除词
SH,513660,恒生通,,港股/海外,固定类别/排除词
SH,510670,180指,,待人工确认,名称关键词
SH,513650,标普ETF,,港股/海外,固定类别/排除词
SH,513630,香港红利,,策略类,固定类别/排除词
SH,513620,港医疗指,,医药医疗,名称关键词
SH,513600,恒指ETF,,待人工确认,名称关键词
SH,513590,香港消费,,消费,名称关键词
SZ,159968,中证500ETF博时,,宽基/综合指数,宽基关键词/人工映射
SH,560290,景顺有色,,资源周期,名称关键词
SH,560300,电信50,,待人工确认,名称关键词
SH,560310,光伏博时,,新能源,名称关键词
SH,589100,国泰芯片,,科技,名称关键词
SH,589090,KCAI,,科技,名称关键词
SH,510300,300ETF,宽基指数,宽基/综合指数,宽基关键词/人工映射
SZ,159881,有色金属ETF国泰,,资源周期,名称关键词
SH,589080,科创综E,,待人工确认,名称关键词
SH,589070,科芯TH,,待人工确认,名称关键词
SH,589060,科综东财,,待人工确认,名称关键词
SH,589050,科创E,,待人工确认,名称关键词
SH,589030,科芯设计,,待人工确认,名称关键词
SH,589020,KC半导体,,科技,名称关键词
SH,589010,科创AI指,,科技,名称关键词
SH,589000,科创综指,,待人工确认,名称关键词
SH,588990,科芯片,,科技,名称关键词
SH,588980,科创广发,,待人工确认,名称关键词
SZ,159883,医疗器械ETF永赢,,医药医疗,名称关键词
SH,588960,新能科创,,待人工确认,名称关键词
SH,588950,景顺科创,,待人工确认,名称关键词
SH,588940,科创富国,,待人工确认,名称关键词
SH,588930,科创板AI,,科技,名称关键词
SH,588920,KC芯片,,科技,名称关键词
SH,588910,科创价值,,策略类,固定类别/排除词
SH,588900,科创100S,,宽基/综合指数,宽基关键词/人工映射
SH,588890,科创芯,,待人工确认,名称关键词
SH,588880,科创指数,,待人工确认,名称关键词
SH,588870,科创50指,,宽基/综合指数,宽基关键词/人工映射
SZ,159885,碳中和ETF鹏华,,待人工确认,名称关键词
SH,588860,科创医药,,医药医疗,名称关键词
SH,588850,科创机械,,高端制造,名称关键词
SH,588840,50科创,,待人工确认,名称关键词
SH,589110,科AI国泰,,科技,名称关键词
SH,589120,创新药基,,医药医疗,名称关键词
SH,589130,科创芯易,,待人工确认,名称关键词
SH,589150,科创平安,,待人工确认,名称关键词
SH,589500,科综工银,,待人工确认,名称关键词
SH,589460,科200HB,,待人工确认,名称关键词
SH,589430,N科芯片,,科技,名称关键词
SH,589420,芯设计MW,,待人工确认,名称关键词
SH,589410,科创AIJS,,科技,名称关键词
SH,589400,芯设计FG,,待人工确认,名称关键词
SH,510290,380ETF,,待人工确认,名称关键词
SH,589390,芯设计,,待人工确认,名称关键词
SH,589380,AI科创指,,科技,名称关键词
SH,589360,科创50GT,,宽基/综合指数,宽基关键词/人工映射
SH,589350,科芯片指,,科技,名称关键词
SH,589330,科200DC,,待人工确认,名称关键词
SH,589320,科200JS,,待人工确认,名称关键词
SH,589310,科创人工,,待人工确认,名称关键词
SH,588830,科创新能,,待人工确认,名称关键词
SZ,159877,医疗ETF南方,,医药医疗,名称关键词
SH,589290,芯片主题,,科技,名称关键词
SH,589280,科综增指,,待人工确认,名称关键词
SH,589270,科创100Q,,宽基/综合指数,宽基关键词/人工映射
SH,589260,科创芯设,,待人工确认,名称关键词
SH,589250,芯设计PY,,待人工确认,名称关键词
SH,589230,AI科创CS,,科技,名称关键词
SH,589220,科200GT,,待人工确认,名称关键词
SH,589210,芯设计GF,,待人工确认,名称关键词
SH,589200,科200E,,待人工确认,名称关键词
SZ,159880,有色ETF鹏华,,资源周期,名称关键词
SH,589190,科创芯基,,待人工确认,名称关键词
SH,589180,科创材基,,待人工确认,名称关键词
SH,589170,芯设计KC,,待人工确认,名称关键词
SH,589160,科芯片GF,,科技,名称关键词
SH,589300,科综嘉实,,待人工确认,名称关键词
SH,588820,科创200E,,待人工确认,名称关键词
SH,588810,科创板芯,,待人工确认,名称关键词
SH,588800,科创100C,,宽基/综合指数,宽基关键词/人工映射
SH,588360,创创ETF,,待人工确认,名称关键词
SH,588350,双创,,待人工确认,名称关键词
SH,588330,双创龙头,,待人工确认,名称关键词
SZ,159889,智能汽车ETF国泰,,汽车,名称关键词
SH,588320,双创增强,,待人工确认,名称关键词
SH,588310,双创基金,,待人工确认,名称关键词
SH,588300,双创ETF,,待人工确认,名称关键词
SH,588290,芯片科创,,科技,名称关键词
SH,588280,科创五零,,待人工确认,名称关键词
SH,588270,科创200F,,待人工确认,名称关键词
SH,588260,科创技术,,待人工确认,名称关键词
SH,588250,KC医药,,医药医疗,名称关键词
SH,588240,科200,,待人工确认,名称关键词
SH,588230,科创200,,待人工确认,名称关键词
SH,588370,科创策略,,待人工确认,名称关键词
SZ,159890,云计算ETF招商,,科技,名称关键词
SH,588210,科创100E,,宽基/综合指数,宽基关键词/人工映射
SH,588200,科创芯片,,科技,名称关键词
SH,588190,科创100,,宽基/综合指数,宽基关键词/人工映射
SH,588180,科创50基,,宽基/综合指数,宽基关键词/人工映射
SH,588170,科创半导,,待人工确认,名称关键词
SH,588160,科创新材,,待人工确认,名称关键词
SH,588150,科创龙头,,待人工确认,名称关键词
SH,588140,科200GF,,待人工确认,名称关键词
SH,588130,科创药,,待人工确认,名称关键词
SZ,159891,医疗ETF建信,,医药医疗,名称关键词
SH,588120,科100ETF,,待人工确认,名称关键词
SH,588110,科创成长,,策略类,固定类别/排除词
SH,588100,科创信息,,待人工确认,名称关键词
SH,588090,科创板,,待人工确认,名称关键词
SH,588220,科创100F,,宽基/综合指数,宽基关键词/人工映射
SZ,159876,有色ETF华宝,,资源周期,名称关键词
SH,588380,创50ETF,,待人工确认,名称关键词
SH,588390,科创创业,,宽基/综合指数,宽基关键词/人工映射
SH,510310,HS300ETF,,待人工确认,名称关键词
SH,588790,科创智能,,待人工确认,名称关键词
SH,588780,芯片设计,,科技,名称关键词
SZ,159886,机械ETF富国,,高端制造,名称关键词
SH,588770,信息科创,,待人工确认,名称关键词
SH,588760,AI科创,,科技,名称关键词
SH,588750,科创芯50,,待人工确认,名称关键词
SH,588730,科创AI,,科技,名称关键词
SH,588720,中银科创,,待人工确认,名称关键词
SH,588710,科半导体,,科技,名称关键词
SH,588700,科创生物,,医药医疗,名称关键词
SH,588690,科综指增,,待人工确认,名称关键词
SH,588680,科100增,,待人工确认,名称关键词
SH,588670,科综增强,,待人工确认,名称关键词
SH,510320,300中金,,待人工确认,名称关键词
SZ,159887,银行ETF富国,,金融,名称关键词
SH,588550,科创增指,,待人工确认,名称关键词
SH,588530,AIBOCI,,科技,名称关键词
SH,588520,科创增,,待人工确认,名称关键词
SH,588510,智能双创,,待人工确认,名称关键词
SH,588500,科创100Z,,宽基/综合指数,宽基关键词/人工映射
SH,588480,AI50双创,,科技,名称关键词
SH,588470,双创智能,,待人工确认,名称关键词
SH,588460,科创增强,,待人工确认,名称关键词
SH,588450,科创50增,,宽基/综合指数,宽基关键词/人工映射
SH,588430,科创创AI,,科技,名称关键词
SZ,159888,智能汽车ETF华夏,,汽车,名称关键词
SH,588420,AI双创,,科技,名称关键词
SH,588410,双创AI,,科技,名称关键词
SH,588400,双创50,,宽基/综合指数,宽基关键词/人工映射
SH,588660,双创五零,,待人工确认,名称关键词
SH,588080,科创板50,,宽基/综合指数,宽基关键词/人工映射
SH,589520,AI科创板,,科技,名称关键词
SH,589560,科创AITF,,科技,名称关键词
SZ,159065,工程机械ETF景顺,,高端制造,名称关键词
SZ,159063,粮食ETF南方,,农业,名称关键词
SZ,159062,稀有金属ETF南方,,待人工确认,名称关键词
SZ,159061,绿色电力ETF南方,,公用事业,名称关键词
SZ,159060,粮食ETF浦银,,农业,名称关键词
SZ,159059,电力ETF大成,,公用事业,名称关键词
SZ,159058,证券ETF大成,,金融,名称关键词
SZ,159057,医疗器械ETF鹏华,,医药医疗,名称关键词
SZ,159056,医疗器械ETF富国,,医药医疗,名称关键词
SZ,159867,养殖ETF鹏华,,消费,名称关键词
SZ,159055,稀有金属ETF富国,,待人工确认,名称关键词
SZ,159053,稀有金属ETF华夏,,待人工确认,名称关键词
SZ,159052,新能源电池ETF嘉实,,新能源,名称关键词
SZ,159051,医疗器械ETF易方达,,医药医疗,名称关键词
SZ,159050,机器人ETF广发,,科技,名称关键词
SZ,159049,有色ETF工银,,资源周期,名称关键词
SH,510230,金融ETF,,金融,名称关键词
SZ,159048,机器人ETF大成,,科技,名称关键词
SZ,159046,绿电ETF天弘,,待人工确认,名称关键词
SZ,159045,稀有金属ETF大成,,待人工确认,名称关键词
SZ,159043,食品ETF华安,,消费,名称关键词
SZ,159042,价值ETF汇添富,,策略类,固定类别/排除词
SZ,159869,游戏ETF华夏,,待人工确认,名称关键词
SZ,159041,农业ETF鹏华,,农业,名称关键词
SZ,159040,港股通互联网ETF鹏华,,港股/海外,固定类别/排除词
SZ,159039,机器人ETF华安,,科技,名称关键词
SZ,159038,粮食ETF易方达,,农业,名称关键词
SZ,159037,价值ETF鹏华,,策略类,固定类别/排除词
SZ,159036,软件开发ETF华宝,,科技,名称关键词
SZ,159066,A股ETF建信,,待人工确认,名称关键词
SZ,159067,绿色电力ETF鹏华,,公用事业,名称关键词
SZ,159068,软件ETF华夏,,科技,名称关键词
SZ,159069,创业板新能源ETF华泰柏瑞,,宽基/综合指数,宽基关键词/人工映射
SZ,159107,创业板软件ETF富国,,宽基/综合指数,宽基关键词/人工映射
SZ,159106,民企300ETF前海开源,,待人工确认,名称关键词
SZ,159105,恒生生物科技ETF易方达,,港股/海外,固定类别/排除词
SZ,159103,金融科技ETF汇添富,,金融,名称关键词
SZ,159102,港股通生物科技ETF华安,,港股/海外,固定类别/排除词
SZ,159101,港股通科技ETF华夏,,港股/海外,固定类别/排除词
SZ,159100,巴西ETF华夏,,待人工确认,名称关键词
SZ,159865,养殖ETF国泰,,消费,名称关键词
SZ,159099,云计算ETF华宝,,科技,名称关键词
SZ,159098,价值ETF招商,,策略类,固定类别/排除词
SZ,159096,价值ETF华夏,,策略类,固定类别/排除词
SZ,159095,云计算ETF银华,,科技,名称关键词
SZ,159093,化工ETF汇添富,,资源周期,名称关键词
SZ,159091,港股通金融ETF易方达,,港股/海外,固定类别/排除词
SZ,159035,软件ETF天弘,,科技,名称关键词
SZ,159087,化工ETF万家,,资源周期,名称关键词
SZ,159085,价值ETF永赢,,策略类,固定类别/排除词
SZ,159083,红利低波100ETF嘉实,,策略类,固定类别/排除词
SZ,159082,化工ETF华夏,,资源周期,名称关键词
SH,510210,综指ETF,,待人工确认,名称关键词
SZ,159079,价值ETF兴全,,策略类,固定类别/排除词
SZ,159078,A股ETF富国,,待人工确认,名称关键词
SZ,159077,电池ETF鑫元,,新能源,名称关键词
SZ,159076,创业板新能源ETF华宝,,宽基/综合指数,宽基关键词/人工映射
SZ,159075,工业互联网ETF华夏,,科技,名称关键词
SZ,159073,粮食ETF汇添富,,农业,名称关键词
SZ,159072,粮食ETF景顺,,农业,名称关键词
SZ,159071,新能源电池ETF华宝,,新能源,名称关键词
SZ,159070,工程机械ETF嘉实,,高端制造,名称关键词
SZ,159866,日经ETF工银,,港股/海外,固定类别/排除词
SZ,159086,金融科技ETF广发,,金融,名称关键词
SZ,159033,粮食ETF国泰,,农业,名称关键词
SZ,159032,工业有色ETF易方达,,资源周期,名称关键词
SZ,159031,粮食ETF博时,,农业,名称关键词
SZ,158009,航空航天ETF南方,,军工,名称关键词
SZ,158008,新能源电池ETF华夏,,新能源,名称关键词
SZ,158006,化工ETF博时,,资源周期,名称关键词
SZ,158005,工程机械ETF博时,,高端制造,名称关键词
SZ,158003,港股通医疗ETF嘉实,,港股/海外,固定类别/排除词
SZ,158001,价值ETF嘉实,,策略类,固定类别/排除词
SZ,158000,港股通金融ETF鹏华,,港股/海外,固定类别/排除词
SZ,159996,家电ETF国泰,,消费,名称关键词
SH,589990,科创板综,,待人工确认,名称关键词
SH,589980,科基100,,待人工确认,名称关键词
SH,589960,科创新源,,待人工确认,名称关键词
SZ,159873,医疗设备ETF天弘,,医药医疗,名称关键词
SH,589950,科100FG,,待人工确认,名称关键词
SH,589900,博时科综,,待人工确认,名称关键词
SZ,158010,医疗ETF嘉实,,医药医疗,名称关键词
SH,589890,景顺科综,,待人工确认,名称关键词
SH,589860,天弘科综,,待人工确认,名称关键词
SH,589850,科创东财,,待人工确认,名称关键词
SH,589820,科200F,,待人工确认,名称关键词
SH,589800,科创综合,,待人工确认,名称关键词
SH,589780,科200FG,,待人工确认,名称关键词
SH,589770,科创全指,,待人工确认,名称关键词
SZ,159875,新能源ETF嘉实,,新能源,名称关键词
SH,589720,科创新药,,医药医疗,名称关键词
SH,589700,成长科创,,策略类,固定类别/排除词
SH,589680,科创综Z,,待人工确认,名称关键词
SH,589660,综指科创,,待人工确认,名称关键词
SH,589630,科综国泰,,待人工确认,名称关键词
SH,589600,富国科综,,待人工确认,名称关键词
SH,589580,科综价格,,待人工确认,名称关键词
SH,589880,科创综,,待人工确认,名称关键词
SH,589550,KC价值,,策略类,固定类别/排除词
SZ,158011,创业板软件ETF国泰,,宽基/综合指数,宽基关键词/人工映射
SZ,158017,化工ETF易方达,,资源周期,名称关键词
SZ,159870,化工ETF鹏华,,资源周期,名称关键词
SZ,159030,粮食ETF华夏,,农业,名称关键词
SZ,159029,有色ETF广发,,资源周期,名称关键词
SZ,159028,港股汽车ETF天弘,,港股/海外,固定类别/排除词
SZ,159027,畜牧养殖ETF大成,,消费,名称关键词
SZ,159026,石油ETF南方,,资源周期,名称关键词
SZ,159023,养殖ETF万家,,消费,名称关键词
SZ,159022,科创创业人工智能ETF富国,,宽基/综合指数,宽基关键词/人工映射
SZ,159021,大盘价值ETF华夏,,策略类,固定类别/排除词
SZ,159020,养殖ETF易方达,,消费,名称关键词
SZ,159871,有色ETF银华,,资源周期,名称关键词
SZ,159019,石油ETF华宝,,资源周期,名称关键词
SZ,159018,石油ETF广发,,资源周期,名称关键词
SH,510270,国企ETF,,待人工确认,名称关键词
SZ,158012,云计算ETF南方,,科技,名称关键词
SZ,159017,石油ETF工银,,资源周期,名称关键词
SZ,159015,恒生港股通科技ETF国联,,港股/海外,固定类别/排除词
SZ,159013,工业互联网ETF大成,,科技,名称关键词
SZ,159012,科创创业50ETF鹏华,,宽基/综合指数,宽基关键词/人工映射
SZ,159011,养殖ETF华安,,消费,名称关键词
SZ,159010,港股通科技ETF博时,,港股/海外,固定类别/排除词
SZ,159009,创业板新能源ETF易方达,,宽基/综合指数,宽基关键词/人工映射
SZ,159872,智能网联汽车ETF鹏华,,汽车,名称关键词
SZ,159008,证券ETF景顺,,金融,名称关键词
SZ,159007,养殖ETF华泰柏瑞,,消费,名称关键词
SZ,159005,快钱ETF汇添富,,待人工确认,名称关键词
SZ,159003,招商快线ETF,,待人工确认,名称关键词
SZ,159001,货币ETF易方达,,债券/货币,固定类别/排除词
SZ,158027,工业互联网ETF易方达,,科技,名称关键词
SZ,158019,电池ETF永赢,,新能源,名称关键词
SZ,159016,证券ETF广发,,金融,名称关键词
SH,588070,科创万家,,待人工确认,名称关键词
SH,588060,上证科创,,待人工确认,名称关键词
SH,588050,科创ETF,,待人工确认,名称关键词
SZ,159912,深300ETF汇添富,,待人工确认,名称关键词
SH,561390,稀金属PA,,待人工确认,名称关键词
SH,561380,电网ETF,,待人工确认,名称关键词
SH,561370,2000ETF,,待人工确认,名称关键词
SH,561360,石油ETF,,资源周期,名称关键词
SH,561350,国泰500,,待人工确认,名称关键词
SH,561330,矿业ETF,,待人工确认,名称关键词
SH,561320,交运ETF,,待人工确认,名称关键词
SH,561310,消电ETF,,待人工确认,名称关键词
SH,561300,300增ETF,,待人工确认,名称关键词
SH,561280,增强1000,,待人工确认,名称关键词
SH,561260,能源ETF,,待人工确认,名称关键词
SZ,159913,深价值ETF交银,,策略类,固定类别/排除词
SH,561250,稀金属PH,,待人工确认,名称关键词
SH,561230,A50,,宽基/综合指数,宽基关键词/人工映射
SH,561220,国企数字,,待人工确认,名称关键词
SH,561200,A100基金,,待人工确认,名称关键词
SH,561190,双碳ETF,,待人工确认,名称关键词
SH,561180,A100ETF,,待人工确认,名称关键词
SH,561170,绿电50,,待人工确认,名称关键词
SH,561160,锂电池,,新能源,名称关键词
SH,561130,国货ETF,,待人工确认,名称关键词
SH,561120,家电ETF,,消费,名称关键词
SZ,159915,创业板ETF易方达,宽基指数,宽基/综合指数,宽基关键词/人工映射
SH,561100,电子龙头,,科技,名称关键词
SH,561090,A500增,,宽基/综合指数,宽基关键词/人工映射
SH,561080,现金自由,,债券/货币,固定类别/排除词
SH,561060,红利国企,,策略类,固定类别/排除词
SH,561050,稀金属E,,待人工确认,名称关键词
SH,561400,鑫元养殖,,消费,名称关键词
SZ,159995,芯片ETF华夏,,科技,名称关键词
SH,561410,光伏工银,,新能源,名称关键词
SH,561420,300现金,,债券/货币,固定类别/排除词
SH,561810,华泰医疗,,医药医疗,名称关键词
SH,561800,稀金属,,待人工确认,名称关键词
SH,561790,现代能源,,待人工确认,名称关键词
SH,561780,1000指增,,待人工确认,名称关键词
SZ,159909,TMT50ETF招商,,待人工确认,名称关键词
SH,561770,指基A100,,待人工确认,名称关键词
SH,561760,油气博时,,资源周期,名称关键词
SH,561750,A50博时,,宽基/综合指数,宽基关键词/人工映射
SH,561730,中证A股,,待人工确认,名称关键词
SH,510390,平安300,,待人工确认,名称关键词
SH,561700,电力基金,,公用事业,名称关键词
SH,561680,A500红低,,宽基/综合指数,宽基关键词/人工映射
SH,561660,通航基金,,待人工确认,名称关键词
SH,561630,华泰质量,,待人工确认,名称关键词
SH,561030,机械华泰,,高端制造,名称关键词
SH,561620,华泰化工,,资源周期,名称关键词
SH,561590,1000增强,,待人工确认,名称关键词
SH,561580,央企红利,,区域主题,固定类别/排除词
SZ,159910,基本面120ETF嘉实,,待人工确认,名称关键词
SH,561570,油气基金,,资源周期,名称关键词
SH,561560,电力ETF,,公用事业,名称关键词
SH,561550,500指增,,待人工确认,名称关键词
SH,561530,银华银行,,金融,名称关键词
SH,561510,中医药,,医药医疗,名称关键词
SH,561500,漂亮50,,待人工确认,名称关键词
SH,561490,红利财通,,策略类,固定类别/排除词
SH,561470,畜牧TH,,农业,名称关键词
SH,561460,AITH,,科技,名称关键词
SH,561450,华泰红利,,策略类,固定类别/排除词
SH,561430,全指质量,,待人工确认,名称关键词
SH,561600,消费电子,,科技,名称关键词
SH,561020,食品招商,,消费,名称关键词
SH,561010,软件开发,,科技,名称关键词
SH,561000,300指增,,待人工确认,名称关键词
SH,560620,公用WJ,,待人工确认,名称关键词
SH,560610,A500指数,,宽基/综合指数,宽基关键词/人工映射
SZ,159920,恒生ETF华夏,,港股/海外,固定类别/排除词
SH,560590,1000鹏华,,待人工确认,名称关键词
SH,560580,电力指基,,公用事业,名称关键词
SH,560570,A500低波,,宽基/综合指数,宽基关键词/人工映射
SH,560560,碳中和TK,,待人工确认,名称关键词
SH,560550,碳中和,,待人工确认,名称关键词
SH,560530,A500ETF,,宽基/综合指数,宽基关键词/人工映射
SH,560520,红利大成,,策略类,固定类别/排除词
SH,560510,中证A500,,宽基/综合指数,宽基关键词/人工映射
SH,560500,500质量,,待人工确认,名称关键词
SH,560490,华泰有色,,资源周期,名称关键词
SZ,159922,中证500ETF嘉实,宽基指数,宽基/综合指数,宽基关键词/人工映射
SH,510500,500ETF,宽基指数,宽基/综合指数,宽基关键词/人工映射
SH,560480,中证电力,,公用事业,名称关键词
SH,560460,电力平安,,公用事业,名称关键词
SH,560450,电力TH,,公用事业,名称关键词
SH,560420,食品Q,,消费,名称关键词
SH,560410,电池鹏华,,新能源,名称关键词
SH,560400,证券华泰,,金融,名称关键词
SH,560390,电网E,,待人工确认,名称关键词
SH,560380,A100,,待人工确认,名称关键词
SZ,159923,中证A100ETF大成,,待人工确认,名称关键词
SH,560370,全指红利,,策略类,固定类别/排除词
SH,560360,软件指数,,科技,名称关键词
SH,560350,A50指数,,宽基/综合指数,宽基关键词/人工映射
SH,560330,300价值E,,策略类,固定类别/排除词
SH,560320,食品富国,,消费,名称关键词
SH,510510,广发500,,待人工确认,名称关键词
SH,560470,有色E,,资源周期,名称关键词
SH,561830,有色GTHT,,资源周期,名称关键词
SH,560630,机器人WJ,,科技,名称关键词
SH,560670,中证银行,,金融,名称关键词
SH,560990,科技先锋,,待人工确认,名称关键词
SH,560980,光伏龙头,,新能源,名称关键词
SH,510410,资源ETF,,资源周期,名称关键词
SZ,159916,基本面ETF建信,,待人工确认,名称关键词
SH,560970,有色金属,,资源周期,名称关键词
SH,560950,500增,,待人工确认,名称关键词
SH,560930,电力E,,公用事业,名称关键词
SH,560920,招商机械,,高端制造,名称关键词
SH,560910,中证电池,,新能源,名称关键词
SH,560900,创新药企,,医药医疗,名称关键词
SH,560880,家电基金,,消费,名称关键词
SH,560870,中银有色,,资源周期,名称关键词
SH,560860,工业有色,,资源周期,名称关键词
SH,560850,信创50,,科技,名称关键词
SH,560660,云50ETF,,待人工确认,名称关键词
SZ,159918,中创400ETF嘉实,,待人工确认,名称关键词
SH,560820,A50新华,,宽基/综合指数,宽基关键词/人工映射
SH,560810,央企ESG,,区域主题,固定类别/排除词
SH,560800,数字ETF,,待人工确认,名称关键词
SH,560790,软件服务,,科技,名称关键词
SH,560780,半导设备,,待人工确认,名称关键词
SH,560770,机器人ZS,,科技,名称关键词
SH,560750,A500申万,,宽基/综合指数,宽基关键词/人工映射
SH,560730,红利GTHT,,策略类,固定类别/排除词
SH,560720,工银红利,,策略类,固定类别/排除词
SZ,159919,沪深300ETF嘉实,宽基指数,宽基/综合指数,宽基关键词/人工映射
SH,560710,船舶ETF,,待人工确认,名称关键词
SH,560700,央红利50,,策略类,固定类别/排除词
SH,560690,电信主题,,待人工确认,名称关键词
SH,560680,龙头消费,,消费,名称关键词
SH,560830,电指数,,待人工确认,名称关键词
SH,561870,现金流指,,债券/货币,固定类别/排除词
SH,561880,A100指数,,待人工确认,名称关键词
SH,561890,A股E,,待人工确认,名称关键词
SH,563620,现金流全,,债券/货币,固定类别/排除词
SH,563600,A500增强,,宽基/综合指数,宽基关键词/人工映射
SZ,159898,医疗器械ETF招商,,医药医疗,名称关键词
SH,563590,红利A500,,宽基/综合指数,宽基关键词/人工映射
SH,563580,现金800,,债券/货币,固定类别/排除词
SH,563570,金融科,,金融,名称关键词
SH,563560,科技成长,,策略类,固定类别/排除词
SH,563550,增强A500,,宽基/综合指数,宽基关键词/人工映射
SH,563530,卫星E,,待人工确认,名称关键词
SH,563520,300永赢,,待人工确认,名称关键词
SH,563510,A500红利,,宽基/综合指数,宽基关键词/人工映射
SH,563500,A500华宝,,宽基/综合指数,宽基关键词/人工映射
SH,563390,现金基金,,债券/货币,固定类别/排除词
SZ,159899,软件ETF招商,,科技,名称关键词
SH,563630,A500指增,,宽基/综合指数,宽基关键词/人工映射
SH,563380,航空航天,,军工,名称关键词
SH,563350,中证A50,,宽基/综合指数,宽基关键词/人工映射
SH,563330,A股ETF,,待人工确认,名称关键词
SH,563320,通用航空,,待人工确认,名称关键词
SH,510360,广发300,,待人工确认,名称关键词
SH,563300,中证2000,,宽基/综合指数,宽基关键词/人工映射
SH,563280,A50增强,,宽基/综合指数,宽基关键词/人工映射
SH,563230,卫星ETF,,待人工确认,名称关键词
SH,563220,A500富国,,宽基/综合指数,宽基关键词/人工映射
SH,563210,专精特新,,待人工确认,名称关键词
SZ,159901,深证100ETF易方达,,宽基/综合指数,宽基关键词/人工映射
SH,563200,2000指数,,待人工确认,名称关键词
SH,563180,高股息,,待人工确认,名称关键词
SH,563150,油气资源,,资源周期,名称关键词
SH,563090,上50增强,,待人工确认,名称关键词
SH,563360,A500基金,,宽基/综合指数,宽基关键词/人工映射
SH,563080,中证A50E,,宽基/综合指数,宽基关键词/人工映射
SH,563650,A500中证,,宽基/综合指数,宽基关键词/人工映射
SH,563670,金科基金,,待人工确认,名称关键词
SH,588040,科创板指,,待人工确认,名称关键词
SH,588030,科创指基,,待人工确认,名称关键词
SZ,159892,恒生医药ETF华夏,,港股/海外,固定类别/排除词
SH,588020,科创50E,,宽基/综合指数,宽基关键词/人工映射
SH,588010,科创材料,,资源周期,名称关键词
SH,588000,科创50,,宽基/综合指数,宽基关键词/人工映射
SH,563990,800现金,,债券/货币,固定类别/排除词
SH,563980,800红利,,策略类,固定类别/排除词
SH,563960,300质量,,待人工确认,名称关键词
SH,563930,上指增强,,待人工确认,名称关键词
SH,563900,现金流,,债券/货币,固定类别/排除词
SH,563890,红利国有,,策略类,固定类别/排除词
SH,563880,A500添富,,宽基/综合指数,宽基关键词/人工映射
SZ,159895,物联网ETF易方达,,待人工确认,名称关键词
SH,563660,A500银河,,宽基/综合指数,宽基关键词/人工映射
SH,563870,航空通用,,待人工确认,名称关键词
SH,563850,食品广发,,消费,名称关键词
SH,563830,现金流基,,债券/货币,固定类别/排除词
SH,563800,A500龙头,,宽基/综合指数,宽基关键词/人工映射
SH,563790,卫星产业,,待人工确认,名称关键词
SH,563780,现金指数,,债券/货币,固定类别/排除词
SH,563770,全指现金,,债券/货币,固定类别/排除词
SH,510350,工银300,,待人工确认,名称关键词
SH,563760,中银现金,,债券/货币,固定类别/排除词
SH,563750,500添富,,待人工确认,名称关键词
SZ,159896,物联网ETF南方,,待人工确认,名称关键词
SH,563700,红利价值,,策略类,固定类别/排除词
SZ,159798,消费ETF易方达,,消费,名称关键词
SH,563690,红利永赢,,策略类,固定类别/排除词
SH,563680,现金流TF,,债券/货币,固定类别/排除词
SH,563860,A500海富,,宽基/综合指数,宽基关键词/人工映射
SZ,159109,恒生50ETF景顺,,港股/海外,固定类别/排除词
SH,563060,央企50,,区域主题,固定类别/排除词
SH,563030,增强500,,待人工确认,名称关键词
SH,562500,机器人,,科技,名称关键词
SZ,159906,深成长ETF大成,,策略类,固定类别/排除词
SH,562390,中药,,医药医疗,名称关键词
SH,562380,科技引领,,待人工确认,名称关键词
SH,562360,机器人YH,,科技,名称关键词
SH,562350,电力,,公用事业,名称关键词
SH,562340,500成长,,策略类,固定类别/排除词
SH,562330,500价值,,策略类,固定类别/排除词
SH,562320,300价值A,,策略类,固定类别/排除词
SH,562310,300成长,,策略类,固定类别/排除词
SH,562300,低碳ETF,,待人工确认,名称关键词
SH,562180,红低A500,,宽基/综合指数,宽基关键词/人工映射
SH,510380,国寿300,,待人工确认,名称关键词
SH,562080,自由现金,,债券/货币,固定类别/排除词
SH,562510,旅游ETF,,消费,名称关键词
SZ,159907,国证2000ETF广发,,宽基/综合指数,宽基关键词/人工映射
SH,562060,标普红利,,港股/海外,固定类别/排除词
SH,562050,药ETF,,待人工确认,名称关键词
SH,562030,信创基金,,科技,名称关键词
SH,562010,绿色能源,,待人工确认,名称关键词
SH,562000,中证A100,,待人工确认,名称关键词
SH,561990,300增强,,待人工确认,名称关键词
SH,561980,芯片设备,,科技,名称关键词
SH,561960,央企回报,,区域主题,固定类别/排除词
SH,561950,500增强A,,待人工确认,名称关键词
SZ,159908,创业板ETF博时,,宽基/综合指数,宽基关键词/人工映射
SH,561930,招商300,,待人工确认,名称关键词
SH,561920,疫苗龙头,,医药医疗,名称关键词
SH,561910,电池ETF,,新能源,名称关键词
SH,561900,沪深ESG,,待人工确认,名称关键词
SH,562070,300ETF增,,待人工确认,名称关键词
SH,563050,科技央企,,区域主题,固定类别/排除词
SH,562520,1000成长,,策略类,固定类别/排除词
SH,562550,绿电ETF,,待人工确认,名称关键词
SH,563020,低波红利,,策略类,固定类别/排除词
SH,563010,电信ETF,,待人工确认,名称关键词
SZ,159902,中小100ETF华夏,,待人工确认,名称关键词
SH,563000,中国A50,,宽基/综合指数,宽基关键词/人工映射
SH,562990,碳中和E,,待人工确认,名称关键词
SH,562970,光伏E,,新能源,名称关键词
SH,562960,绿色电力,,公用事业,名称关键词
SH,562950,消电50,,待人工确认,名称关键词
SH,562930,软件30,,科技,名称关键词
SH,562920,信息安全,,待人工确认,名称关键词
SH,562910,高端制造,,待人工确认,名称关键词
SH,562900,现代农业,,农业,名称关键词
SH,562890,A50中证,,宽基/综合指数,宽基关键词/人工映射
SZ,159903,深成ETF南方,,待人工确认,名称关键词
SH,562530,1000价值,,策略类,固定类别/排除词
SH,562880,电池基金,,新能源,名称关键词
SH,510370,兴业300,,待人工确认,名称关键词
SH,562860,疫苗ETF,,医药医疗,名称关键词
SH,562850,央企能源,,区域主题,固定类别/排除词
SH,562820,集成电路,,待人工确认,名称关键词
SH,562810,上证增强,,待人工确认,名称关键词
SH,562800,稀有金属,,待人工确认,名称关键词
SH,562700,汽车零件,,汽车,名称关键词
SH,562660,ZZ2000,,待人工确认,名称关键词
SH,562600,医疗器械,,医药医疗,名称关键词
SZ,159905,红利ETF工银,,策略类,固定类别/排除词
SH,562590,半导材料,,资源周期,名称关键词
SH,562580,可选消费,,消费,名称关键词
SH,562570,信创ETF,,科技,名称关键词
SH,562560,信息技术,,待人工确认,名称关键词
SH,562870,证券全指,,金融,名称关键词
SZ,159998,计算机ETF天弘,,科技,名称关键词
