date,plot_industry,shares,change_pct_from_start
2026-06-01,公用事业,19325461990.0,0.0
2026-06-01,军工,33067971779.0,0.0
2026-06-01,农业,6712474618.0,0.0
2026-06-01,医药医疗,279737072908.0,0.0
2026-06-01,地产基建,7996766012.0,0.0
2026-06-01,新能源,66742952993.0,0.0
2026-06-01,汽车,1976400128.0,0.0
2026-06-01,消费,116443563195.0,0.0
2026-06-01,科技,238290141705.0,0.0
2026-06-01,资源周期,112639209932.0,0.0
2026-06-01,金融,232097889613.0,0.0
2026-06-01,高端制造,4992863199.0,0.0
2026-06-02,公用事业,20063861990.0,3.820865966268161
2026-06-02,军工,33267971779.0,0.60481483816619
2026-06-02,农业,6760474618.0,0.7150865028417996
2026-06-02,医药医疗,282811172908.0,1.0989247753411036
2026-06-02,地产基建,7909266012.0,-1.0941923256063357
2026-06-02,新能源,65996452993.0,-1.1184701403282094
2026-06-02,汽车,1964400128.0,-0.6071645022682426
2026-06-02,消费,117482263195.0,0.8920201095706348
2026-06-02,科技,235072641705.0,-1.3502446962255
2026-06-02,资源周期,112041109932.0,-0.5309873891703232
2026-06-02,金融,232934789613.0,0.36058061596142554
2026-06-02,高端制造,4996363199.0,0.07010005803285146
2026-06-03,公用事业,20844561990.0,7.86061415135153
2026-06-03,军工,32801171779.0,-0.8068229941136984
2026-06-03,农业,6776974618.0,0.9608974881936794
2026-06-03,医药医疗,285632772908.0,2.1075862196995976
2026-06-03,地产基建,7873266012.0,-1.544374310998664
2026-06-03,新能源,65602952993.0,-1.7080454922627775
2026-06-03,汽车,1956400128.0,-1.011940837113734
2026-06-03,消费,118032763195.0,1.3647813210067028
2026-06-03,科技,232790991705.0,-2.3077538838379152
2026-06-03,资源周期,112348709932.0,-0.2579030873666177
2026-06-03,金融,233852189613.0,0.7558448734390044
2026-06-03,高端制造,4804863199.0,-3.7653745457647214
2026-06-04,公用事业,20961861990.0,8.467585410619204
2026-06-04,军工,32677571779.0,-1.180598564100399
2026-06-04,农业,7220298091.0,7.565368986844789
2026-06-04,医药医疗,286443972908.0,2.397572810167259
2026-06-04,地产基建,7842016012.0,-1.9351572844294895
2026-06-04,新能源,64344452993.0,-3.593637818589712
2026-06-04,汽车,1941400128.0,-1.7708964649490233
2026-06-04,消费,118344663195.0,1.6326364015642136
2026-06-04,科技,232772791705.0,-2.3153916316145384
2026-06-04,资源周期,112229909932.0,-0.3633725771399643
2026-06-04,金融,235255789613.0,1.3605897086205632
2026-06-04,高端制造,4757863199.0,-4.706718182205893
2026-06-05,公用事业,21356161990.0,10.507898859291377
2026-06-05,军工,32652971779.0,-1.254990789194843
2026-06-05,农业,7309298091.0,8.8912585441973
2026-06-05,医药医疗,286360572908.0,2.3677591000526244
2026-06-05,地产基建,7871516012.0,-1.5662581575107914
2026-06-05,新能源,62892452993.0,-5.769148392945455
2026-06-05,汽车,1881400128.0,-4.806718976290214
2026-06-05,消费,117712363195.0,1.0896265668847827
2026-06-05,科技,234800241705.0,-1.4645591189921925
2026-06-05,资源周期,112233009932.0,-0.3606204271542901
2026-06-05,金融,235547089613.0,1.4860970971132925
2026-06-05,高端制造,4738163199.0,-5.101281365990817
2026-06-08,公用事业,21292561990.0,10.178799352987689
2026-06-08,军工,33126771779.0,0.17781556242086882
2026-06-08,农业,7262798091.0,8.198518494569296
2026-06-08,医药医疗,288819525160.0,3.246781757449435
2026-06-08,地产基建,7917516012.0,-0.9910256206206003
2026-06-08,新能源,62920952993.0,-5.726447255638889
2026-06-08,汽车,1868400128.0,-5.4644805204141385
2026-06-08,消费,117680863195.0,1.062574835440211
2026-06-08,科技,237622882585.0,-0.2800196077041517
2026-06-08,资源周期,112373647932.0,-0.23576337241739687
2026-06-08,金融,237472163613.0,2.3155204077732305
2026-06-08,高端制造,4828163199.0,-3.2987084451460036
2026-06-09,公用事业,21168161990.0,9.535088997890506
2026-06-09,军工,33058371779.0,-0.02903111223198085
2026-06-09,农业,7607253346.0,13.33008732130747
2026-06-09,医药医疗,289111025160.0,3.350986751435303
2026-06-09,地产基建,7858266012.0,-1.7319501382454638
2026-06-09,新能源,62051452993.0,-7.029206514869135
2026-06-09,汽车,1862900128.0,-5.7427642506204135
2026-06-09,消费,117204263195.0,0.6532778447582377
2026-06-09,科技,237041436482.0,-0.5240272275073288
2026-06-09,资源周期,111638847932.0,-0.8881116980524961
2026-06-09,金融,237827863613.0,2.4687747094789048
2026-06-09,高端制造,6539697011.0,30.980897139537266
2026-06-10,公用事业,21194361990.0,9.670661436021888
2026-06-10,军工,32973971779.0,-0.28426297393810973
2026-06-10,农业,7543253346.0,12.376638650851724
2026-06-10,医药医疗,287880125160.0,2.9109664183402995
2026-06-10,地产基建,7808766012.0,-2.3509503681598987
2026-06-10,新能源,62162879085.0,-6.862258414727851
2026-06-10,汽车,1854900128.0,-6.147540585465904
2026-06-10,消费,116696163195.0,0.21692912263169273
2026-06-10,科技,238388476646.0,0.041266894339986315
2026-06-10,资源周期,110611747932.0,-1.7999611336265375
2026-06-10,金融,237034963613.0,2.127151611861744
2026-06-10,高端制造,6518697011.0,30.560296791340136
2026-06-11,公用事业,21027161990.0,8.805481601839826
2026-06-11,军工,32846971779.0,-0.6683203961736384
2026-06-11,农业,7504253346.0,11.795630867292761
2026-06-11,医药医疗,287327425160.0,2.7133880300864943
2026-06-11,地产基建,7811016012.0,-2.322813994072881
2026-06-11,新能源,61817879085.0,-7.379166918965274
2026-06-11,汽车,1852900128.0,-6.248734669177269
2026-06-11,消费,116638563195.0,0.16746309941877424
2026-06-11,科技,240106676646.0,0.7623206432303187
2026-06-11,资源周期,109759747932.0,-2.5563584845262333
2026-06-11,金融,238727363613.0,2.8563267038119067
2026-06-11,高端制造,6412897011.0,28.44127217994703
2026-06-12,公用事业,20951461990.0,8.41377039700979
2026-06-12,军工,32621771779.0,-1.3493419039487642
2026-06-12,农业,7754739993.0,15.527289625871932
2026-06-12,医药医疗,286520040494.0,2.4247653396411994
2026-06-12,地产基建,7687016012.0,-3.8734408326464354
2026-06-12,新能源,62628879085.0,-6.164057362627462
2026-06-12,汽车,1831900128.0,-7.311272548146686
2026-06-12,消费,117030741138.0,0.5042596833082946
2026-06-12,科技,241196176646.0,1.2195363686499539
2026-06-12,资源周期,110387947932.0,-1.9986486067854026
2026-06-12,金融,236368263613.0,1.839902123677395
2026-06-12,高端制造,6395897011.0,28.10078618378744
2026-06-15,公用事业,21073161990.0,9.043509546650697
2026-06-15,军工,32746371779.0,-0.9725422597712363
2026-06-15,农业,7577739993.0,12.890408146642773
2026-06-15,医药医疗,287483140494.0,2.769052920113846
2026-06-15,地产基建,7718266012.0,-3.482657859215599
2026-06-15,新能源,63182379085.0,-5.334756327568291
2026-06-15,汽车,1824400128.0,-7.690750362064335
2026-06-15,消费,117505246306.0,0.911757663428836
2026-06-15,科技,240015576646.0,0.7240899387000566
2026-06-15,资源周期,112722747932.0,0.07416422758153018
2026-06-15,金融,237270763613.0,2.2287466760793295
2026-06-15,高端制造,6701897011.0,34.22953411465981
2026-06-16,公用事业,20973961990.0,8.530197109145533
2026-06-16,军工,32653571779.0,-1.2531763446803401
2026-06-16,农业,7653239993.0,14.015179625071017
2026-06-16,医药医疗,287566640494.0,2.7989023780823574
2026-06-16,地产基建,7685266012.0,-3.8953246791585627
2026-06-16,新能源,63190879085.0,-5.322020900652302
2026-06-16,汽车,1792900128.0,-9.28455718051846
2026-06-16,消费,117444146306.0,0.859285892277617
2026-06-16,科技,239699176646.0,0.5913106311986605
2026-06-16,资源周期,112553347932.0,-0.07622745228045291
2026-06-16,金融,235651363613.0,1.5310238304730328
2026-06-16,高端制造,7083097011.0,41.86443186383806
2026-06-17,公用事业,20674161990.0,6.978875851443478
2026-06-17,军工,32667371779.0,-1.2114441208468718
2026-06-17,农业,7660739993.0,14.12691189114006
2026-06-17,医药医疗,287044240494.0,2.612155589546461
2026-06-17,地产基建,7423766012.0,-7.165396600827789
2026-06-17,新能源,63825790823.0,-4.3707418374280715
2026-06-17,汽车,1782900128.0,-9.790527599075327
2026-06-17,消费,117250146306.0,0.6926815779840778
2026-06-17,科技,238427038068.0,0.05744944462262591
2026-06-17,资源周期,111444647932.0,-1.0605205777998172
2026-06-17,金融,234207963613.0,0.9091310582437062
2026-06-17,高端制造,7283597011.0,45.880163759720105
2026-06-18,公用事业,20041461990.0,3.7049567061863575
2026-06-18,军工,32333171779.0,-2.2220897154225816
2026-06-18,农业,7656739993.0,14.067321349236561
2026-06-18,医药医疗,285361040494.0,2.010447713467567
2026-06-18,地产基建,7301516012.0,-8.694139592889217
2026-06-18,新能源,63450290823.0,-4.93334805001111
2026-06-18,汽车,1767900128.0,-10.549483226910617
2026-06-18,消费,116973946306.0,0.4554851263970816
2026-06-18,科技,238238838068.0,-0.02152990326537152
2026-06-18,资源周期,109617947932.0,-2.6822471516125934
2026-06-18,金融,234050163613.0,0.8411425038182152
2026-06-18,高端制造,7396597011.0,48.14339420478082
2026-06-22,公用事业,20040061990.0,3.6977123774312393
2026-06-22,军工,32125771779.0,-2.8492827026009193
2026-06-22,农业,7546739993.0,12.428581446890764
2026-06-22,医药医疗,286117940494.0,2.2810232192922664
2026-06-22,地产基建,7095016012.0,-11.276433481320169
2026-06-22,新能源,63184790823.0,-5.331142855446003
2026-06-22,汽车,1746400128.0,-11.637319626807873
2026-06-22,消费,116978146306.0,0.4590920239230245
2026-06-22,科技,239860338068.0,0.6589430648557437
2026-06-22,资源周期,109209347932.0,-3.0449982755299865
2026-06-22,金融,229993263613.0,-0.9067837727905426
2026-06-22,高端制造,7497597011.0,50.16628159372889
2026-06-23,公用事业,20333502220.0,5.216124874642647
2026-06-23,军工,32298971779.0,-2.3255130527489953
2026-06-23,农业,7481239993.0,11.45278632322122
2026-06-23,医药医疗,286315140494.0,2.351517987093321
2026-06-23,地产基建,7092766012.0,-11.304569855407198
2026-06-23,新能源,63435290823.0,-4.95582233280405
2026-06-23,汽车,1739900128.0,-11.96620039886984
2026-06-23,消费,116772046306.0,0.282096409614252
2026-06-23,科技,241045953568.0,1.1564942818371726
2026-06-23,资源周期,109402747932.0,-2.8732996280370293
2026-06-23,金融,225727063613.0,-2.7448875173413767
2026-06-23,高端制造,7439797011.0,49.008629206786324
2026-06-24,公用事业,20100402220.0,4.0099441369163324
2026-06-24,军工,32188971779.0,-2.6581612137404065
2026-06-24,农业,7461239993.0,11.154833613703797
2026-06-24,医药医疗,285598040494.0,2.095170127102719
2026-06-24,地产基建,7056016012.0,-11.764130632161852
2026-06-24,新能源,63292790823.0,-5.169328019336894
2026-06-24,汽车,1742400128.0,-11.839707794230625
2026-06-24,消费,117123746306.0,0.5841311381556968
2026-06-24,科技,241830553568.0,1.4857567491747048
2026-06-24,资源周期,108510547932.0,-3.665386149718608
2026-06-24,金融,227622263613.0,-1.9283354999317992
2026-06-24,高端制造,7449797011.0,49.20891508688019
2026-06-25,公用事业,19703102220.0,1.954107126626048
2026-06-25,军工,32018371779.0,-3.174068270696162
2026-06-25,农业,7428739993.0,10.670660460737992
2026-06-25,医药医疗,285817240494.0,2.1735294227517965
2026-06-25,地产基建,6965766012.0,-12.892711859430106
2026-06-25,新能源,62808790823.0,-5.894498210788813
2026-06-25,汽车,1726400128.0,-12.649260463921607
2026-06-25,消费,116394546306.0,-0.04209497515798022
2026-06-25,科技,250056636170.0,4.937885546086407
2026-06-25,资源周期,107462297515.0,-4.5960127207260175
2026-06-25,金融,227784463613.0,-1.8584511936718617
2026-06-25,高端制造,7906514712.0,58.35632575680349
2026-06-26,公用事业,19550302220.0,1.163440388210879
2026-06-26,军工,31833571779.0,-3.732917181161721
2026-06-26,农业,7304739993.0,8.823353661729993
2026-06-26,医药医疗,286264040494.0,2.33325083377367
2026-06-26,地产基建,6958516012.0,-12.98337350926606
2026-06-26,新能源,62439790823.0,-6.447365567494911
2026-06-26,汽车,1718400128.0,-13.054036798767099
2026-06-26,消费,115828846306.0,-0.5279097204974548
2026-06-26,科技,255972735070.0,7.420614733987119
2026-06-26,资源周期,106489197515.0,-5.459921479130358
2026-06-26,金融,231324363613.0,-0.3332757576080425
2026-06-26,高端制造,7780814712.0,55.83873224402358
2026-06-29,公用事业,19551002220.0,1.167062552588427
2026-06-29,军工,31806171779.0,-3.81577681399049
2026-06-29,农业,7299239993.0,8.741416666612722
2026-06-29,医药医疗,282558540494.0,1.0086141091952827
2026-06-29,地产基建,6950016012.0,-13.089666478039252
2026-06-29,新能源,62247290823.0,-6.735785530004201
2026-06-29,汽车,1714400128.0,-13.25642496618984
2026-06-29,消费,115598246306.0,-0.725945570374209
2026-06-29,科技,258820685070.0,8.615775381264633
2026-06-29,资源周期,106197897515.0,-5.718534798751341
2026-06-29,金融,232735063613.0,0.27452813166997103
2026-06-29,高端制造,7667314712.0,53.56548750495818
2026-06-30,公用事业,19568702220.0,1.258651566135205
2026-06-30,军工,31454971779.0,-4.877831669810318
2026-06-30,农业,7225239993.0,7.638991641398274
2026-06-30,医药医疗,285612040494.0,2.1001748266423537
2026-06-30,地产基建,6989266012.0,-12.598843063410115
2026-06-30,新能源,61675290823.0,-7.59280484717465
2026-06-30,汽车,1709400128.0,-13.509410175468272
2026-06-30,消费,115819646306.0,-0.5358105436495175
2026-06-30,科技,260570466570.0,9.350082511001535
2026-06-30,资源周期,105476997515.0,-6.35854283896683
2026-06-30,金融,234119963613.0,0.8712160215552212
2026-06-30,高端制造,7774614712.0,55.71455499836537
2026-07-01,公用事业,19640002220.0,1.6275948805920315
2026-07-01,军工,31482971779.0,-4.793157592467045
2026-07-01,农业,7213739993.0,7.467668833425756
2026-07-01,医药医疗,287810640494.0,2.886127141487327
2026-07-01,地产基建,6972516012.0,-12.808302737169042
2026-07-01,新能源,61500290823.0,-7.855004813092181
2026-07-01,汽车,1698400128.0,-14.065977635880822
2026-07-01,消费,115577146306.0,-0.744065936516447
2026-07-01,科技,264555916570.0,11.022602394318382
2026-07-01,资源周期,105530697515.0,-6.310868498892519
2026-07-01,金融,231878663613.0,-0.0944541117394615
2026-07-01,高端制造,7937614712.0,58.979214843895434
2026-07-02,公用事业,19786202220.0,2.384109783447408
2026-07-02,军工,31671571779.0,-4.222817200076334
2026-07-02,农业,7204239993.0,7.326141296404964
2026-07-02,医药医疗,290361540494.0,3.798019145461695
2026-07-02,地产基建,6965516012.0,-12.895838123217551
2026-07-02,新能源,61821790823.0,-7.373306018563685
2026-07-02,汽车,1737400128.0,-12.092693003509059
2026-07-02,消费,116184446306.0,-0.22252572996763753
2026-07-02,科技,275960220170.0,15.808492200082313
2026-07-02,资源周期,106965997515.0,-5.036623055528267
2026-07-02,金融,237120763613.0,2.164118772633028
2026-07-02,高端制造,8126814712.0,62.76862369527141
2026-07-03,公用事业,19871702220.0,2.8265312895632277
2026-07-03,军工,31672171779.0,-4.221002755561831
2026-07-03,农业,7202239993.0,7.2963460254532375
2026-07-03,医药医疗,290810240494.0,3.958419765706833
2026-07-03,地产基建,6979516012.0,-12.720767351120543
2026-07-03,新能源,61737290823.0,-7.499911144963867
2026-07-03,汽车,1752900128.0,-11.308438854745917
2026-07-03,消费,116681646306.0,0.20446223429395616
2026-07-03,科技,315335947370.0,32.332770929475416
2026-07-03,资源周期,112811123515.0,0.1526232145127704
2026-07-03,金融,238407563613.0,2.7185400136643834
2026-07-03,高端制造,8472688012.0,69.69597752441845
2026-07-06,公用事业,20084202220.0,3.9261169041785893
2026-07-06,军工,32214571779.0,-2.580744914455124
2026-07-06,农业,7247739993.0,7.974188439605356
2026-07-06,医药医疗,289899440494.0,3.632828312800074
2026-07-06,地产基建,6950266012.0,-13.086540214251796
2026-07-06,新能源,61823790823.0,-7.370309447524626
2026-07-06,汽车,1768900128.0,-10.498886185054934
2026-07-06,消费,116849346306.0,0.34848049979410156
2026-07-06,科技,327818210376.0,37.571033375704886
2026-07-06,资源周期,114436923515.0,1.5959927134479024
2026-07-06,金融,239601763613.0,3.233064295634902
2026-07-06,高端制造,8710236857.0,74.45374547302914
2026-07-07,公用事业,20139002220.0,4.209680629735879
2026-07-07,军工,32700571779.0,-1.1110448577112852
2026-07-07,农业,7289239993.0,8.592440311853998
2026-07-07,医药医疗,291413140494.0,4.173943576595596
2026-07-07,地产基建,6954766012.0,-13.03026746607776
2026-07-07,新能源,62022790823.0,-7.072150629138408
2026-07-07,汽车,1771400128.0,-10.372393580415718
2026-07-07,消费,117805146306.0,1.169307322483637
2026-07-07,科技,330263846946.0,38.597360588614784
2026-07-07,资源周期,114326296834.0,1.497779417148326
2026-07-07,金融,241103163613.0,3.879946523863431
2026-07-07,高端制造,8549736857.0,71.23915709752255
2026-07-08,公用事业,20131602220.0,4.171389177744578
2026-07-08,军工,32954571779.0,-0.342930013240228
2026-07-08,农业,7309739993.0,8.897841839109354
2026-07-08,医药医疗,292328940494.0,4.501322422195075
2026-07-08,地产基建,6954266012.0,-13.03651999365265
2026-07-08,新能源,62404790823.0,-6.499805560678418
2026-07-08,汽车,1771900128.0,-10.347095059487877
2026-07-08,消费,118085746306.0,1.4102824286216231
2026-07-08,科技,340591956228.0,42.93161848451468
2026-07-08,资源周期,114287196834.0,1.4630668157161963
2026-07-08,金融,242222235313.0,4.362101575710731
2026-07-08,高端制造,8318936857.0,66.61655898495609
2026-07-09,公用事业,20012002220.0,3.5525165212363374
2026-07-09,军工,32783771779.0,-0.8594418850341512
2026-07-09,农业,7450175993.0,10.990006174798772
2026-07-09,医药医疗,292021140494.0,4.391290528030933
2026-07-09,地产基建,6961516012.0,-12.945858343816695
2026-07-09,新能源,62104790823.0,-6.949291216537046
2026-07-09,汽车,1760400128.0,-10.928961040828266
2026-07-09,消费,118222846306.0,1.5280218692898861
2026-07-09,科技,371609136214.0,55.94817878535954
2026-07-09,资源周期,113698996834.0,0.9408685506936632
2026-07-09,金融,241917035313.0,4.230605334831972
2026-07-09,高端制造,8485563457.0,69.95385450776097
2026-07-10,公用事业,20106910957.0,4.043623730208168
2026-07-10,军工,32266771779.0,-2.4228882416937547
2026-07-10,农业,7388175993.0,10.066352775294774
2026-07-10,医药医疗,288448840494.0,3.1142699447867406
2026-07-10,地产基建,6992016012.0,-12.564454161748206
2026-07-10,新能源,61757790823.0,-7.469196291813529
2026-07-10,汽车,1755900128.0,-11.156647729178859
2026-07-10,消费,117017646306.0,0.493014036369388
2026-07-10,科技,382687972698.0,60.59748420971716
2026-07-10,资源周期,113794996834.0,1.0260964212175816
2026-07-10,金融,243371435313.0,4.857237486647348
2026-07-10,高端制造,8482563457.0,69.8937687437328
2026-07-13,公用事业,20014810957.0,3.5670503885325333
2026-07-13,军工,33393971779.0,0.9858481862108803
2026-07-13,农业,7377675993.0,9.909927602798119
2026-07-13,医药医疗,290810840494.0,3.9586342528299623
2026-07-13,地产基建,7035766012.0,-12.017357998945034
2026-07-13,新能源,61977790823.0,-7.139573477517203
2026-07-13,汽车,1772400128.0,-10.321796538560035
2026-07-13,消费,117464346306.0,0.8766333518071434
2026-07-13,科技,385863922698.0,61.9302921795625
2026-07-13,资源周期,114075396834.0,1.275032826372824
2026-07-13,金融,244021635313.0,5.137377905452589
2026-07-13,高端制造,8353063457.0,67.30006659651721
2026-07-14,公用事业,19979510957.0,3.384389813492894
2026-07-14,军工,33818571779.0,2.2698700876377043
2026-07-14,农业,7505675993.0,11.816824943709614
2026-07-14,医药医疗,290462040494.0,3.8339457385854647
2026-07-14,地产基建,7067766012.0,-11.61719623415186
2026-07-14,新能源,61702790823.0,-7.551601995387602
2026-07-14,汽车,1774400128.0,-10.22060245484866
2026-07-14,消费,117400446306.0,0.8217569823053106
2026-07-14,科技,389121222698.0,63.297239203343494
2026-07-14,资源周期,113873096834.0,1.0954328450500483
2026-07-14,金融,244453435313.0,5.323420096840015
2026-07-14,高端制造,8377863457.0,67.79677557915001
2026-07-15,公用事业,20152710957.0,4.280616770911161
2026-07-15,军工,34167571779.0,3.3252719802377095
2026-07-15,农业,7446175993.0,10.930415632895274
2026-07-15,医药医疗,283862540494.0,1.474766123457938
2026-07-15,地产基建,7204766012.0,-9.90400367863108
2026-07-15,新能源,61712790823.0,-7.536619140192313
2026-07-15,汽车,1773900128.0,-10.2459009757765
2026-07-15,消费,117193746306.0,0.644246096921397
2026-07-15,科技,394418022698.0,65.5200756002253
2026-07-15,资源周期,114292296834.0,1.4675945463377804
2026-07-15,金融,246022735313.0,5.999557222695251
2026-07-15,高端制造,8362563457.0,67.4903381826064
2026-07-16,公用事业,20307510957.0,5.08163255040508
2026-07-16,军工,34484571779.0,4.283903498731112
2026-07-16,农业,7649461150.0,13.95888379953647
2026-07-16,医药医疗,283954340494.0,1.5075826532963577
2026-07-16,地产基建,7268766012.0,-9.103680149044735
2026-07-16,新能源,61405790823.0,-7.99659279468764
2026-07-16,汽车,1780400128.0,-9.917020203714543
2026-07-16,消费,117011646306.0,0.4878613256180442
2026-07-16,科技,393658789946.0,65.2014586626686
2026-07-16,资源周期,114408296834.0,1.570578223220842
2026-07-16,金融,248736735313.0,7.1688914223837275
2026-07-16,高端制造,8289263457.0,66.02224268151835
2026-07-17,公用事业,20824441020.0,7.756497778814553
2026-07-17,军工,34838171779.0,5.353216132608951
2026-07-17,农业,7622961150.0,13.56409645942589
2026-07-17,医药医疗,287989340494.0,2.950008556325323
2026-07-17,地产基建,7369266012.0,-7.846922106491161
2026-07-17,新能源,61248290823.0,-8.232572764013424
2026-07-17,汽车,1777400128.0,-10.068811329281601
2026-07-17,消费,116715046306.0,0.23314565747645233
2026-07-17,科技,403437539340.0,69.30517412652777
2026-07-17,资源周期,113531796834.0,0.7924300095311754
2026-07-17,金融,250996735313.0,8.142618500974708
2026-07-17,高端制造,8228263457.0,64.80049881294573
2026-07-20,公用事业,21285241020.0,10.140916843354585
2026-07-20,军工,34954371779.0,5.704613553583493
2026-07-20,农业,7621461150.0,13.541750006212094
2026-07-20,医药医疗,287154040494.0,2.6514067330787094
2026-07-20,地产基建,7384266012.0,-7.659346279244361
2026-07-20,新能源,61191790823.0,-8.317225895866798
2026-07-20,汽车,1778900128.0,-9.992915766498067
2026-07-20,消费,116647546306.0,0.17517766152381764
2026-07-20,科技,436991203012.0,83.38618622040572
2026-07-20,资源周期,113611096834.0,0.8628317817451991
2026-07-20,金融,250670535313.0,8.002074353613487
2026-07-20,高端制造,8202063457.0,64.2757498070998
2026-07-21,公用事业,21878241020.0,13.20940752319888
2026-07-21,军工,34685971779.0,4.8929520407644755
2026-07-21,农业,7623961150.0,13.578994094901775
2026-07-21,医药医疗,287510140494.0,2.7787048406545667
2026-07-21,地产基建,7408766012.0,-7.3529724280745885
2026-07-21,新能源,60226290823.0,-9.763820564971804
2026-07-21,汽车,1773900128.0,-10.2459009757765
2026-07-21,消费,117314146306.0,0.7476438259984342
2026-07-21,科技,427148803912.0,79.25575974553094
2026-07-21,资源周期,113031996834.0,0.3487124086160698
2026-07-21,金融,250848435313.0,8.0787230471008
2026-07-21,高端制造,8331563457.0,66.8694519543154
2026-07-22,公用事业,22589141020.0,16.887974174634458
2026-07-22,军工,34360571779.0,3.908918299068076
2026-07-22,农业,7630961150.0,13.683277543232863
2026-07-22,医药医疗,287142040494.0,2.647116990616172
2026-07-22,地产基建,7362266012.0,-7.9344574925396705
2026-07-22,新能源,59649290823.0,-10.628331309739892
2026-07-22,汽车,1758900128.0,-11.0048566036118
2026-07-22,消费,117513146306.0,0.9185420659181043
2026-07-22,科技,418875277912.0,75.78372101963076
2026-07-22,资源周期,113271196834.0,0.5610718526714908
2026-07-22,金融,251508235313.0,8.3629996517266
2026-07-22,高端制造,8052463457.0,61.27947304089554
2026-07-23,公用事业,22587441020.0,16.879177489717545
2026-07-23,军工,34263771779.0,3.6161879173956413
2026-07-23,农业,7614961150.0,13.444915375618937
2026-07-23,医药医疗,286580140494.0,2.4462497998077426
2026-07-23,地产基建,7389766012.0,-7.590568475920534
2026-07-23,新能源,60124790823.0,-9.915896545203973
2026-07-23,汽车,1762400128.0,-10.827766957116891
2026-07-23,消费,117572972706.0,0.969920088333831
2026-07-23,科技,423532877912.0,77.73831300009381
2026-07-23,资源周期,114906096834.0,2.0125202435000267
2026-07-23,金融,249791835313.0,7.623484095225019
2026-07-23,高端制造,8118963457.0,62.61137414351976
2026-07-24,公用事业,22370141020.0,15.75475417651322
2026-07-24,军工,34612171779.0,4.669775365481144
2026-07-24,农业,7584461150.0,12.990537493604858
2026-07-24,医药医疗,287650140494.0,2.828751836050869
2026-07-24,地产基建,7371016012.0,-7.825038259979045
2026-07-24,新能源,61043790823.0,-8.53897215275705
2026-07-24,汽车,1751400128.0,-11.384334417529441
2026-07-24,消费,117092172706.0,0.5570162001259149
2026-07-24,科技,425181677912.0,78.43024258987987
2026-07-24,资源周期,114972496834.0,2.0714695206124123
2026-07-24,金融,249878035313.0,7.66062359707218
2026-07-24,高端制造,8300963457.0,66.25657716122817
2026-07-27,公用事业,22339941020.0,15.59848365622436
2026-07-27,军工,34150771779.0,3.2744675338317597
2026-07-27,农业,7624961150.0,13.593891730377639
2026-07-27,医药医疗,285705740494.0,2.1336705657040156
2026-07-27,地产基建,7379266012.0,-7.721871554993298
2026-07-27,新能源,60880790823.0,-8.783192692440245
2026-07-27,汽车,1719400128.0,-13.003439756911405
2026-07-27,消费,117118972706.0,0.5800316414819262
2026-07-27,科技,425662827912.0,78.6321603010186
2026-07-27,资源周期,115195496834.0,2.2694467615169023
2026-07-27,金融,249302435313.0,7.412624788914224
2026-07-27,高端制造,8171263457.0,63.65886929641069
2026-07-28,公用事业,22160541020.0,14.67017467146201
2026-07-28,军工,34499571779.0,4.329264611593575
2026-07-28,农业,7569461150.0,12.767072961466797
2026-07-28,医药医疗,285945440494.0,2.2193581713932486
2026-07-28,地产基建,7401266012.0,-7.446760341697988
2026-07-28,新能源,61121290823.0,-8.42285502499357
2026-07-28,汽车,1711400128.0,-13.408216091756897
2026-07-28,消费,116505872706.0,0.05351048120680879
2026-07-28,科技,433081927912.0,81.74563362682021
2026-07-28,资源周期,114996696834.0,2.092954046306983
2026-07-28,金融,248703035313.0,7.154371686742778
2026-07-28,高端制造,8026763457.0,60.76473832905431
2026-07-29,公用事业,22099441020.0,14.354011466506723
2026-07-29,军工,34412171779.0,4.064960527314954
2026-07-29,农业,7549961150.0,12.476569069687326
2026-07-29,医药医疗,284279840494.0,1.6239419175927416
2026-07-29,地产基建,7370016012.0,-7.837543315128825
2026-07-29,新能源,61400290823.0,-8.00483336504505
2026-07-29,汽车,1738400128.0,-12.042095961653365
2026-07-29,消费,116161572706.0,-0.24216923740797425
2026-07-29,科技,437729121758.0,83.69585859741642
2026-07-29,资源周期,115503278304.0,2.54269217062959
2026-07-29,金融,247160235136.0,6.489652080902131
2026-07-29,高端制造,8107763457.0,62.38705395781463
2026-07-30,公用事业,21924941020.0,13.451057632387297
2026-07-30,军工,34752371779.0,5.093750567035649
2026-07-30,农业,7513461150.0,11.932805374818024
2026-07-30,医药医疗,284360640494.0,1.6528261835071723
2026-07-30,地产基建,7300766012.0,-8.703518384251552
2026-07-30,新能源,61286290823.0,-8.175637914271327
2026-07-30,汽车,1777400128.0,-10.068811329281601
2026-07-30,消费,115635772706.0,-0.6937184562509913
2026-07-30,科技,443305621758.0,86.03607290930499
2026-07-30,资源周期,115507478304.0,2.5464208899650176
2026-07-30,金融,246484535136.0,6.198524918511028
2026-07-30,高端制造,7997263457.0,60.173894982777384
2026-07-31,公用事业,21781041020.0,12.706444126772464
2026-07-31,军工,34732571779.0,5.033873898057184
2026-07-31,农业,7511461150.0,11.903010103866297
2026-07-31,医药医疗,282540340494.0,1.0021079997937665
2026-07-31,地产基建,7272266012.0,-9.05991245602048
2026-07-31,新能源,61276290823.0,-8.190620769466616
2026-07-31,汽车,1815400128.0,-8.14612373876551
2026-07-31,消费,116200172706.0,-0.2090201315743112
2026-07-31,科技,437287864783.0,83.51068225237638
2026-07-31,资源周期,115778621972.0,2.787139613190881
2026-07-31,金融,246265835136.0,6.10429743528631
2026-07-31,高端制造,7943263457.0,59.0923512302705
2026-08-03,公用事业,21744341020.0,12.516539222977707
2026-08-03,军工,34630371779.0,4.724813515754267
2026-08-03,农业,7560461150.0,12.632994242183958
2026-08-03,医药医疗,283410840494.0,1.3132930675971766
2026-08-03,地产基建,7296016012.0,-8.762917396213044
2026-08-03,新能源,61353290823.0,-8.075252784462904
2026-08-03,汽车,1822400128.0,-7.791944445775711
2026-08-03,消费,116525891706.0,0.07070250062868322
2026-08-03,科技,443961764783.0,86.31142757580743
2026-08-03,资源周期,115529421972.0,2.5659022659558994
2026-08-03,金融,246085335136.0,6.026528524805919
2026-08-03,高端制造,7910763457.0,58.44142211996544
2026-08-04,公用事业,21794641020.0,12.776817606107848
2026-08-04,军工,34515571779.0,4.3776497986468765
2026-08-04,农业,7582461150.0,12.960742222653131
2026-08-04,医药医疗,280736840494.0,0.3573954555279091
2026-08-04,地产基建,7320266012.0,-8.459669808830716
2026-08-04,新能源,61487790823.0,-7.873733382086289
2026-08-04,汽车,1803400128.0,-8.753288241033752
2026-08-04,消费,116066913906.0,-0.32346080681956435
2026-08-04,科技,436030164783.0,82.98288030849363
2026-08-04,资源周期,114881621972.0,1.9907916979830853
2026-08-04,金融,245887635136.0,5.941348948063685
2026-08-04,高端制造,7899363457.0,58.21309621665842
2026-08-05,公用事业,21279541020.0,10.111422076280196
2026-08-05,军工,34684145598.0,4.887429533934595
2026-08-05,农业,7583461150.0,12.975639858128996
2026-08-05,医药医疗,278867840494.0,-0.31073193301264235
2026-08-05,地产基建,7356016012.0,-8.012614087225845
2026-08-05,新能源,61660790823.0,-7.614529987207819
2026-08-05,汽车,1787400128.0,-9.562840910724734
2026-08-05,消费,116410713906.0,-0.02821048076739885
2026-08-05,科技,431972964783.0,81.28025007336508
2026-08-05,资源周期,114786648972.0,1.9064755881157192
2026-08-05,金融,245614135136.0,5.823510737446602
2026-08-05,高端制造,7927663457.0,58.77990525732408
2026-08-06,公用事业,21231841020.0,9.864597446552438
2026-08-06,军工,34419745598.0,4.0878643178788865
2026-08-06,农业,7596961150.0,13.176757937053264
2026-08-06,医药医疗,279880640494.0,0.051322330825720464
2026-08-06,地产基建,7327266012.0,-8.372134422782207
2026-08-06,新能源,61361290823.0,-8.063266500306677
2026-08-06,汽车,1793900128.0,-9.233960138662766
2026-08-06,消费,117047213906.0,0.518406251437975
2026-08-06,科技,429794114783.0,80.36588157099649
2026-08-06,资源周期,115101294984.0,2.185815271153224
2026-08-06,金融,246176635136.0,6.0658653753702385
2026-08-06,高端制造,8037163457.0,60.973035644351924
2026-08-07,公用事业,21139441020.0,9.386471748714964
2026-08-07,军工,34187345598.0,3.3850694759297806
2026-08-07,农业,7604961150.0,13.295939020860214
2026-08-07,医药医疗,273886778894.0,-2.0913545541831113
2026-08-07,地产基建,7275516012.0,-9.01927102678367
2026-08-07,新能源,61093790823.0,-8.464057876780618
2026-08-07,汽车,1789900128.0,-9.436348306085518
2026-08-07,消费,117120013906.0,0.5809258085543112
2026-08-07,科技,428948702783.0,80.0110989543297
2026-08-07,资源周期,114773294984.0,1.8946200468632046
2026-08-07,金融,246316835136.0,6.126270922458055
2026-08-07,高端制造,8416902357.0,68.57866962358965
2026-08-10,公用事业,20995241020.0,8.640305886938338
2026-08-10,军工,33967545598.0,2.720377968785126
2026-08-10,农业,7586461150.0,13.020332764556608
2026-08-10,医药医疗,269823778894.0,-3.543789856291335
2026-08-10,地产基建,7230766012.0,-9.578872244736624
2026-08-10,新能源,60622790823.0,-9.169750356478657
2026-08-10,汽车,1778900128.0,-9.992915766498067
2026-08-10,消费,116678213906.0,0.20151454023014104
2026-08-10,科技,432604721783.0,81.54537098666836
2026-08-10,资源周期,114777994984.0,1.8987926613575956
2026-08-10,金融,245422335136.0,5.740873191573259
2026-08-10,高端制造,8396402357.0,68.16808356939723
2026-08-11,公用事业,20831641020.0,7.793754326697977
2026-08-11,军工,33992945598.0,2.7971894532322406
2026-08-11,农业,7649461150.0,13.95888379953647
2026-08-11,医药医疗,267007578894.0,-4.550520916541689
2026-08-11,地产基建,7238766012.0,-9.478831803538334
2026-08-11,新能源,60800033397.0,-8.904190374410458
2026-08-11,汽车,1777400128.0,-10.068811329281601
2026-08-11,消费,116460113906.0,0.014213504418680856
2026-08-11,科技,433155221783.0,81.77639187408784
2026-08-11,资源周期,114774794984.0,1.8959517323401398
2026-08-11,金融,244339535136.0,5.2743458992288605
2026-08-11,高端制造,8511902357.0,70.4813854844814
2026-08-12,公用事业,20783141020.0,7.542790080538708
2026-08-12,军工,33890545598.0,2.487524256091156
2026-08-12,农业,7691461150.0,14.584584489523067
2026-08-12,医药医疗,266060978894.0,-4.888910101128352
2026-08-12,地产基建,7353766012.0,-8.040750461312863
2026-08-12,新能源,60557033397.0,-9.268273755655942
2026-08-12,汽车,1779400128.0,-9.967617245570226
2026-08-12,消费,116320113906.0,-0.10601641311273058
2026-08-12,科技,433433821783.0,81.89330816697624
2026-08-12,资源周期,114245994984.0,1.42648821220428
2026-08-12,金融,244915166383.0,5.522358170240804
2026-08-12,高端制造,8529902357.0,70.84190006865036
2026-08-13,公用事业,20635341020.0,6.777995944820359
2026-08-13,军工,33747545598.0,2.055081646802326
2026-08-13,农业,7703461150.0,14.763356115233517
2026-08-13,医药医疗,263650178894.0,-5.750719361852575
2026-08-13,地产基建,7287516012.0,-8.869210364986236
2026-08-13,新能源,60125533397.0,-9.914783957332595
2026-08-13,汽车,1786400128.0,-9.613437952580417
2026-08-13,消费,116055113906.0,-0.3335944712972161
2026-08-13,科技,434785721783.0,82.46064175045014
2026-08-13,资源周期,113162494984.0,0.46456740269742447
2026-08-13,金融,244316766383.0,5.264535920759017
2026-08-13,高端制造,8361702357.0,67.47309156547149
2026-08-14,公用事业,20696841020.0,7.096228957991402
2026-08-14,军工,33633545598.0,1.7103371890475838
2026-08-14,农业,7718461150.0,14.98682064737158
2026-08-14,医药医疗,263694078894.0,-5.735026054010451
2026-08-14,地产基建,7197516012.0,-9.994665328467034
2026-08-14,新能源,59901533397.0,-10.250399913707032
2026-08-14,汽车,1776400128.0,-10.119408371137284
2026-08-14,消费,115925413906.0,-0.4449789020388284
2026-08-14,科技,440641211783.0,84.91793602125091
2026-08-14,资源周期,112910594984.0,0.2409330216039729
2026-08-14,金融,245844266383.0,5.922663404187212
2026-08-14,高端制造,8308202357.0,66.40156210696932
2026-08-17,公用事业,20654741020.0,6.8783816432840705
2026-08-17,军工,33363745598.0,0.8944419723613928
2026-08-17,农业,7764961150.0,15.679560696999562
2026-08-17,医药医疗,263098478894.0,-5.9479402715678305
2026-08-17,地产基建,7169266012.0,-10.347933136448507
2026-08-17,新能源,59507033397.0,-10.84147355116113
2026-08-17,汽车,1765400128.0,-10.675975831549833
2026-08-17,消费,115505413906.0,-0.805668654633096
2026-08-17,科技,437583079922.0,83.63457119586674
2026-08-17,资源周期,112776594984.0,0.12196911899766683
2026-08-17,金融,245402366383.0,5.732269600634399
2026-08-17,高端制造,8190702357.0,64.04820301586638
2026-08-18,公用事业,20531841020.0,6.242433068995945
2026-08-18,军工,33267345598.0,0.6029212203652934
2026-08-18,农业,8217961150.0,22.428189567569113
2026-08-18,医药医疗,262068978894.0,-6.3159644269998765
2026-08-18,地产基建,7162766012.0,-10.429215994922124
2026-08-18,新能源,59047033397.0,-11.53068489014435
2026-08-18,汽车,1751900128.0,-11.359035896601599
2026-08-18,消费,115115313906.0,-1.140680731983157
2026-08-18,科技,440496679922.0,84.8572822904814
2026-08-18,资源周期,112328294984.0,-0.2760272805426234
2026-08-18,金融,244644866383.0,5.405898688230559
2026-08-18,高端制造,8177702357.0,63.78783137174433
2026-08-19,公用事业,20318541020.0,5.138707837949075
2026-08-19,军工,33882145598.0,2.462122032888159
2026-08-19,农业,8340135014.0,24.248291258119735
2026-08-19,医药医疗,260423978894.0,-6.9040166229063615
2026-08-19,地产基建,7087266012.0,-11.373347658731026
2026-08-19,新能源,58853533397.0,-11.820603138173169
2026-08-19,汽车,1753400128.0,-11.283140333818075
2026-08-19,消费,114746313906.0,-1.4575724431909798
2026-08-19,科技,450522705488.0,89.06476880010466
2026-08-19,资源周期,112337094984.0,-0.2682147257445977
2026-08-19,金融,244512766383.0,5.348983047928857
2026-08-19,高端制造,8197902357.0,64.19240884953395
2026-08-20,公用事业,20226841020.0,4.664204304489172
2026-08-20,军工,34144345598.0,3.2550342857240455
2026-08-20,农业,8383135014.0,24.888889583582174
2026-08-20,医药医疗,256603478894.0,-8.269763379417427
2026-08-20,地产基建,7201266012.0,-9.947771371655334
2026-08-20,新能源,58502033397.0,-12.34725049828752
2026-08-20,汽车,1740400128.0,-11.940901877942
2026-08-20,消费,114573613906.0,-1.605884634317245
2026-08-20,科技,452060651288.0,89.71017770749619
2026-08-20,资源周期,112574526196.0,-0.05742559455010898
2026-08-20,金融,244520666383.0,5.352386784177021
2026-08-20,高端制造,8146602357.0,63.16494228465241
2026-08-21,公用事业,20210941020.0,4.581929427913245
2026-08-21,军工,33902345598.0,2.5232083315429588
2026-08-21,农业,8433635014.0,25.641220175113677
2026-08-21,医药医疗,256624578894.0,-8.26222058225412
2026-08-21,地产基建,7209516012.0,-9.844604666669598
2026-08-21,新能源,58323533397.0,-12.614694463523401
2026-08-21,汽车,1737400128.0,-12.092693003509059
2026-08-21,消费,114938684601.0,-1.2923673517958978
2026-08-21,科技,455387645288.0,91.10637226938402
2026-08-21,资源周期,112630226196.0,-0.007975673839888398
2026-08-21,金融,243703566383.0,5.000337051470516
2026-08-21,高端制造,8201663733.0,64.26774389978635
2026-08-24,公用事业,20206341020.0,4.558126633432158
2026-08-24,军工,33881545598.0,2.460307588373678
2026-08-24,农业,8424135014.0,25.499692638092885
2026-08-24,医药医疗,258203678894.0,-7.69772622203776
2026-08-24,地产基建,7161516012.0,-10.444847313859352
2026-08-24,新能源,58403146697.0,-12.495411008971502
2026-08-24,汽车,1730400128.0,-12.446872296498857
2026-08-24,消费,114982384601.0,-1.2548384418235803
2026-08-24,科技,457730545288.0,92.08958541586007
2026-08-24,资源周期,112686226196.0,0.04174058396573255
2026-08-24,金融,242591466383.0,4.521185775319614
2026-08-24,高端制造,8162663733.0,63.48662896742026
2026-08-25,公用事业,20180341020.0,4.423589099408631
2026-08-25,军工,33864945598.0,2.4101079568058736
2026-08-25,农业,8428135014.0,25.559283179996385
2026-08-25,医药医疗,257285078894.0,-8.026106007545176
2026-08-25,地产基建,7178016012.0,-10.238513903887881
2026-08-25,新能源,58316146697.0,-12.625761849170514
2026-08-25,汽车,1726400128.0,-12.649260463921607
2026-08-25,消费,114758584601.0,-1.4470345528488138
2026-08-25,科技,460006245288.0,93.04459764746859
2026-08-25,资源周期,112550526196.0,-0.07873256218109415
2026-08-25,金融,242336966383.0,4.41153376580572
2026-08-25,高端制造,8131963733.0,62.87175131553209
2026-08-26,公用事业,20151441020.0,4.274045455820952
2026-08-26,军工,33893145598.0,2.495386848987313
2026-08-26,农业,8373635014.0,24.747362046561406
2026-08-26,医药医疗,256199792213.0,-8.414072704171371
2026-08-26,地产基建,7213766012.0,-9.791458182282998
2026-08-26,新能源,58613928610.0,-12.17959952094504
2026-08-26,汽车,1727400128.0,-12.598663422065915
2026-08-26,消费,114853984601.0,-1.3651064519024092
2026-08-26,科技,457597745288.0,92.03385503647897
2026-08-26,资源周期,112393520778.0,-0.21812045214834042
2026-08-26,金融,239185866383.0,3.0538738554747313
2026-08-26,高端制造,7958463733.0,59.39679129590347
2026-08-27,公用事业,20165941020.0,4.349076003641761
2026-08-27,军工,33648345598.0,1.7550934870719015
2026-08-27,农业,8392635014.0,25.030417120602966
2026-08-27,医药医疗,255657592213.0,-8.607897567770461
2026-08-27,地产基建,7251766012.0,-9.316266086591106
2026-08-27,新能源,58766341736.0,-11.951241141273128
2026-08-27,汽车,1730400128.0,-12.446872296498857
2026-08-27,消费,115039484601.0,-1.2058018111732682
2026-08-27,科技,455585945288.0,91.18959014763158
2026-08-27,资源周期,112429520778.0,-0.18616000070187377
2026-08-27,金融,238082466383.0,2.578470997723703
2026-08-27,高端制造,7920663733.0,58.639710669148656
2026-08-28,公用事业,20064441020.0,3.823862168896075
2026-08-28,军工,33782145598.0,2.159714613805064
2026-08-28,农业,8355635014.0,24.47920460799573
2026-08-28,医药医疗,255999292213.0,-8.485747151149637
2026-08-28,地产基建,7288516012.0,-8.856705309836443
2026-08-28,新能源,58624841736.0,-12.163248542286443
2026-08-28,汽车,1731400128.0,-12.396275254643175
2026-08-28,消费,114821884601.0,-1.3926734544221109
2026-08-28,科技,457613445288.0,92.04044364307748
2026-08-28,资源周期,112338720778.0,-0.26677136157240433
2026-08-28,金融,236900566383.0,2.069246203835795
2026-08-28,高端制造,7857663733.0,57.37790962455729
2026-08-31,公用事业,19984641020.0,3.4109354298546224
2026-08-31,军工,33917945598.0,2.570383888919925
2026-08-31,农业,8364135014.0,24.605834509540635
2026-08-31,医药医疗,257131692213.0,-8.080938454101316
2026-08-31,地产基建,7754016012.0,-3.0356021376107267
2026-08-31,新能源,58381341736.0,-12.528081066291696
2026-08-31,汽车,1739400128.0,-11.991498919797683
2026-08-31,消费,114798484601.0,-1.4127690263523673
2026-08-31,科技,456215445288.0,91.45376389627926
2026-08-31,资源周期,112593320778.0,-0.04073994662046054
2026-08-31,金融,236158766383.0,1.7496396786593316
2026-08-31,高端制造,7800263733.0,56.228268672818494
2026-09-01,公用事业,19871541020.0,2.8256971568522804
2026-09-01,军工,33653745598.0,1.7714234877023838
2026-09-01,农业,8483135014.0,26.378653131169273
2026-09-01,医药医疗,257491392213.0,-7.952353423786684
2026-09-01,地产基建,7707016012.0,-3.6233397296506986
2026-09-01,新能源,58353841736.0,-12.569283918078733
2026-09-01,汽车,1734900128.0,-12.219185608148276
2026-09-01,消费,114059584601.0,-2.0473253553807136
2026-09-01,科技,459937688333.0,93.0158272776541
2026-09-01,资源周期,112286720778.0,-0.3129364581061944
2026-09-01,金融,234643366383.0,1.096725512775798
2026-09-01,高端制造,7818263733.0,56.58878325698744
2026-09-02,公用事业,19846041020.0,2.693746883098447
2026-09-02,军工,33901945598.0,2.5219987018666234
2026-09-02,农业,8621635014.0,28.4419756445774
2026-09-02,医药医疗,258294792213.0,-7.665155165919657
2026-09-02,地产基建,7653016012.0,-4.29861270773918
2026-09-02,新能源,58528841736.0,-12.307083952161202
2026-09-02,汽车,1735900128.0,-12.168588566292582
2026-09-02,消费,114076884601.0,-2.0324683727143356
2026-09-02,科技,459038788333.0,92.63859807565345
2026-09-02,资源周期,111846691878.0,-0.703589855147635
2026-09-02,金融,234788466383.0,1.159242238042868
2026-09-02,高端制造,7719263733.0,54.605953044058154
2026-09-03,公用事业,19801341020.0,2.4624458149887785
2026-09-03,军工,33819345598.0,2.2722101737039813
2026-09-03,农业,8741135014.0,30.22224308394399
2026-09-03,医药医疗,258160492213.0,-7.713164533646244
2026-09-03,地产基建,7628266012.0,-4.608112822696409
2026-09-03,新能源,58505841736.0,-12.34154451911037
2026-09-03,汽车,1741900128.0,-11.865006315158466
2026-09-03,消费,114265884601.0,-1.8701579840469051
2026-09-03,科技,460873188333.0,93.40841590650226
2026-09-03,资源周期,111625691878.0,-0.899791515416215
2026-09-03,金融,234082900383.0,0.8552472292228996
2026-09-03,高端制造,7630463733.0,52.82741442882462
2026-09-04,公用事业,19689841020.0,1.8854867748494097
2026-09-04,军工,33419545598.0,1.063185312209769
2026-09-04,农业,8693135014.0,29.507156581102166
2026-09-04,医药医疗,258089892213.0,-7.738402518467524
2026-09-04,地产基建,7788766012.0,-2.6010514711556354
2026-09-04,新能源,58463341736.0,-12.405221653690335
2026-09-04,汽车,1756900128.0,-11.106050687323165
2026-09-04,消费,113307884601.0,-2.6928741340119355
2026-09-04,科技,463767354693.0,94.62297154833111
2026-09-04,资源周期,111692991878.0,-0.8400432270176839
2026-09-04,金融,233090400383.0,0.4276259347531841
2026-09-04,高端制造,7673363733.0,53.68664085442732
