date,军工,宽基指数,新能源,未分类,海外指数,消费,科技,红利策略,金融
2024-01-02,0.0,0.0,0.0,0.0,0.0,0.0,0.0,0.0,0.0
2024-01-03,4.0,95.7,8.0,2173.960615999999,-65.0,-50.7,290.0,-11.0,-99.6
2024-01-04,-123.0,-467.4,-109.5,3433.519979,-32.5,-94.1,182.0,83.0,-344.1
2024-01-05,98.0,-195.8,-60.5,5207.797658,0.0,-48.5,272.0,400.0,-114.1
2024-01-08,89.0,457.1,-65.0,2988.522899,2.6,-66.6,-2.0,13.0,40.7
2024-01-09,158.0,435.6,-31.5,2548.726378,49.4,-56.9,-110.0,17.5,25.3
2024-01-10,99.0,223.7,349.0,1108.298891,49.4,-112.2,-92.0,42.5,50.3
2024-01-11,-66.0,707.6,51.0,-544.17034,49.4,-41.7,-136.0,156.5,-2.8
2024-01-12,21.0,-340.3,143.0,285.86883700000095,49.4,-13.5,28.0,46.0,16.4
2024-01-15,61.0,-115.8,-52.5,818.568339,0.0,7.2,-232.0,2.5,-25.6
2024-01-16,-47.0,565.9,51.5,5267.3758,49.4,22.4,126.0,175.0,203.8
2024-01-17,-51.0,1217.4,-7.0,5459.031765999996,49.4,-96.3,-104.0,35.0,93.4
2024-01-18,-170.0,5864.8,-74.5,2292.339386,49.4,-132.7,-348.0,96.0,471.2
2024-01-19,-34.0,3742.4,211.0,3421.806464999999,49.4,-114.8,-90.0,-23.5,16.9
2024-01-22,-17.0,7197.899999999992,17.0,8998.216109,49.4,-140.8,80.0,3.5,-14.9
2024-01-23,-126.0,679.4,2.5,-1117.477618,49.4,-30.5,-382.0,100.5,-191.7
2024-01-24,-18.0,1851.7,67.0,4929.190315,49.4,54.1,58.0,44.5,-466.0
2024-01-25,31.0,855.2,195.5,3439.8529,49.4,33.9,-218.0,55.0,194.8
2024-01-26,-10.0,2325.5,-63.0,3808.274999,49.4,-9.5,434.0,-64.5,-617.0
2024-01-29,6.0,380.5,-174.0,2021.296252,49.4,-187.6,-18.0,-117.5,-61.5
2024-01-30,-48.0,1918.9,-334.5,2243.4265910000004,49.4,-47.4,-194.0,32.0,54.8
2024-01-31,3.0,3112.9,-224.0,4402.978326,49.4,47.0,-262.0,40.5,-50.7
2024-02-01,-7.0,3127.6,-285.5,1516.1787,49.4,-74.2,-338.0,188.0,-67.8
2024-02-02,-22.0,3727.4,-91.5,7126.704178999999,49.4,-99.2,-172.0,386.0,501.7
2024-02-05,-4.0,8408.900000000001,-220.0,11647.799159,49.4,-184.3,-350.0,40.0,85.5
2024-02-06,-44.0,1981.2,-268.5,2114.1051199999924,49.4,-143.8,-482.0,-139.0,-496.1
2024-02-07,-214.0,8152.7,-260.5,7051.574971000001,49.4,-260.9,-338.0,-96.5,-746.7
2024-02-08,-74.0,5385.4,-227.0,11860.95405,49.4,-122.1,-270.0,-3.5,-419.4
2024-02-19,-80.0,1632.3,-85.5,-547.7372690000028,0.0,-145.1,-144.0,-34.5,-178.2
2024-02-20,-37.0,-165.8,-109.5,-1764.032507,49.4,-95.1,-154.0,312.0,34.0
2024-02-21,11.0,531.5,-83.0,-1350.905595,49.4,-296.1,18.0,-10.0,-402.2
2024-02-22,-34.0,-234.7,-54.5,-1729.549595999998,49.4,22.6,-202.0,-18.5,-146.9
2024-02-23,-51.0,-437.5,56.5,-1764.511957,49.4,3.3,-180.0,-17.5,24.4
2024-02-26,-22.0,-1218.3,-125.5,-5315.608284,9.1,-108.5,-180.0,-113.0,-222.0
2024-02-27,-53.0,-27.5,63.0,-4323.640609,9.1,81.0,-334.0,-42.0,-182.2
2024-02-28,-9.0,925.0,-196.5,-664.911145,9.1,181.3,196.0,-34.5,-731.7
2024-02-29,-88.0,579.4,-217.0,-6435.682502999999,9.1,-130.6,-796.0,-27.5,96.2
2024-03-01,9.0,-2.7,64.5,-3813.584282,9.1,-79.9,-90.0,-78.5,77.3
2024-03-04,-36.0,-1455.5,-124.0,-4939.250652,9.1,-127.1,-274.0,9.0,209.1
2024-03-05,12.0,5218.1,-165.0,5069.137088,9.1,-236.7,-362.0,20.0,-276.1
2024-03-06,-41.0,1773.8,22.5,1986.530597,9.1,25.9,-62.0,68.5,-57.9
2024-03-07,-28.0,252.0,44.5,1792.4399560000013,9.1,-110.5,80.0,-18.0,-104.5
2024-03-08,-25.0,269.6,-62.5,-2089.498708,9.1,36.4,-318.0,5.5,96.7
2024-03-11,-26.0,-1202.1,-120.0,-6997.981835,9.1,-180.7,70.0,-93.0,160.8
2024-03-12,85.0,873.3,47.0,-2198.339675,9.1,-422.0,94.0,-74.0,53.3
2024-03-13,-73.0,-317.9,79.0,-2697.530012,9.1,-178.6,-114.0,-56.0,277.7
2024-03-14,28.0,-388.9,104.5,-573.862542,9.1,-82.5,68.0,52.0,216.4
2024-03-15,-6.0,-574.0,111.5,-417.553757,9.1,-40.3,-6.0,-68.0,-29.9
2024-03-18,-90.0,-1406.9,-289.0,-3290.836139,9.1,68.2,-342.0,-72.5,-601.9
2024-03-19,-56.0,-822.1,79.0,-1750.5078550000003,9.1,-101.7,-14.0,39.5,101.9
2024-03-20,-12.0,-127.2,-46.0,-1213.275127,9.1,-32.2,34.0,-2.0,322.6
2024-03-21,-38.0,-313.5,36.5,-2480.628098,9.1,-45.5,52.0,-89.0,-255.7
2024-03-22,-83.0,-30.8,-63.0,690.81544,9.1,-112.2,-174.0,10.5,-47.7
2024-03-25,-40.0,-444.7,-99.5,-853.2762900000009,9.1,33.5,-84.0,18.0,715.8
2024-03-26,-8.0,447.6,7.5,1134.9599790000009,9.1,-116.5,392.0,36.0,57.8
2024-03-27,36.0,-220.0,-79.5,1624.0671,9.1,-27.5,124.0,64.0,218.4
2024-03-28,-90.0,-265.3,-118.5,-667.7227490000009,9.1,-30.5,8.0,52.5,103.0
2024-03-29,-48.0,-727.2,-115.5,1323.417931,0.0,57.5,56.0,-36.5,197.9
2024-04-01,-93.0,703.4,-267.5,-597.436806,9.1,89.8,-32.0,-0.5,-192.0
2024-04-02,-11.0,215.5,-21.5,1216.758027,9.1,27.0,174.0,-6.5,13.7
2024-04-03,79.0,-428.8,-125.0,-11.713293,9.1,-13.6,172.0,-41.0,-26.1
2024-04-08,28.0,-864.3,-5.5,1387.808025,9.1,23.8,82.0,-32.0,-26.2
2024-04-09,12.0,63.5,-64.5,644.1796299999997,9.1,18.1,68.0,-83.5,-120.0
2024-04-10,42.0,-221.2,4.0,2174.610722,9.1,-127.3,202.0,-65.0,586.9
2024-04-11,-38.0,274.2,-61.0,3841.4670260000003,9.1,67.0,-104.0,-65.0,61.8
2024-04-12,-35.0,-948.5,-28.0,451.145067,9.1,-4.2,-216.0,10.5,391.1
2024-04-15,-65.0,-394.5,-29.5,440.231404,9.1,-116.2,-12.0,15.5,26.8
2024-04-16,43.0,-192.3,-52.0,3570.887774,9.1,33.0,112.0,39.5,122.1
2024-04-17,-61.0,347.5,-59.5,-1423.914401,9.1,39.1,-558.0,60.0,76.3
2024-04-18,-7.0,234.9,-19.0,-1168.109687,9.1,-138.4,138.0,-38.0,-8.4
2024-04-19,-91.0,-50.4,38.0,2944.861604,9.1,-5.4,498.0,92.0,-28.1
2024-04-22,25.0,-127.7,-26.5,-1113.126277,9.1,-106.5,-160.0,-14.0,81.8
2024-04-23,-86.0,669.4,23.0,-97.261016,9.1,-313.6,-86.0,24.0,-3.1
2024-04-24,63.0,-8.2,80.0,323.3441629999999,9.1,-48.6,-56.0,102.0,-10.3
2024-04-25,63.0,20.7,-6.0,198.84085899999994,9.1,-1.5,-70.0,23.5,13.9
2024-04-26,94.0,1268.2,23.0,-896.8627300000003,-42.9,26.3,22.0,119.5,-1010.2
2024-04-29,218.0,1531.1,106.5,286.658213,9.1,78.9,-32.0,-17.0,-689.9
2024-04-30,29.0,273.0,112.5,1464.702955,5.2,48.6,80.0,-47.5,178.7
2024-05-06,68.0,-387.7,57.0,-2771.929989,3.9,-22.7,202.0,15.0,318.1
2024-05-07,-72.0,-904.0,59.0,-2115.127262,3.9,-43.6,-14.0,6.5,207.4
2024-05-08,82.0,-784.8,1.0,-4182.162991,5.2,-12.1,16.0,1.0,25.4
2024-05-09,34.0,-166.3,2.0,-3247.890624,5.2,92.7,-166.0,-6.5,-40.9
2024-05-10,102.0,-1438.4,27.0,-778.99737,-266.5,61.5,572.0,-38.5,34.9
2024-05-13,49.0,-717.0,-115.5,-1037.659122,0.0,91.5,252.0,-21.0,-8.1
2024-05-14,39.0,-482.8,21.5,-2046.506749,0.0,-73.7,132.0,-27.0,-181.3
2024-05-15,36.0,-912.0,-41.0,-721.0111839999997,1.3,-74.5,40.0,5.0,336.7
2024-05-16,39.0,-1073.0,-197.0,-2045.362818,0.0,-125.8,100.0,-13.5,-147.6
2024-05-17,-22.0,1139.9,-24.5,1898.189083,0.0,281.0,28.0,-66.0,-88.4
2024-05-20,38.0,-608.2,-19.0,1268.567492,-42.9,61.6,152.0,-49.0,91.7
2024-05-21,0.0,-237.9,13.5,-2255.814992,1.3,60.7,92.0,-6.0,104.2
2024-05-22,18.0,-278.1,145.0,-664.808487,1.3,28.0,182.0,-54.0,39.6
2024-05-23,54.0,266.9,118.0,1004.878481,0.0,18.8,134.0,-35.5,336.9
2024-05-24,-6.0,1076.9,138.5,2936.219932,0.0,28.8,184.0,-31.0,62.3
2024-05-27,3.0,-595.6,31.0,1139.098717,0.0,29.9,168.0,-35.0,-188.1
2024-05-28,-51.0,-222.0,128.5,-101.11006800000001,0.0,13.5,104.0,72.5,-12.0
2024-05-29,17.0,187.5,-173.5,639.5485,0.0,83.1,218.0,86.0,-14.2
2024-05-30,-93.0,528.5,138.5,-95.317046,0.0,136.6,-302.0,14.0,126.3
2024-05-31,-45.0,337.8,216.0,2336.200063,0.0,29.2,168.0,2.0,228.6
2024-06-03,-43.0,-137.5,130.0,-221.91780899999952,0.0,119.3,162.0,45.0,774.9
2024-06-04,11.0,-146.8,12.5,1457.689264,0.0,133.9,676.0,12.0,-53.2
2024-06-05,-71.0,-125.9,1.0,-47.975086000000076,1.3,113.4,-418.0,47.5,41.7
2024-06-06,195.0,556.4,126.0,2353.978958,0.0,315.2,-62.0,26.5,786.1
2024-06-07,-2.0,431.0,-22.5,1887.925275,9.1,113.7,236.0,3.5,627.3
2024-06-11,33.0,1271.3,-41.5,2909.453187,9.1,243.2,-538.0,62.5,-45.7
2024-06-12,18.0,204.5,50.0,2399.249555,9.1,81.9,-50.0,-24.5,231.4
2024-06-13,75.0,-166.4,-40.0,3350.198851,9.1,165.4,-318.0,54.5,84.7
2024-06-14,69.0,117.7,49.5,4852.428404,9.1,196.5,204.0,6.0,-307.2
2024-06-17,-63.0,437.5,-97.5,690.165767,9.1,-3.1,-328.0,81.5,-62.7
2024-06-18,42.0,318.8,-225.0,2482.638724,9.1,277.1,-28.0,24.5,-174.1
2024-06-19,21.0,-131.9,5.5,835.796569,0.0,143.6,-124.0,27.0,84.8
2024-06-20,-21.0,-472.2,-89.0,2346.146655,9.1,52.9,-530.0,23.0,105.3
2024-06-21,1.0,946.8,-62.5,5299.861934,9.1,227.2,52.0,49.0,126.9
2024-06-24,20.0,2959.2,-77.5,5557.498629999998,9.1,-87.4,32.0,62.0,192.8
2024-06-25,26.0,1293.3,14.0,5715.241489,9.1,-12.0,-54.0,9.0,848.6
2024-06-26,11.0,89.8,16.5,1874.0181,9.1,60.7,-26.0,28.0,-138.6
2024-06-27,0.0,881.2,-36.0,2964.608678,9.1,-7.6,-74.0,42.5,36.3
2024-06-28,-53.0,660.7,0.5,5658.355168,9.1,159.4,34.0,29.5,518.1
2024-07-01,15.0,-202.8,11.5,694.521593,9.1,20.3,316.0,-69.0,-196.1
2024-07-02,43.0,-628.2,36.5,2328.65761,9.1,-168.7,250.0,24.5,-42.8
2024-07-03,69.0,197.4,-50.5,2569.781705,9.1,8.7,-224.0,-2.5,11.3
2024-07-04,6.0,1126.5,-19.5,3983.249836,0.0,82.8,238.0,14.0,165.7
2024-07-05,22.0,1026.9,-79.0,3124.366857,9.1,90.5,218.0,-1.5,-104.7
2024-07-08,-1.0,893.4,-82.5,3813.544916,9.1,8.7,18.0,-25.5,271.9
2024-07-09,11.0,1125.2,-45.0,4710.580591,9.1,16.9,-118.0,43.0,-160.4
2024-07-10,-6.0,61.9,-44.0,1351.374928,9.1,-136.4,114.0,88.5,-368.2
2024-07-11,-73.0,-282.7,-159.0,-1241.424631,9.1,-164.6,250.0,-15.5,-425.2
2024-07-12,-13.0,-696.4,-205.0,-423.241793,9.1,-125.0,36.0,45.0,-57.7
2024-07-15,-27.0,-132.3,-76.0,1939.678932,9.1,-125.2,-216.0,-27.0,-199.6
2024-07-16,9.0,1049.3,-130.0,16.485726,9.1,1.5,-852.0,2.5,-422.6
2024-07-17,-2.0,2864.4,-39.0,5412.242657,9.1,-174.5,-166.0,7.0,-480.1
2024-07-18,-49.0,2817.7,-125.0,3119.9446859999994,9.1,-91.0,-90.0,-6.0,-418.0
2024-07-19,-24.0,7131.700000000008,-129.0,1377.617785,9.1,-434.5,-694.0,20.0,-594.2
2024-07-22,-29.0,1660.8,-131.5,-631.180335,9.1,-267.2,-110.0,-30.0,-459.3
2024-07-23,-10.0,1701.9,-216.0,3477.396327,9.1,60.8,518.0,5.0,-328.1
2024-07-24,23.0,1156.8,-53.0,3950.218989,9.1,-98.8,430.0,-4.0,-157.5
2024-07-25,38.0,1960.4,-294.5,4643.450922,9.1,30.3,378.0,-50.0,-374.4
2024-07-26,11.0,1511.6,22.0,4084.150354,9.1,111.6,182.0,1.5,-281.5
2024-07-29,-56.0,878.0,26.0,2847.509867,9.1,112.4,178.0,-13.0,-63.5
2024-07-30,-29.0,2350.7,-11.5,4722.020721,9.1,-97.2,92.0,-8.0,-187.1
2024-07-31,107.0,1809.9999999999982,100.0,872.025267,9.1,26.2,-122.0,-54.0,-1200.0
2024-08-01,-135.0,331.4,71.5,2042.959558,9.1,210.7,-132.0,-10.0,-436.5
2024-08-02,-42.0,908.5,48.5,4854.088839,9.1,7.4,450.0,-0.5,-20.7
2024-08-05,5.0,2277.0,50.0,7375.831111,9.1,-100.4,750.0,-8.5,-24.1
2024-08-06,-23.0,738.5000000000019,-45.0,4074.792931,9.1,10.5,204.0,-1.5,-21.4
2024-08-07,18.0,63.9,-18.5,913.116693,9.1,-176.3,242.0,-15.0,126.4
2024-08-08,99.0,958.2,30.5,1753.438881,9.1,-78.2,-36.0,-8.5,-16.0
2024-08-09,7.0,-285.7,96.5,-5549.459136,9.1,-29.3,20.0,-87.0,122.2
2024-08-12,49.0,409.6,81.5,691.64612,9.1,-11.5,200.0,-96.0,43.8
2024-08-13,2.0,65.6,49.5,1719.359816,9.1,55.3,90.0,-19.5,-8.7
2024-08-14,-12.0,112.8,-12.0,301.893614,9.1,13.5,234.0,-5.5,96.6
2024-08-15,62.0,1752.7999999999981,-35.5,5159.392814,9.1,42.2,92.0,-9.5,-80.2
2024-08-16,64.0,1209.3,7.5,2550.009695,9.1,38.9,98.0,-1.5,135.0
2024-08-19,43.0,439.8,50.5,541.062326,9.1,232.4,70.0,-8.0,-16.8
2024-08-20,54.0,591.8,5.0,3694.059955,9.1,-13.6,194.0,14.5,-59.6
2024-08-21,15.0,1694.8,-13.0,2611.916143,9.1,29.1,-78.0,21.0,-104.4
2024-08-22,9.0,1350.8,-2.5,3963.972234,9.1,48.9,34.0,-13.0,13.2
2024-08-23,18.0,1370.2,14.0,3216.476801999999,9.1,-20.4,-14.0,-9.5,-158.0
2024-08-26,22.0,753.1,-57.0,3948.613945,9.1,28.7,66.0,-0.5,-58.3
2024-08-27,7.0,1074.6,-22.5,4362.474902,9.1,-83.5,36.0,-17.0,60.7
2024-08-28,-33.0,2103.8,4.0,3080.706804,9.1,196.0,28.0,-24.0,-30.0
2024-08-29,-7.0,2441.5,-52.5,792.0053789999997,9.1,-41.8,-82.0,31.5,-20.7
2024-08-30,73.0,673.7,-80.5,-4304.745135000004,9.1,-119.4,-522.0,-12.0,-219.6
2024-09-02,55.0,-189.5,-98.0,945.4363010000038,0.0,-120.3,228.0,-58.5,235.2
2024-09-03,76.0,137.5,-87.5,-1483.993804,9.1,-27.3,-22.0,-9.5,-22.3
2024-09-04,29.0,188.2,13.0,-69.226781,9.1,51.7,92.0,-32.0,-47.9
2024-09-05,13.0,998.3,-4.5,2112.931339,9.1,1.2,170.0,-35.5,-108.8
2024-09-06,-9.0,-6.8,-5.0,-71.70612700000024,9.1,-49.6,148.0,-7.0,-269.0
2024-09-09,0.0,1906.1,23.0,2866.907382,9.1,89.5,54.0,22.5,-288.4
2024-09-10,-14.0,715.5,-7.5,863.31209,9.1,68.6,122.0,-27.5,118.4
2024-09-11,33.0,72.1,-106.5,-567.539415,9.1,73.3,-8.0,-8.5,-45.6
2024-09-12,23.0,343.6,-48.0,1414.342801,9.1,329.7,206.0,-41.0,-80.6
2024-09-13,77.0,481.0,-6337.662,1616.8648089999963,9.1,173.2,92.0,19.0,-245.0
2024-09-18,118.0,813.5,-14.0,2680.545245,9.1,-53.1,56.0,110.5,-6.1
2024-09-19,-101.0,1522.7,14.0,2655.568279,9.1,-183.0,212.0,30.0,-82.7
2024-09-20,3.0,2465.5,16.5,-56248.004943,9.1,-156.5,68.0,100.5,-25.3
2024-09-23,-61.0,-168.0,29.0,2595.372405,9.1,-67.8,172.0,-33.0,105.5
2024-09-24,-40.0,1231.2,-63.0,5932.541959,9.1,45.8,-26.0,261.0,-274.7
2024-09-25,-64.0,468.8,-114.0,2135.629116,9.1,-83.5,-104.0,164.5,-1011.3
2024-09-26,-25.0,4890.0,8.0,2682.971723,9.1,401.0,-104.0,-96.5,-606.7
2024-09-27,45.0,1355.2,-16.5,2760.79533,9.1,939.2,-70.0,-51.5,195.4
2024-09-30,262.0,8303.9,-126.5,31847.728815,-45.5,2159.9,-804.0,-617.0,-935.6
2024-10-08,621.0,13121.8,-570.0,66723.08229100001,0.0,3346.5,-74.0,-273.0,96.1
2024-10-09,352.0,4178.6,-193.0,43288.65062,-132.6,492.2,-1364.0,-188.49999999999903,-3218.8
2024-10-10,369.0,-419.2,57.5,-644.254268999999,0.0,-460.1,-1384.0,-39.50000000000095,-234.1
2024-10-11,22.0,501.0,-61.0,-5374.993263,9.1,-176.2,-1426.0,26.0,-1288.6
2024-10-14,217.0,-2072.5,-14.5,-9147.461259,9.1,-220.9,-474.0,11.0,-1219.3
2024-10-15,64.0,-2586.5,-74.0,-3221.601311,9.1,-6.3,364.0,96.0,-849.6
2024-10-16,-67.0,-651.9,-11.0,-1282.8714909999997,9.1,83.2,-166.0,-53.5,-698.5
2024-10-17,-162.0,-3303.2,-21.5,-7799.668086,9.1,-384.6,-190.0,42.0,-332.6
2024-10-18,3.0,1116.4,-159.5,8791.320124999993,9.1,82.0,-1288.0,98.5,-919.1
2024-10-21,79.0,-3818.8,80.0,-4100.3123,9.1,129.6,-102.0,111.0,762.8
2024-10-22,84.0,-1364.5,513.0,-11082.110563,9.1,307.9,196.0,86.0,-192.2
2024-10-23,-420.0,-1811.2,29.5,-2030.6506230000002,9.1,130.6,318.0,-25.0,-158.5
2024-10-24,-105.0,-1462.2,-370.5,-231.791296,9.1,45.2,308.0,-51.5,-253.8
2024-10-25,-44.0,-1138.8,447.5,-626.3825499999995,9.1,226.0,366.0,-1.0,-61.9
2024-10-28,-43.0,-502.1,-163.5,1127.525875999999,9.1,600.6,-82.0,-80.5,-163.6
2024-10-29,-189.0,-534.8,162.5,-1611.6139669999998,9.1,279.3,-54.0,4.5,-436.3
2024-10-30,116.0,98.6,-45.0,5281.696852,9.1,133.2,-80.0,-22.5,-215.8
2024-10-31,-58.0,-922.9,-119.0,687.146126,9.1,236.0,-854.0,-36.0,-1323.9
2024-11-01,101.0,-252.8,-213.0,7863.27441,9.1,-257.5,660.0,25.5,15.9
2024-11-04,-75.0,-429.3,-103.0,-2276.650192,9.1,53.7,-206.0,5.5,-285.5
2024-11-05,-343.0,1154.5,166.5,-952.789881,9.1,794.1,-876.0,-9.5,106.2
2024-11-06,85.0,-431.2,369.5,269.458226,9.1,355.3,-260.0,-113.0,-871.2
2024-11-07,-36.0,1043.8,-105.0,3085.247570999999,9.1,1237.4,40.0,5.0,-495.2
2024-11-08,-496.0,-1510.8,93.5,512.179027,9.1,2486.4,-132.0,2.0,622.2
2024-11-11,-207.0,-2662.8,-126.0,-11574.567116,9.1,1121.1,-620.0,43.5,580.3
2024-11-12,250.0,-2461.1,194.0,11042.274125,9.1,609.3,642.0,-57.0,28.2
2024-11-13,-197.0,-869.0,-445.0,10211.619291,9.1,-40.3,42.0,-21.999999999999048,24.3
2024-11-14,89.0,-89.1,118.0,10338.605691000004,9.1,89.9,104.0,53.99999999999905,-32.9
2024-11-15,-148.0,1036.4,-8.0,12430.937737,9.1,-208.7,354.0,124.5,373.4
2024-11-18,-20.0,162.7,-102.5,10738.94913,9.1,-129.3,146.0,-18.5,-199.6
2024-11-19,-75.0,108.2,105.0,11052.982709,9.1,-150.7,340.0,98.0,23.3
2024-11-20,-56.0,-2365.4,70.5,1380.180748000001,9.1,283.2,110.0,2.5,-156.0
2024-11-21,35.0,-808.9,105.0,2451.034545,9.1,217.7,-364.0,46.0,-255.7
2024-11-22,70.0,-1272.7,-2.0,13380.391569,9.1,-427.5,374.0,12.0,200.5
2024-11-25,-18.0,36.4,-43.5,10023.807629,9.1,-165.3,-8.0,84.0,-293.5
2024-11-26,-18.0,-82.6,-131.5,4015.796973,9.1,-190.2,-18.0,-32.0,-208.5
2024-11-27,-46.0,485.0,-19.0,6543.055133,9.1,161.8,-50.0,107.0,-47.0
2024-11-28,12.0,-839.5,304.5,431.8863960000002,0.0,-34.3,-222.0,-43.5,72.1
2024-11-29,173.0,2868.806834,-49.0,4554.3847780000015,9.1,-172.2,22.0,-15.0,110.3
2024-12-02,-20.0,-258.6,13.5,1798.544023,9.1,328.0,-220.0,-29.5,-45.7
2024-12-03,-57.0,-699.4,-16.0,3172.5993339999995,9.1,356.4,166.0,60.5,41.7
2024-12-04,-40.0,-1080.2,1.5,-309.2077880000005,9.1,-126.2,-8.0,118.0,114.1
2024-12-05,-6.0,157.6,7.0,2446.298269,9.1,-421.1,138.0,161.5,-350.5
2024-12-06,25.0,1261.6,-101.5,3789.407736,9.1,164.5,54.0,434.5,350.7
2024-12-09,0.0,-949.1,47.5,1955.474231,9.1,50.8,482.0,320.5,118.0
2024-12-10,-43.0,2281.9,93.0,12229.912133,9.1,-117.2,-30.0,289.0,342.0
2024-12-11,10.0,1744.3,-61.5,-558.702299,9.1,56.7,-60.0,68.5,61.0
2024-12-12,-18.0,345.6,-15.5,-898.422403,9.1,111.2,-76.0,9.5,-155.9
2024-12-13,15.0,-1451.8,21.5,-2461.530981,9.1,-238.0,-48.0,467.0,72.2
2024-12-16,-35.0,-22.5,12.5,4384.622718,9.1,-282.1,200.0,88.0,15.2
2024-12-17,29.0,403.6,-3.5,7424.469311,9.1,-164.1,340.0,189.5,71.4
2024-12-18,0.0,-517.9,-11.0,-1214.315698,9.1,-1003.7,-926.0,185.5,313.2
2024-12-19,-20.0,-119.9,13.5,-119.220314,9.1,-74.5,-838.0,166.5,304.9
2024-12-20,-64.0,-532.3,7.5,-350.652696,9.1,-719.0,-1394.0,99.0,98.5
2024-12-23,-45.0,-699.7,22.5,5193.275856,9.1,-523.8,-286.0,84.0,282.3
2024-12-24,55.0,54.9,-5.0,1855.795929,9.1,225.9,444.0,174.0,-403.9
2024-12-25,28.0,-1375.3,213.0,653.1489900000005,0.0,-136.7,-146.0,32.0,782.7
2024-12-26,83.0,336.4,49.5,-484.098128,9.1,79.9,-566.0,102.5,295.9
2024-12-27,110.0,474.6,18.0,2388.394769,9.1,-78.5,-310.0,114.0,343.8
2024-12-30,8.0,-226.8,-67.0,643.2942220000002,9.1,-20.4,-50.0,237.5,-472.1
2024-12-31,-2.0,-1482.0,-109.5,9696.889055,9.1,-558.6,786.0,138.0,669.7
2025-01-02,132.0,1531.2,69.0,9786.901024,9.1,-135.8,890.0,237.5,546.6
2025-01-03,121.0,1059.8,52.0,11515.042933999997,9.1,-42.0,508.0,-0.5,96.3
2025-01-06,-25.0,669.2,-79.0,6802.529048,9.1,-123.3,250.0,-146.0,-252.9
2025-01-07,-40.0,-104.4,-25.0,-4514.698652,9.1,-288.9,-386.0,145.0,-50.1
2025-01-08,-19.0,-30.9,-22.0,3907.345095,9.1,-352.9,2.0,71.0,-69.4
2025-01-09,-38.0,-752.3,-61.0,-5549.398588,0.0,-215.1,-434.0,120.5,15.2
2025-01-10,64.0,43.1,8.5,-1559.972876999998,9.1,-190.1,-588.0,-121.0,-134.8
2025-01-13,27.0,1223.5,6.5,5947.945852,9.1,-269.1,44.0,41.5,-96.7
2025-01-14,6.0,-61.7,-109.5,411.585211,9.1,-233.4,-50.0,44.5,-643.4
2025-01-15,50.0,151.0,3.5,-1802.664871000002,9.1,-111.6,-160.0,-2.5,-137.3
2025-01-16,127.0,-655.8,-22.0,1911.682896,9.1,88.4,398.0,-16.0,-16.3
2025-01-17,6.0,-455.4,-27.0,-2327.728847,9.1,-207.1,-496.0,25.0,57.9
2025-01-20,-41.0,-845.5,-17.0,-1929.5935509999963,0.0,-51.6,114.0,49.0,63.3
2025-01-21,8.0,-569.9,-3.5,-6228.611724,9.1,88.6,-350.0,175.0,71.8
2025-01-22,4.0,-554.3,-17.0,-1860.825285,9.1,185.4,-84.0,58.5,343.3
2025-01-23,44.0,529.0,19.0,5776.642056,9.1,125.1,102.0,98.5,-107.8
2025-01-24,2.0,521.9,1.0,306.435392,9.1,132.6,-204.0,41.5,-291.0
2025-01-27,-8.0,-1230.2,-17.0,2425.133763,9.1,-40.8,286.0,77.5,296.7
2025-02-05,-8.0,264.1,5.0,-6239.144877,9.1,264.6,-490.0,114.0,-76.4
2025-02-06,-169.0,923.0,61.0,-10603.45065,9.1,59.6,-966.0,106.5,139.6
2025-02-07,-132.0,-189.7,253.0,-7597.502957,9.1,340.3,-72.0,5.5,926.1
2025-02-10,31.0,-1257.8,8.5,-15663.450234,9.1,-118.9,-530.0,-13.0,181.9
2025-02-11,59.0,-1009.9,321.5,-8201.840113,10.4,336.2,-54.0,-30.5,287.2
2025-02-12,91.0,-193.3,79.0,-6903.602951,10.4,-197.9,-574.0,18.5,84.3
2025-02-13,36.0,-1188.1,241.5,-5365.260905,10.4,-244.4,304.0,-13.0,186.9
2025-02-14,63.0,-300.4,37.0,-9508.658086,10.4,478.1,156.0,-56.0,170.8
2025-02-17,66.0,-1621.1,150.0,-6547.622219,0.0,363.7,-200.0,36.5,360.2
2025-02-18,196.0,-578.5,128.0,1835.366752,10.4,229.0,-164.0,15.0,254.8
2025-02-19,-32.0,-88.4,-109.5,-10792.109795,10.4,127.6,-854.0,101.5,-588.3
2025-02-20,-28.0,-926.7999999999981,46.5,-8282.824104,10.4,130.7,-60.0,17.0,219.8
2025-02-21,64.0,-73.9,49.5,-12388.571837,10.4,1314.7,-572.0,19.0,1596.7
2025-02-24,-107.0,-1703.7,-73.0,-1196.8594129999951,10.4,246.5,-20.0,-58.5,980.1
2025-02-25,66.0,-413.2,70.0,-1199.7686630000003,10.4,588.3,40.0,125.5,500.3
2025-02-26,31.0,-1319.1,355.0,-1361.574333,10.4,-91.1,-400.0,-51.0,393.7
2025-02-27,56.0,-365.6,322.0,7013.772576,10.4,-670.3,-8.0,-85.5,397.8
2025-02-28,248.0,-182.4,431.5,16903.119855999998,10.4,357.0,160.0,-14.5,426.7
2025-03-03,-116.0,-408.6,285.0,489.4431459999999,10.4,-182.0,60.0,41.5,509.5
2025-03-04,118.0,-233.2,25.5,124.14163100000012,10.4,76.2,-294.0,14.0,-381.8
2025-03-05,-114.0,-969.7,137.5,-870.486255,10.4,-3.3,66.0,-1.5,-6.8
2025-03-06,-71.0,1176.6,-154.5,-8974.938123000004,10.4,199.5,-198.0,1.0,-808.1
2025-03-07,96.0,-925.1,53.5,-282.920941,10.4,-351.1,154.0,-163.5,428.8
2025-03-10,229.0,-2400.5,-2.5,-551.5784449999961,10.4,-404.1,138.0,55.0,319.2
2025-03-11,74.0,816.7,405.5,4940.758732,10.4,-725.0,142.0,-10.0,43.3
2025-03-12,84.0,-23.3,-43.0,1366.639272,20.8,192.3,-70.0,-15.5,-339.7
2025-03-13,1.0,47.7,9.5,5917.486113,20.8,115.8,654.0,29.5,-12.3
2025-03-14,178.0,884.2,-12.5,-1220.0819770000062,20.8,7.6,-296.0,-131.5,-1376.7
2025-03-17,156.0,-239.7,248.5,-1257.783431999996,20.8,662.6,-28.0,-25.0,1013.6
2025-03-18,32.0,-19.0,174.5,-4246.496953,20.8,-77.3,-22.0,-18.5,503.3
2025-03-19,-27.0,17.2,-204.5,-514.209588,20.8,71.9,162.0,-37.5,280.0
2025-03-20,-35.0,-161.0,-60.0,-2003.308403,20.8,567.9,-78.0,-114.5,332.9
2025-03-21,19.0,201.3,145.0,7974.741407,20.8,156.6,350.0,-113.0,138.4
2025-03-24,64.0,-206.2,-11.0,6026.072399,20.8,-132.2,88.0,-1.0,282.2
2025-03-25,-39.0,-195.7,-360.0,3678.046916,20.8,174.3,232.0,14.5,40.5
2025-03-26,15.0,261.9,-416.0,3439.579422,20.8,-15.2,-96.0,19.0,166.6
2025-03-27,50.0,127.2,40.0,-3271.830344,20.8,-72.9,-114.0,-11.5,11.5
2025-03-28,59.0,-603.8,87.5,1035.805959999999,20.8,60.1,164.0,61.0,12.2
2025-03-31,113.0,229.7,186.5,8899.20107,20.8,-56.3,104.0,0.5,540.2
2025-04-01,213.0,167.3,-83.0,-817.0132599999997,20.8,-277.1,74.0,-38.5,463.6
2025-04-02,212.0,256.2,12.0,5870.037347,20.8,4.8,76.0,-23.0,-286.1
2025-04-03,195.0,883.1,-55.0,11594.094628,20.8,86.3,72.0,32.0,-183.6
2025-04-07,214.0,10651.2,181.5,30593.154305999997,20.8,-113.7,192.0,412.5,849.5
2025-04-08,310.0,12927.899999999998,-188.5,31499.405463000006,20.8,-156.3,140.0,-5.5,-594.4
2025-04-09,157.0,1738.1,-68.0,10684.888809,20.8,898.5,-596.0,152.0,-726.1
2025-04-10,280.0,-1174.2,-271.5,1341.8937950000002,20.8,622.1,86.0,-146.5,-532.7
2025-04-11,416.0,-454.7,-81.0,-4010.39734,20.8,402.8,-552.0,-25.5,-242.5
2025-04-14,-190.0,-1132.5,-73.0,-3696.8356519999993,20.8,175.4,182.0,-89.5,120.7
2025-04-15,21.0,1106.0,-6.5,423.17866199999975,20.8,137.9,212.0,-11.5,-120.4
2025-04-16,-6.0,4854.5,-22.0,6311.265646,20.8,-375.8,6.0,-74.0,-351.0
2025-04-17,-137.0,1245.3,1.5,-2914.877649,20.8,34.3,-190.0,-18.5,-161.4
2025-04-18,22.0,1580.2,-74.0,1391.7434010000009,0.0,208.8,124.0,-29.5,-327.3
2025-04-21,-139.0,168.4,-26.5,-3269.5496459999995,20.8,46.3,-96.0,11.5,-337.5
2025-04-22,-60.0,-779.9,-48.5,1908.057687,20.8,-852.4,-28.0,-84.0,-379.4
2025-04-23,-236.0,-548.7,-62.0,405.9225029999999,20.8,-366.8,166.0,-63.5,-58.8
2025-04-24,120.0,164.8,-6.5,2106.521093,20.8,-588.7,30.0,-76.0,-100.6
2025-04-25,-42.0,-256.9,-120.0,-91.04060899999952,3.9,-97.4,96.0,-12.0,-241.2
2025-04-28,20.0,-588.1,-135.5,-3371.559883,1.3,-229.5,-118.0,-84.0,-51.4
2025-04-29,75.0,28.7,-25.0,-4181.657873,1.3,66.2,-96.0,11.0,116.5
2025-04-30,123.0,-312.5,-21.5,-4297.5606579999985,1.3,-151.7,-94.0,30.0,-38.5
2025-05-06,118.0,165.9,-130.5,-3355.113341000001,1.3,322.2,-172.0,-46.0,-167.6
2025-05-07,106.0,-1007.7,-38.0,-2050.116477,1.3,-268.1,106.0,-113.0,40.3
2025-05-08,123.0,-167.3,2.0,-2550.9323330000007,1.3,-151.8,162.0,-111.0,-65.1
2025-05-09,-263.0,-364.2,30.5,-1806.190244,1.3,-397.8,458.0,-114.5,6.7
2025-05-12,-254.0,-603.6,386.0,-6177.010282,1.3,-402.8,176.0,-4.5,-41.6
2025-05-13,-232.0,-1165.8,-612.5,-11114.590121,1.3,-286.9,120.0,-267.5,-243.7
2025-05-14,-58.0,233.3,22.0,-2787.639714,1.3,-487.3,186.0,-182.5,-267.2
2025-05-15,92.0,-768.1,5.0,-3204.516789,1.3,-337.8,280.0,-173.0,-107.7
2025-05-16,42.0,-764.0,12.0,-4788.796892,1.3,-6.0,60.0,-41.5,-40.0
2025-05-19,113.0,-542.7,-7.0,-1279.370882,0.0,258.3,4.0,-31.0,-117.9
2025-05-20,150.0,100.8,108.0,-5593.791427,2.6,-22.0,-58.0,-62.5,140.6
2025-05-21,412.0,-795.0,-30.5,-5674.311526,1.3,-186.7,244.0,-10.0,143.0
2025-05-22,-19.0,-237.0,43.5,-2289.022786,1.3,11.9,140.0,-41.5,157.1
2025-05-23,67.0,-118.7,18.5,-3641.575259,1.3,48.6,192.0,-23.5,214.9
2025-05-26,-45.0,1084.5,-15.5,774.732974,0.0,-34.3,-180.0,-16.0,40.1
2025-05-27,-56.0,384.3,21.0,1392.502741,1.3,-228.4,400.0,25.5,-28.2
2025-05-28,3.0,-125.1,16.5,-1235.904153,1.3,-239.4,148.0,-0.5,135.0
2025-05-29,-93.0,833.9,15.0,-517.790919,1.3,78.0,-136.0,-27.0,208.8
2025-05-30,92.0,-947.9,43.0,-3431.509372,1.3,29.9,166.0,-17.0,35.6
2025-06-03,180.0,292.7,57.0,-2962.489858,1.3,155.1,-208.0,-34.5,-103.5
2025-06-04,30.0,-294.5,14.5,-1756.151781,1.3,43.2,-16.0,-42.0,-203.9
2025-06-05,111.0,-452.5,46.0,-4005.44885,1.3,288.5,-60.0,15.5,-414.0
2025-06-06,79.0,-303.8,24.0,401.06720599999977,1.3,258.4,-44.0,-87.5,-13.6
2025-06-09,-120.0,649.2,-21.5,-3061.109897,1.3,141.7,154.0,-42.5,158.4
2025-06-10,163.0,-1123.1,52.0,-6185.396933000001,1.3,-154.3,252.0,-22.5,199.4
2025-06-11,51.0,28.1,-29.5,-4315.293506,1.3,16.8,90.0,-50.0,-371.5
2025-06-12,25.0,-642.4,3.0,-4191.911913,1.3,738.2,300.0,-7.0,-58.4
2025-06-13,214.0,-334.4,28.0,1328.23223,1.3,649.1,110.0,-22.0,-42.0
2025-06-16,42.0,928.8,-51.5,2775.559245999999,1.3,509.0,-26.0,-37.0,524.1
2025-06-17,11.0,7.0,-159.5,3831.755389,1.3,191.3,232.0,-34.0,392.8
2025-06-18,-45.0,-90.3,-2.5,1404.34821,1.3,-106.8,-36.0,-46.5,25.8
2025-06-19,246.0,144.4,149.5,5593.474555,0.0,-67.4,-172.0,29.5,851.1
2025-06-20,278.0,-13.8,-2.5,4438.491424,1.3,-425.4,140.0,-95.5,168.8
2025-06-23,-31.0,562.9,7.0,3292.271469,1.3,287.0,-18.0,-79.0,233.5
2025-06-24,-96.0,258.6,-144.0,-692.495474,1.3,-136.6,-114.0,-31.5,-119.6
2025-06-25,-233.0,-871.3,57.5,1319.288969,1.3,336.7,-306.0,-77.5,-1693.6
2025-06-26,-185.0,-657.6,5.0,-2175.6823829999994,1.3,106.1,202.0,-59.5,-615.5
2025-06-27,-197.0,-693.6,415.0,-2423.79741,1.3,59.0,-108.0,-18.0,-371.2
2025-06-30,-187.0,-1499.1,300.0,2734.5479470000046,1.3,145.7,-30.0,-44.5,824.9
2025-07-01,215.0,-1026.0,659.0,-9063.486535000004,1.3,68.5,-10.0,-79.0,201.9
2025-07-02,17.0,-347.9,703.0,3312.834629,1.3,-42.4,498.0,-81.0,214.3
2025-07-03,-55.0,-655.8,122.0,104.39944600000013,1.3,93.5,66.0,-34.5,353.8
2025-07-04,171.0,-582.2,324.0,2317.041353000001,0.0,-151.3,10.0,-130.0,6981.2399
2025-07-07,64.0,-51.7,-147.0,1601.363665,1.3,26.8,-40.0,-91.5,233.5
2025-07-08,357.0,162.9,-115.5,-2809.106531,1.3,43.2,-102.0,10.5,569.9
2025-07-09,71.0,-446.0,88.5,-2155.941638,1.3,201.1,338.0,-55.5,259.7
2025-07-10,176.0,-146.4,424.5,-251.07838600000042,1.3,714.9,372.0,60.0,-21.1
2025-07-11,63.0,706.6,400.5,5249.964028999999,1.3,31.7,-18.0,69.5,-213.4
2025-07-14,51.0,-549.4,329.0,212.43541599999975,0.0,711.7,392.0,-70.5,536.1
2025-07-15,108.0,-1286.2,-63.5,-1808.530305,-126.1,477.4,526.0,44.0,456.6
2025-07-16,139.0,-179.2,124.5,-1577.9571480000002,0.0,-380.5,38.0,-46.5,748.8
2025-07-17,2.0,-321.9,462.0,-2098.910066,-9.1,85.3,252.0,26.5,811.8
2025-07-18,-2.0,-219.9,38.0,-3479.405876,1.3,-432.7,200.0,45.5,296.3
2025-07-21,-168.0,-60.6,-5.0,2973.906704000001,6.5,218.0,58.0,-9.5,22.3
2025-07-22,-133.0,-325.6,624.5,2918.835771,1.3,-636.3,194.0,-144.5,1306.0
2025-07-23,-10.0,-73.5,61.0,235.036232,3.9,13.8,-176.0,16.5,-767.5
2025-07-24,-195.0,375.8,-215.5,-2707.50165,2.6,109.4,-110.0,66.0,57.0
2025-07-25,-29.0,-241.7,-73.5,-662.2734959999998,1.3,177.5,-168.0,-90.0,-487.1
2025-07-28,-80.0,-806.1,-295.0,123.48439499999809,1.3,635.2,-122.0,30.5,-420.2
2025-07-29,100.0,-716.4,-208.0,-1174.048375,6.5,405.0,-578.0,103.5,82.9
2025-07-30,88.0,166.6,-113.0,6461.406548,1.3,698.7,-402.0,50.5,311.4
2025-07-31,-261.0,-986.5,-1276.0,-4976.747317,5.2,1273.0,-446.0,105.0,116.3
2025-08-01,68.0,-38.9,-563.5,-34.991957,3.9,586.1,-64.0,47.0,21651.0177
2025-08-04,-280.0,63.2,104.5,298.672714,2.6,276.7,-324.0,-20.0,952.2
2025-08-05,-42.0,-488.5,136.0,2175.099436,6.5,12.4,-64.0,-47.0,417.2
2025-08-06,-389.0,125.2,161.0,4628.130584,6.5,223.4,-38.0,-25.0,693.8
2025-08-07,167.0,-348.7,26.5,-177.87063,6.5,130.4,-408.0,-23.0,200.6
2025-08-08,11.0,-447.3,-254.5,7369.961311,6.5,-508.4,248.0,-27.5,-77.4
2025-08-11,-31.0,689.5,-163.5,1533.141707,6.5,-445.3,-220.0,-66.0,406.6
2025-08-12,-39.0,-308.5,62.5,819.249575,6.5,-510.0,-726.0,-61.5,365.4
2025-08-13,-500.0,73.2,-126.5,-4534.744688,6.5,1476.0,-414.0,-3.5,-133.8
2025-08-14,-370.0,-735.5,-151.0,-8501.768004999998,6.5,578.8,-764.0,53.0,-1149.6
2025-08-15,-186.0,1561.9,-339.0,5154.740776,6.5,844.8,-184.0,21.0,-1034.8
2025-08-18,127.0,549.4,534.0,-2307.495919,6.5,457.9,-190.0,38.5,2330.2
2025-08-19,135.0,-79.9,27.5,8820.461368,6.5,-691.4,-30.0,34.5,727.2
2025-08-20,-213.0,-143.4,375.0,-312.5717219999993,6.5,-510.3,-352.0,-63.5,589.6
2025-08-21,-300.0,-68.5,562.0,6732.312519,6.5,884.1,-126.0,8.5,1122.0
2025-08-22,-101.0,1770.4,355.5,-3470.537411,6.5,1259.3,-950.0,123.5,669.8
2025-08-25,-73.0,-168.2,46.0,10447.441564,6.5,1933.7,-40.0,-27.0,3008.4
2025-08-26,-152.0,308.4,236.5,11584.093905,6.5,1800.5,-394.0,-52.5,776.4
2025-08-27,-251.0,-1214.1,-159.5,2036.393008,6.5,1977.3,-510.0,59.0,236.0
2025-08-28,56.0,-810.6,-215.5,1535.1527609999991,6.5,-400.3,-530.0,112.5,476.4
2025-08-29,298.0,-976.4,113.0,19776.924991,6.5,772.7,186.0,45.0,1281.6
2025-09-01,-113.0,-755.9,205.0,5812.664962,0.0,1700.4,-511.99999999999807,32.0,1509.8
2025-09-02,273.0,-253.1,258.0,12015.529175,6.5,137.8,-472.0,4.0,694.0
2025-09-03,-761.0,-1413.2,-333.0,-3115.917179,6.5,34.8,-614.0,108.0,2113.2
2025-09-04,-419.0,362.2,432.5,4719.542287,6.5,408.2,110.0,30.0,423.6
2025-09-05,-271.0,-190.8,43.0,-1221.9708,6.5,1219.3,-12.0,67.5,1983.4
2025-09-08,-164.0,-283.6,-488.5,5946.903188999999,6.5,-173.8,-172.0,-18.0,858.4
2025-09-09,-130.0,-985.1,-205.5,3415.888198000002,6.5,95.9,-18.0,-36.5,1702.6
2025-09-10,28.0,-469.7,-539.5,2551.017802,6.5,-453.8,-192.0,-3.0,947.4
2025-09-11,73.0,1235.6,-601.0,9294.694025,6.5,-13.6,-412.0,20.5,765.8
2025-09-12,4.0,432.5,-659.5,5080.068176,6.5,525.1,-322.0,26.5,1768.2
2025-09-15,-18.0,-942.3,-373.0,44.697096,6.5,-66.9,-18.0,54.0,531.6
2025-09-16,-84.0,-14.7,-47.5,481.374009,6.5,630.1,-56.0,32.0,1356.4
2025-09-17,102.0,311.7,136.5,3360.218034,6.5,887.1,-40.0,-6.0,1532.4
2025-09-18,88.0,-443.8,88.5,6317.845068,6.5,676.5,-28.0,209.5,4097.4
2025-09-19,270.0,23.5,-79.5,5349.263905,6.5,346.0,-48.0,-24.0,134.6
2025-09-22,46.0,-450.9,-253.0,-3119.583961,6.5,227.9,-242.0,68.0,-83.6
2025-09-23,-29.0,-677.3,-421.5,8226.550848,6.5,259.5,164.0,36.0,1586.6
2025-09-24,59.0,-218.1,-144.5,2235.2085100000018,6.5,-53.9,-136.0,-52.0,564.6
2025-09-25,68.0,-31.9,-184.5,4364.450683,6.5,148.1,26.0,23.0,597.8
2025-09-26,166.0,596.6,-50.0,14679.515996999999,6.5,303.1,166.0,4.0,420.4
2025-09-29,122.0,113.8,23.0,14059.705131000004,6.5,353.0,26.0,142.0,-3071.2
2025-09-30,-117.0,-36.3,48.5,8358.284581,6.5,401.1,-82.0,66.5,915.0
2025-10-09,390.0,812.0,142.0,4709.197772,6.5,394.6,14.0,66.5,2944.8
2025-10-10,99.0,608.2,277.5,22992.805176999995,6.5,-123.1,620.0,-24.5,667.4
2025-10-13,118.0,-190.9,134.0,20259.778722,6.5,1094.1,-242.0,169.5,3132.6
2025-10-14,218.0,-1045.2,55.5,14603.990355,6.5,-122.8,164.0,-129.5,2025.4000000000037
2025-10-15,246.0,206.7,95.5,3752.736059,6.5,267.2,-192.0,96.5,1537.8
2025-10-16,-53.0,-1061.6,66.5,-448.633303,6.5,-519.7,-122.0,52.0,1469.4
2025-10-17,32.0,10.2,-59.0,8588.274801,6.5,-316.3,188.0,-138.5,2975.8
2025-10-20,-5.0,357.4,-241.0,1022.4707789999995,6.5,-58.2,-174.0,-57.0,1195.0
2025-10-21,-55.0,-594.1,-177.5,-6072.384986,6.5,-42.9,-4.0,166.5,-590.0
2025-10-22,-6.0,-747.1,-301.5,-608.4397150000004,6.5,-335.7,68.0,-21.5,785.2
2025-10-23,41.0,-310.7,-57.0,3431.1203750000004,6.5,-530.0,212.0,15.5,871.0
2025-10-24,63.0,-428.4,-214.5,-4173.145022000001,6.5,488.4,-490.0,151.0,-738.0
2025-10-27,-188.0,-81.7,-26.5,-464.02315,13.0,414.2,398.0,-42.0,-1389.2
2025-10-28,82.0,739.9,-160.5,-2168.4481839999994,13.0,-17.3,-14.0,-13.0,-5.6
2025-10-29,-223.0,-37.3,-317.5,-1277.365268,13.0,571.2,362.0,100.0,-1563.8
2025-10-30,12.0,-496.3,-231.5,5309.44917,13.0,661.6,206.0,-26.5,1890.4
2025-10-31,-76.0,2010.9,-126.5,11152.778885,13.0,-839.6,176.0,86.5,1692.2
2025-11-03,-108.0,-534.0,165.0,6002.168932000002,13.0,966.7,-60.0,-152.5,2353.0
2025-11-04,-101.0,-1446.2,-36.5,10395.330355000004,13.0,289.3,-6.0,-143.0,1235.8
2025-11-05,16.0,-79.9,49.5,13265.118439,13.0,-559.5,10.0,232.0,1382.4
2025-11-06,21.0,-872.6,-4.5,-6002.673191,13.0,255.6,-460.0,-7.5,-533.6
2025-11-07,-73.0,-360.9,-135.0,3585.460995999996,19.5,197.2,42.0,-10.5,330.0
2025-11-10,-20.0,231.0,124.0,5173.905776000004,19.5,-1060.7,18.0,-35.5,-2004.6
2025-11-11,128.0,-171.9,-92.5,5262.961816999996,19.5,445.9,-54.0,-4.5,805.0
2025-11-12,133.0,-142.9,-1.5,6545.744422000005,19.5,197.0,-4.0,-29.0,1293.4
2025-11-13,-124.0,-378.6,-116.5,-3408.9918900000007,1.3,510.5,-148.0,8.0,-247.4
2025-11-14,33.0,284.7,-111.0,8398.886570999995,1.3,679.1,388.0,25.5,-7.8
2025-11-17,122.0,915.6,-75.5,9161.507619,1.3,-364.3,64.0,68.5,823.8
2025-11-18,22.0,383.4,-100.5,6644.441002000004,1.3,-190.1,-254.0,-16.0,-909.8
2025-11-19,82.0,-502.9,10.0,5739.927321,1.3,-56.1,202.0,-47.5,-619.0
2025-11-20,-23.0,145.8,-148.0,8401.649883,1.3,-162.9,146.0,-28.0,-600.8
2025-11-21,-26.0,2749.2,-21.5,24241.30313,1.3,-180.8,276.0,131.0,1453.8
2025-11-24,-150.0,1662.1,-227.0,3418.41181,1.3,300.2,-60.0,95.5,-259.6
2025-11-25,-73.0,-1714.0,-217.0,-6205.684576,1.3,170.3,-134.0,-15.5,129.6
2025-11-26,42.0,-1715.0,-3.0,-10528.55423,1.3,614.8,-386.0,130.5,291.8
2025-11-27,-21.0,-197.9,-58.0,-2436.3595020000007,0.0,248.7,-162.0,51.0,-85.0
2025-11-28,-21.0,139.5,-38.0,-3230.782221,1.3,283.9,-94.0,79.5,-640.6
2025-12-01,-112.0,-1072.3,65.5,-1743.072621,1.3,89.8,-184.0,-37.5,-689.4
2025-12-02,-131.0,-324.0,94.0,2393.622012,1.3,485.3,124.0,111.5,459.6
2025-12-03,125.0,-158.5,-29.5,4608.480117,1.3,-333.7,26.0,19.0,18.599999999996186
2025-12-04,-51.0,294.0,-103.0,2527.552133,1.3,-115.2,-76.0,13.0,-670.2
2025-12-05,-268.0,574.2,-91.5,31198.238134,1.3,13.2,176.0,47.5,-1729.8
2025-12-08,-336.0,-25.2,-46.0,594.015367,1.3,576.5,-322.0,25.0,-3789.8
2025-12-09,-123.0,-880.1,-149.5,-1263.001707,1.3,119.5,28.0,88.0,-101.4
2025-12-10,-47.0,-767.8,0.5,1912.498687000001,1.3,-103.5,-62.0,100.5,-404.2
2025-12-11,-156.0,-206.5,25.5,5398.499253,1.3,-146.0,-16.0,144.0,-298.2
2025-12-12,-300.0,1628.8,-28.5,7396.977350000004,1.3,-201.3,-204.0,144.0,-369.8
2025-12-15,-148.0,-221.4,-58.0,8502.875288,1.3,-775.2,72.0,57.0,-1129.8
2025-12-16,-186.0,-85.6,-241.0,14482.44721,1.3,185.0,138.0,153.5,308.2
2025-12-17,-7.0,591.9,-162.0,13189.886858,1.3,123.6,36.0,79.5,-897.4
2025-12-18,-255.0,764.0,-70.5,9095.767386,1.3,190.1,-100.0,-24.0,-20.6
2025-12-19,-158.0,492.6,-66.5,8782.268865,1.3,217.1,154.0,17.0,-16.6
2025-12-22,-128.0,-1034.5,-97.0,8037.044929,1.3,182.9,-318.0,-13.5,154.4
2025-12-23,-179.0,-1343.6,-60.0,9740.870263999997,1.3,293.3,-54.0,-44.0,-114.6
2025-12-24,-256.0,616.4,-39.5,9136.766942,1.3,21.9,-196.0,49.0,-701.4
2025-12-25,-417.0,85.7,-131.5,4506.033768,0.0,-642.4,80.0,3.0,-384.0
2025-12-26,-268.0,1069.4,78.0,1181.3358139999996,1.3,-231.3,-54.0,-72.5,-257.0
2025-12-29,-431.0,-1000.2,-157.0,-5952.261268000001,1.3,21.7,-516.0,-56.0,-251.2
2025-12-30,-197.0,6.5,29.0,4197.525269,1.3,271.6,-132.0,222.0,230.2
2025-12-31,-209.0,-808.4,-95.5,7710.361446999997,1.3,335.2,50.0,69.0,-276.4
2026-01-05,8.0,608.0,84.5,-7802.063508999996,1.3,-1399.6,-372.0,-162.5,-422.8
2026-01-06,-56.0,755.2,-9.5,3342.016822000001,1.3,453.3,-62.0,-97.5,-4040.0
2026-01-07,-127.0,-965.2,-111.5,-3213.835147,1.3,-73.3,-268.0,-78.5,668.6
2026-01-08,-186.0,263.2,-86.0,4256.732075000004,1.3,284.2,-172.0,-227.5,2466.8
2026-01-09,116.0,553.0,-241.5,9930.190184000003,1.3,267.5,0.0,-66.5,1050.6
2026-01-12,125.0,-945.5,-505.5,13321.383868999998,1.3,92.8,-44.0,-89.0,-1902.8
2026-01-13,-66.0,-1248.1,-292.0,12258.276558,1.3,983.0,-92.0,-33.0,-623.6
2026-01-14,-374.0,-1738.9,-389.5,960.080384000001,1.3,828.8,-184.0,145.0,96.2
2026-01-15,-40.0,-11388.5,-91.0,-6313.063257000001,1.3,306.5,-110.0,-67.5,563.4
2026-01-16,-128.0,-11824.4,-96.5,-5263.626934999992,1.3,564.6,206.0,130.5,1255.6
2026-01-19,-35.0,-6193.2,-77.0,2013.4089869999905,0.0,528.1,170.0,36.5,2.8
2026-01-20,-37.0,-7698.999999999998,-146.0,2164.047752,1.3,354.3,-12.0,-10.5,-408.0
2026-01-21,-34.0,-10427.5,-220.5,-12569.115615999995,1.3,1601.2,-420.0,201.0,79.6
2026-01-22,-31.0,-7301.500000000007,-70.0,-2590.353754,1.3,101.6,244.0,-18.5,-225.6
2026-01-23,-105.0,-8459.1,681.0,244.97161100000096,1.3,367.7,236.0,14.0,66.4
2026-01-26,63.0,-12484.7,-526.0,-3215.079969,1.3,677.2,-32.0,-172.5,-2048.4
2026-01-27,-53.0,-6314.3,-93.5,-1949.297727,1.3,870.3,-244.0,190.0,1650.6
2026-01-28,29.0,-16545.7,102.0,-4731.316239,1.3,52.2,186.0,-131.5,38.6
2026-01-29,-38.0,-6959.9,-21.5,8886.564675,1.3,-987.0,460.0,-333.5,286.0
2026-01-30,-50.0,-2526.9,-4.0,11232.190447,1.3,-297.2,-6.0,-2.5,1001.4
2026-02-02,-27.0,-3189.0,-215.5,19479.838007,1.3,454.5,452.0,302.5,1335.4
2026-02-03,-117.0,748.7,90.0,4362.455123,1.3,833.3,16.0,164.5,1877.6
2026-02-04,-59.0,-952.7,310.5,9008.919142,1.3,-398.1,186.0,-89.5,-1055.2
2026-02-05,19.0,-4.0,103.0,11335.796176,1.3,-250.6,20.0,29.5,207.8
2026-02-06,58.0,534.7,-242.0,9122.426294,1.3,-222.1,62.0,-9.5,345.4
2026-02-09,4.0,-254.7,136.0,-1954.380133,1.3,-213.9,-226.0,-8.5,-460.6
2026-02-10,114.0,-809.4,84.5,-4381.189265,1.3,513.1,-56.0,-35.0,-236.0
2026-02-11,45.0,115.9,56.0,-368.662538,1.3,-247.5,102.0,-173.0,-396.8
2026-02-12,-12.0,-214.4,-32.5,-2022.1231480000013,1.3,-242.5,-160.0,-52.0,328.4
2026-02-13,148.0,-2361.3,97.5,-1595.238892999996,1.3,-157.0,-166.0,82.5,353.8
2026-02-24,134.0,-522.0,-87.5,12720.150180000004,1.3,-419.6,68.0,-146.5,456.2
2026-02-25,78.0,-147.8,-56.5,889.056066,1.3,-695.2,-16.0,-256.0,-131.4
2026-02-26,-6.0,-1318.0000000000018,-36.5,-7005.355919,1.3,-335.6,-130.0,-94.5,1104.8
2026-02-27,23.0,-331.2,-50.0,763.325956,1.3,-100.0,128.0,-143.5,9.4
2026-03-02,565.0,-3031.9,-87.0,8431.977438,1.3,-61.1,-110.0,-241.0,447.2
2026-03-03,202.0,-794.2,99.0,19363.191054,1.3,193.9,462.0,-313.99999999999903,335.0
2026-03-04,12.0,1007.2,-173.5,8035.155109,1.3,-135.0,-252.0,166.5,871.8
2026-03-05,-67.0,-1901.2,-75.5,-11624.497974999998,1.3,-388.7,-240.0,51.5,-153.0
2026-03-06,-3.0,505.6,70.5,-835.322017000001,1.3,829.4,-14.0,-20.5,-566.8
2026-03-09,101.0,-277.2,479.5,10992.563632999996,1.3,-518.6,222.0,-106.0,254.6
2026-03-10,-98.0,-376.5,111.0,-11422.978181,1.3,-79.2,-264.0,109.5,57.2
2026-03-11,-41.0,-1291.6,247.5,-5199.100023,1.3,-21.0,220.0,41.0,-233.0
2026-03-12,-63.0,-554.8,282.0,116.50490099999976,1.3,124.2,202.0,-85.5,-346.6
2026-03-13,-46.0,200.7,9.5,5439.085975,1.3,107.8,-36.0,86.0,499.0
2026-03-16,-38.0,750.7,-28.0,-2684.957449,1.3,-218.8,-36.0,111.0,617.2
2026-03-17,23.0,388.4,-229.0,-2576.588931,1.3,-509.5,152.0,47.0,-906.4
2026-03-18,-119.0,356.9,-48.5,-9052.548815,1.3,-140.1,-244.0,108.5,725.6
2026-03-19,-28.0,491.8,-70.0,4410.639353,1.3,91.5,404.0,-34.0,837.0
2026-03-20,-4.0,357.7,-133.0,-2947.8267470000005,1.3,-266.1,120.0,-27.5,228.2
2026-03-23,15.0,1835.6,368.5,13627.295874,1.3,312.2,292.0,68.0,858.4
2026-03-24,-44.0,-238.5,78.5,-9175.855001,1.3,82.3,-58.0,93.0,-398.2
2026-03-25,-25.0,-1881.4,-97.0,-10457.425492,1.3,-105.8,-392.0,184.5,-779.8
2026-03-26,-3.0,-98.6,46.5,3618.468053,1.3,-452.7,96.0,37.5,166.8
2026-03-27,-16.0,64.7,88.5,8976.825752,1.3,-229.5,-74.0,119.0,-207.4
2026-03-30,-161.0,-584.2,17.0,-3815.6787479999994,1.3,-242.0,-72.0,-1.0,-307.0
2026-03-31,-87.0,10.1,-137.5,1754.7215829999989,1.3,-276.8,156.0,132.99999999999903,-119.8
2026-04-01,-18.0,-176.0,8.0,-11803.640505,1.3,43.1,-402.0,146.0,-385.4
2026-04-02,20.0,-614.3,-68.5,-1314.4020069999995,1.3,-364.9,270.0,50.5,336.8
2026-04-03,154.0,363.5,-193.5,-1484.660407,0.0,-11.5,-60.0,198.5,178.2
2026-04-07,26.0,344.8,-56.5,-638.541314,1.3,97.3,-200.0,87.0,-170.8
2026-04-08,-51.0,1235.100000000002,-48.0,-7820.661549,1.3,-338.5,-272.0,-47.5,-1539.2
2026-04-09,-3.0,-1325.400000000002,-106.0,-7062.669333,1.3,55.3,-98.0,22.0,-209.6
2026-04-10,4.0,-1115.4,-179.0,-11387.070116,1.3,-494.3,-160.0,-5.0,-3188.2
2026-04-13,-51.0,-792.1,-26.0,-8785.75829,1.3,263.3,-152.0,27.0,2.2
2026-04-14,53.0,-279.0,98.5,-6639.485492,1.3,-695.5,-268.0,74.0,101.0
2026-04-15,89.0,-38.7,-102.5,-3154.727393,1.3,-427.0,-158.0,119.0,94.2
2026-04-16,-29.0,-162.4,-122.5,-5152.780061000004,1.3,-105.0,-14.0,189.0,46.6
2026-04-17,-75.0,-1170.9,-92.5,-3541.7067309999993,1.3,514.6,-92.0,146.5,47.0
2026-04-20,-104.0,-1457.2,-9.0,-3503.745027,1.3,-81.6,-102.0,70.0,227.0
2026-04-21,-7.0,-1754.9,-101.0,-1842.230184,1.3,-533.4,-46.0,36.0,169.0
2026-04-22,37.0,-2176.599999999992,-50.0,-3893.934604,1.3,352.4,-374.0,67.0,-557.8
2026-04-23,-91.0,-2733.5,-62.0,-5432.820997,1.3,-1174.9,-44.0,17.5,-549.0
2026-04-24,-69.0,-674.1,-53.5,-3442.019744,1.3,-392.7,-340.0,186.0,172.2
2026-04-27,-13.0,-1564.2,-22.0,-7725.760178999999,1.3,200.7,-294.0,55.5,252.2
2026-04-28,-27.0,-2331.6,4.5,-3945.314549,1.3,-50.7,-124.0,-70.5,-859.6
2026-04-29,-16.0,-1211.6,-34.5,-1039.8235419999996,1.3,-868.8,116.0,-64.5,805.2
2026-04-30,-58.0,-3571.9,133.5,-10672.977626,1.3,-717.5,-550.0,19.0,243.2
2026-05-06,63.0,-1681.4,191.0,-7204.001967999999,1.3,629.6,-276.00000000000193,184.0,830.4
2026-05-07,-45.0,-3927.0,4.0,-9682.750949,1.3,-413.5,-74.0,367.5,1128.2
2026-05-08,37.0,-3347.8,-54.0,-4523.542553000001,1.3,-381.5,-32.0,212.0,460.4
2026-05-11,-7.0,-3780.8,-115.0,-14457.420426999997,1.3,-301.4,-378.0,182.0,312.8
2026-05-12,-190.0,-1898.4,-168.0,-888.8194440000002,1.3,899.8,-86.0,47.5,1706.8
2026-05-13,-193.0,-1303.9,77.0,-7932.221049000002,1.3,-129.8,-84.0,-211.0,1507.6
2026-05-14,-105.0,-1566.7,-308.5,-6911.014634,1.3,-454.9,-52.0,26.5,363.2
2026-05-15,-111.0,217.2,-506.0,-4736.965232999999,1.3,292.9,-428.0,161.0,376.8
2026-05-18,-66.0,37.3,-143.5,-6270.748591,1.3,-335.8,-258.0,137.5,-98.8
2026-05-19,-9.0,-2406.9,-46.0,-3966.710803,1.3,-284.9,-268.0,119.0,-152.0
2026-05-20,-47.0,-2405.4,-121.5,-5350.442154,1.3,-315.0,-128.0,101.0,-429.4
2026-05-21,-17.0,-1318.7,-110.0,-0.8298349999995231,1.3,-103.5,6.0,292.0,-1761.4
2026-05-22,-151.0,-1134.9,-102.5,-2994.295254000001,1.3,470.0,-132.0,217.0,1678.8
2026-05-25,-16.0,-4052.2999999999993,-94.5,-10059.406301,0.0,-722.2,-30.0,31.0,120.2
2026-05-26,-49.0,-1058.4,-87.5,-2285.358205999999,1.3,-41.5,376.0,41.5,-823.8
2026-05-27,-20.0,-1267.0,-154.0,-6774.740649000004,1.3,-652.4,116.0,215.5,747.2
2026-05-28,-162.0,-9.1,-88.0,-14852.657233,1.3,-580.5,-166.0,190.5,1181.0
2026-05-29,2.0,-218.7,-138.0,-6312.969122,1.3,-780.9,0.0,-3.5,-1278.6
2026-06-01,-59.0,1305.8,-219.0,148.0925440000005,1.3,77.0,-50.0,-122.0,509.8
2026-06-02,78.0,-82.7,-171.0,-9975.696401,1.3,707.6,-238.0,-54.5,665.2
2026-06-03,-246.0,-856.7,-57.0,-9654.779321,1.3,414.9,-112.0,148.5,781.0
2026-06-04,-35.0,-285.7,-585.0,-4086.893589,1.3,155.9,-98.0,124.5,1130.2
2026-06-05,-45.0,-37.1,-100.5,429.87765,1.3,-385.5,148.0,-191.5,282.8
2026-06-08,66.0,1561.3,8.0,10927.790892,1.3,47.0,-16.0,188.5,1202.0
2026-06-09,-68.0,-1368.4,-81.5,-11644.11544,1.3,-313.3,-98.0,76.5,416.2
2026-06-10,-76.0,176.4,-171.5,-5281.454222,1.3,-487.4,-84.0,-143.5,-616.2
2026-06-11,-12.0,589.8,-82.0,-1520.9777349999995,1.3,-28.2,-18.0,-375.5,1214.0
2026-06-12,6.0,340.9,119.5,-4487.905736,1.3,161.9,80.0,-99.0,-1704.6
2026-06-15,60.0,-343.5,-113.0,-2636.809834,1.3,277.3,-34.0,205.0,900.6
2026-06-16,-17.0,-1040.0,-175.5,-4140.637384,1.3,7.9,52.0,207.0,-1051.8
2026-06-17,-69.0,-1963.8,-18.5,-11712.766875,1.3,-200.8,-102.0,192.5,-849.0
2026-06-18,-75.0,-1054.8,-63.0,-10527.639461,1.3,-179.5,-2.0,360.0,-239.0
2026-06-22,-30.0,-512.1,-22.5,-5152.883693,1.3,192.8,140.0,272.5,-3020.2
2026-06-23,18.0,-2258.1,-18.0,-1081.326209,1.3,-12.2,-2.0,93.5,-3413.6
2026-06-24,-4.0,-3395.1,-0.5,-2314.643799,1.3,397.6,-2.0,262.5,1344.4
2026-06-25,-28.0,-3413.2,-108.0,2016.205414,1.3,-558.6,196.0,389.5,-322.8
2026-06-26,-22.0,-263.7,-195.5,5103.333014,1.3,-267.6,106.0,448.0,2220.6
2026-06-29,-46.0,-1691.5,-106.0,-8107.436666,1.3,71.8,-176.0,129.5,744.6
2026-06-30,-35.0,-1180.1,-108.5,-4247.961486000003,1.3,189.5,-6.0,161.0,597.4
2026-07-01,1.0,-1023.8,-25.5,3913.303627,1.3,-204.3,184.0,48.5,-1553.2
2026-07-02,43.0,1113.7,119.5,12237.123268,1.3,281.3,8677.0036,409.0,3872.6
2026-07-03,41.0,-2655.9,19.0,56520.445858,0.0,174.6,-240.0,528.0,294.8
2026-07-06,62.0,-373.1,-29.0,17102.504499,1.3,-76.7,-148.0,213.5,594.2
2026-07-07,56.0,920.8,8.5,8184.386378,1.3,524.3,60.0,302.5,922.0
2026-07-08,-4.0,538.2,8.5,20587.849172,1.3,96.1,-128.0,6.0,429.6
2026-07-09,-58.0,200.7,-76.5,31031.815688,1.3,51.5,-40.0,66.5,-251.2
2026-07-10,-151.0,-464.9,-64.5,9121.139386,1.3,-1047.0,972.0,27.5,1218.0
2026-07-13,188.0,3158.4,27.5,26723.484647,1.3,245.0,228.0,69.0,752.4
2026-07-14,92.0,754.1,12.5,9718.182105,1.3,-50.1,136.0,-59.0,471.4
2026-07-15,84.0,335.3,10.5,4310.840348,1.3,-75.2,288.0,8.5,-200.4
2026-07-16,104.0,3669.9,-17.0,11061.328946,1.3,-259.7,16.0,238.0,2203.8
2026-07-17,63.0,4566.3,-47.5,45851.523964,1.3,-542.1,380.0,-53.0,1110.2
2026-07-20,117.0,5748.8,-94.5,53460.973076,1.3,-123.6,284.0,-244.5,-462.4
2026-07-21,-43.0,-1716.9,-351.0,-7782.45065,1.3,488.2,-996.0,58.5,46.4
2026-07-22,-118.0,-1243.4,-209.0,-9970.130305,1.3,21.5,-16.0,-83.0,546.4
2026-07-23,1.0,314.3,33.5,11845.272789,1.3,44.3,624.0,-210.0,-1131.4
2026-07-24,43.0,10.0,-1.0,11640.560849,1.3,-489.6,-184.0,58.0,283.2
2026-07-27,-53.0,1397.0,-57.0,644.940007,1.3,46.4,96.0,-42.0,-109.4
2026-07-28,68.0,1984.4,-32.0,18237.163836,1.3,-463.4,360.0,-306.5,151.6
2026-07-29,21.0,2391.0,60.0,14375.404682,1.3,-218.8,292.0,-292.5,-1313.8
2026-07-30,77.0,2124.0,19.5,21324.156154,1.3,-452.3,680.0,-161.0,-297.0
2026-07-31,-46.0,-1283.0,-49.0,-13596.063033,1.3,506.5,-708.0,-100.5,-157.6
2026-08-03,57.0,1288.7,-32.5,20086.66731,1.3,10.0,976.0,20.0,21.0
2026-08-04,-45.0,-1673.2,93.0,-18689.130464,1.3,-333.0,-616.0,-301.5,-111.6
2026-08-05,-10.0,-1748.4,112.5,-20392.712177,1.3,422.7,-416.0,-217.5,-104.0
2026-08-06,-36.0,-950.3,-52.5,-9965.24989,1.3,659.2,-292.0,-756.0,597.2
2026-08-07,-23.0,-1536.6,-42.0,-17727.565116,1.3,177.8,-288.0,-49.0,222.8
2026-08-10,4.0,-507.0,-96.5,-6444.030768,1.3,-311.3,172.0,-239.5,-539.4
2026-08-11,0.0,-151.1,-43.0,-6462.349746,1.3,-82.7,20.0,114.5,-446.6
2026-08-12,40.0,-1089.8,4.5,-6258.255677,1.3,-137.5,-108.0,66.0,65.2
2026-08-13,-16.0,-1052.3,-54.5,-9858.83318,1.3,-296.5,152.0,131.5,-204.4
2026-08-14,21.0,-326.4,-79.5,2427.538034000001,1.3,-244.9,-44.0,19.5,1471.2
2026-08-17,-27.0,-973.5,4.5,-12195.612418,1.3,-432.8,-396.0,-37.5,-90.2
2026-08-18,-34.0,-784.9,38.5,-4841.405932,1.3,-161.3,132.0,-190.5,409.4
2026-08-19,113.0,3055.5,16.5,24422.886014,1.3,-133.4,608.0,-169.0,-71.2
2026-08-20,41.0,-123.7,-13.0,-7616.399300000001,1.3,-70.5,28.0,-49.5,161.2
2026-08-21,-51.0,-718.8,-27.0,-1402.5463540000019,1.3,60.8,-48.0,-11.5,-458.4
