date,source,market,code,name,shares,share_unit,close,industry,source_file
2026-08-21,akshare_fund_etf_scale_sse,SH,510010,治理ETF,130524400.0,份,,,akshare:20260821
2026-08-21,akshare_fund_etf_scale_sse,SH,510020,超大ETF,34848000.0,份,,,akshare:20260821
2026-08-21,akshare_fund_etf_scale_sse,SH,510030,价值ETF,149229800.0,份,,,akshare:20260821
2026-08-21,akshare_fund_etf_scale_sse,SH,510040,上证180E,28480000.0,份,,,akshare:20260821
2026-08-21,akshare_fund_etf_scale_sse,SH,510050,50ETF,7325766800.000001,份,,,akshare:20260821
2026-08-21,akshare_fund_etf_scale_sse,SH,510060,央企ETF,35959200.0,份,,,akshare:20260821
2026-08-21,akshare_fund_etf_scale_sse,SH,510090,ESG建信,24081100.0,份,,,akshare:20260821
2026-08-21,akshare_fund_etf_scale_sse,SH,510100,SZ50ETF,940106799.9999999,份,,,akshare:20260821
2026-08-21,akshare_fund_etf_scale_sse,SH,510130,中盘ETF,31485100.000000004,份,,,akshare:20260821
2026-08-21,akshare_fund_etf_scale_sse,SH,510140,上证指,80230500.0,份,,,akshare:20260821
2026-08-21,akshare_fund_etf_scale_sse,SH,510150,消费ETF,2811178600.0,份,,,akshare:20260821
2026-08-21,akshare_fund_etf_scale_sse,SH,510160,产业升级,192057400.00000003,份,,,akshare:20260821
2026-08-21,akshare_fund_etf_scale_sse,SH,510170,商品ETF,338914800.00000006,份,,,akshare:20260821
2026-08-21,akshare_fund_etf_scale_sse,SH,510180,180ETF,4418057700.0,份,,,akshare:20260821
2026-08-21,akshare_fund_etf_scale_sse,SH,510190,上证50基,23650800.0,份,,,akshare:20260821
2026-08-21,akshare_fund_etf_scale_sse,SH,510200,上证券商,155385500.0,份,,,akshare:20260821
2026-08-21,akshare_fund_etf_scale_sse,SH,510210,综指ETF,15617192600.0,份,,,akshare:20260821
2026-08-21,akshare_fund_etf_scale_sse,SH,510230,金融ETF,619808000.0,份,,,akshare:20260821
2026-08-21,akshare_fund_etf_scale_sse,SH,510270,国企ETF,15832100.0,份,,,akshare:20260821
2026-08-21,akshare_fund_etf_scale_sse,SH,510290,380ETF,56448900.0,份,,,akshare:20260821
2026-08-21,akshare_fund_etf_scale_sse,SH,510300,300ETF,23481487700.0,份,,,akshare:20260821
2026-08-21,akshare_fund_etf_scale_sse,SH,510310,HS300ETF,11458544000.0,份,,,akshare:20260821
2026-08-21,akshare_fund_etf_scale_sse,SH,510320,300中金,625068500.0,份,,,akshare:20260821
2026-08-21,akshare_fund_etf_scale_sse,SH,510330,华夏300,8378349800.0,份,,,akshare:20260821
2026-08-21,akshare_fund_etf_scale_sse,SH,510350,工银300,676014700.0,份,,,akshare:20260821
2026-08-21,akshare_fund_etf_scale_sse,SH,510360,广发300,1772381200.0,份,,,akshare:20260821
2026-08-21,akshare_fund_etf_scale_sse,SH,510370,兴业300,87258100.0,份,,,akshare:20260821
2026-08-21,akshare_fund_etf_scale_sse,SH,510380,国寿300,1467802400.0,份,,,akshare:20260821
2026-08-21,akshare_fund_etf_scale_sse,SH,510390,平安300,135650000.0,份,,,akshare:20260821
2026-08-21,akshare_fund_etf_scale_sse,SH,510410,资源ETF,435258399.99999994,份,,,akshare:20260821
2026-08-21,akshare_fund_etf_scale_sse,SH,510500,500ETF,5050968600.0,份,,,akshare:20260821
2026-08-21,akshare_fund_etf_scale_sse,SH,510510,广发500,829038300.0,份,,,akshare:20260821
2026-08-21,akshare_fund_etf_scale_sse,SH,510530,工银500,46979399.99999999,份,,,akshare:20260821
2026-08-21,akshare_fund_etf_scale_sse,SH,510550,方正500,23743300.0,份,,,akshare:20260821
2026-08-21,akshare_fund_etf_scale_sse,SH,510560,国寿500,52318700.0,份,,,akshare:20260821
2026-08-21,akshare_fund_etf_scale_sse,SH,510570,兴业500,33060600.0,份,,,akshare:20260821
2026-08-21,akshare_fund_etf_scale_sse,SH,510580,ZZ500ETF,1116568300.0,份,,,akshare:20260821
2026-08-21,akshare_fund_etf_scale_sse,SH,510590,平安500,122386100.0,份,,,akshare:20260821
2026-08-21,akshare_fund_etf_scale_sse,SH,510600,沪50ETF,13315100.0,份,,,akshare:20260821
2026-08-21,akshare_fund_etf_scale_sse,SH,510630,消费30,555361500.0,份,,,akshare:20260821
2026-08-21,akshare_fund_etf_scale_sse,SH,510650,金融行业,11952500.0,份,,,akshare:20260821
2026-08-21,akshare_fund_etf_scale_sse,SH,510660,医药行业,52379700.0,份,,,akshare:20260821
2026-08-21,akshare_fund_etf_scale_sse,SH,510670,180指,177993000.0,份,,,akshare:20260821
2026-08-21,akshare_fund_etf_scale_sse,SH,510680,万家50,19624700.0,份,,,akshare:20260821
2026-08-21,akshare_fund_etf_scale_sse,SH,510710,上50ETF,101618900.0,份,,,akshare:20260821
2026-08-21,akshare_fund_etf_scale_sse,SH,510720,红利国泰,1741766000.0,份,,,akshare:20260821
2026-08-21,akshare_fund_etf_scale_sse,SH,510760,上证ETF,3374503700.0,份,,,akshare:20260821
2026-08-21,akshare_fund_etf_scale_sse,SH,510770,G60创新,21610700.0,份,,,akshare:20260821
2026-08-21,akshare_fund_etf_scale_sse,SH,510800,上证50,174576000.0,份,,,akshare:20260821
2026-08-21,akshare_fund_etf_scale_sse,SH,510810,上海国企,5964093700.0,份,,,akshare:20260821
2026-08-21,akshare_fund_etf_scale_sse,SH,510850,工银上50,46098900.0,份,,,akshare:20260821
2026-08-21,akshare_fund_etf_scale_sse,SH,510880,红利ETF,5971675699.999999,份,,,akshare:20260821
2026-08-21,akshare_fund_etf_scale_sse,SH,510900,恒生中国,3238021900.0,份,,,akshare:20260821
2026-08-21,akshare_fund_etf_scale_sse,SH,510910,上证指CS,168796000.0,份,,,akshare:20260821
2026-08-21,akshare_fund_etf_scale_sse,SH,510950,上证广发,115420800.0,份,,,akshare:20260821
2026-08-21,akshare_fund_etf_scale_sse,SH,510980,上证综合,740798000.0,份,,,akshare:20260821
2026-08-21,akshare_fund_etf_scale_sse,SH,510990,ESG180,38948600.0,份,,,akshare:20260821
2026-08-21,akshare_fund_etf_scale_sse,SH,511010,国债ETF,44746300.0,份,,,akshare:20260821
2026-08-21,akshare_fund_etf_scale_sse,SH,511020,活跃国债,36957500.0,份,,,akshare:20260821
2026-08-21,akshare_fund_etf_scale_sse,SH,511030,公司债,402420700.0,份,,,akshare:20260821
2026-08-21,akshare_fund_etf_scale_sse,SH,511060,5年地债,21236300.0,份,,,akshare:20260821
2026-08-21,akshare_fund_etf_scale_sse,SH,511070,沪公司债,287341000.0,份,,,akshare:20260821
2026-08-21,akshare_fund_etf_scale_sse,SH,511090,30年国债,271168100.0,份,,,akshare:20260821
2026-08-21,akshare_fund_etf_scale_sse,SH,511100,基准国债,111150500.0,份,,,akshare:20260821
2026-08-21,akshare_fund_etf_scale_sse,SH,511110,公司债易,312199600.0,份,,,akshare:20260821
2026-08-21,akshare_fund_etf_scale_sse,SH,511120,科创债基,117410600.0,份,,,akshare:20260821
2026-08-21,akshare_fund_etf_scale_sse,SH,511130,国债30年,183879700.0,份,,,akshare:20260821
2026-08-21,akshare_fund_etf_scale_sse,SH,511150,科债永赢,114030900.0,份,,,akshare:20260821
2026-08-21,akshare_fund_etf_scale_sse,SH,511160,国债东财,22100900.0,份,,,akshare:20260821
2026-08-21,akshare_fund_etf_scale_sse,SH,511180,上证转债,999159700.0,份,,,akshare:20260821
2026-08-21,akshare_fund_etf_scale_sse,SH,511190,信用债,141844300.0,份,,,akshare:20260821
2026-08-21,akshare_fund_etf_scale_sse,SH,511200,信用债基,230487500.0,份,,,akshare:20260821
2026-08-21,akshare_fund_etf_scale_sse,SH,511220,城投ETF,5311881400.0,份,,,akshare:20260821
2026-08-21,akshare_fund_etf_scale_sse,SH,511260,十年国债,160316500.0,份,,,akshare:20260821
2026-08-21,akshare_fund_etf_scale_sse,SH,511270,10年地债,89537500.0,份,,,akshare:20260821
2026-08-21,akshare_fund_etf_scale_sse,SH,511360,短融ETF,739776600.0,份,,,akshare:20260821
2026-08-21,akshare_fund_etf_scale_sse,SH,511380,转债ETF,4545986700.0,份,,,akshare:20260821
2026-08-21,akshare_fund_etf_scale_sse,SH,511520,政金债,375086500.0,份,,,akshare:20260821
2026-08-21,akshare_fund_etf_scale_sse,SH,511580,国债政金,68924800.0,份,,,akshare:20260821
2026-08-21,akshare_fund_etf_scale_sse,SH,512000,券商ETF,75111035400.0,份,,,akshare:20260821
2026-08-21,akshare_fund_etf_scale_sse,SH,512010,医药ETF,40538694900.0,份,,,akshare:20260821
2026-08-21,akshare_fund_etf_scale_sse,SH,512020,A500,1142012700.0,份,,,akshare:20260821
2026-08-21,akshare_fund_etf_scale_sse,SH,512030,A50增,45240000.0,份,,,akshare:20260821
2026-08-21,akshare_fund_etf_scale_sse,SH,512040,国信价值,4379715900.0,份,,,akshare:20260821
2026-08-21,akshare_fund_etf_scale_sse,SH,512050,A500E,16375992200.0,份,,,akshare:20260821
2026-08-21,akshare_fund_etf_scale_sse,SH,512060,A100指基,10928000.0,份,,,akshare:20260821
2026-08-21,akshare_fund_etf_scale_sse,SH,512070,证券保险,17112479700.0,份,,,akshare:20260821
2026-08-21,akshare_fund_etf_scale_sse,SH,512080,A500中金,782186100.0,份,,,akshare:20260821
2026-08-21,akshare_fund_etf_scale_sse,SH,512090,MSCI易基,357592300.00000006,份,,,akshare:20260821
2026-08-21,akshare_fund_etf_scale_sse,SH,512100,1000ETF,6571217600.0,份,,,akshare:20260821
2026-08-21,akshare_fund_etf_scale_sse,SH,512120,医药50,773241900.0,份,,,akshare:20260821
2026-08-21,akshare_fund_etf_scale_sse,SH,512130,现金全指,13895000.0,份,,,akshare:20260821
2026-08-21,akshare_fund_etf_scale_sse,SH,512140,电力事业,145049000.0,份,,,akshare:20260821
2026-08-21,akshare_fund_etf_scale_sse,SH,512150,A50ETF,18073400.0,份,,,akshare:20260821
2026-08-21,akshare_fund_etf_scale_sse,SH,512160,MSCI基金,121777800.0,份,,,akshare:20260821
2026-08-21,akshare_fund_etf_scale_sse,SH,512170,医疗ETF,71252820500.0,份,,,akshare:20260821
2026-08-21,akshare_fund_etf_scale_sse,SH,512180,建信MSCI,48048000.0,份,,,akshare:20260821
2026-08-21,akshare_fund_etf_scale_sse,SH,512190,之江凤凰,198718400.0,份,,,akshare:20260821
2026-08-21,akshare_fund_etf_scale_sse,SH,512200,地产ETF,2834847900.0,份,,,akshare:20260821
2026-08-21,akshare_fund_etf_scale_sse,SH,512220,TMTETF,209967599.99999997,份,,,akshare:20260821
2026-08-21,akshare_fund_etf_scale_sse,SH,512240,A50龙头,21686000.0,份,,,akshare:20260821
2026-08-21,akshare_fund_etf_scale_sse,SH,512250,A50指数E,119600100.0,份,,,akshare:20260821
2026-08-21,akshare_fund_etf_scale_sse,SH,512260,500低波,19697700.0,份,,,akshare:20260821
2026-08-21,akshare_fund_etf_scale_sse,SH,512290,生物医药,3169820700.0,份,,,akshare:20260821
2026-08-21,akshare_fund_etf_scale_sse,SH,512330,信息ETF,356688000.0,份,,,akshare:20260821
2026-08-21,akshare_fund_etf_scale_sse,SH,512360,MSCI国际,27337700.0,份,,,akshare:20260821
2026-08-21,akshare_fund_etf_scale_sse,SH,512370,A500增指,302313000.0,份,,,akshare:20260821
2026-08-21,akshare_fund_etf_scale_sse,SH,512380,MSCI中国,75805600.0,份,,,akshare:20260821
2026-08-21,akshare_fund_etf_scale_sse,SH,512390,MSCI低波,15682000.0,份,,,akshare:20260821
2026-08-21,akshare_fund_etf_scale_sse,SH,512400,有色ETF,13282039000.0,份,,,akshare:20260821
2026-08-21,akshare_fund_etf_scale_sse,SH,512410,银行广发,57871700.0,份,,,akshare:20260821
2026-08-21,akshare_fund_etf_scale_sse,SH,512420,机械华安,78238900.0,份,,,akshare:20260821
2026-08-21,akshare_fund_etf_scale_sse,SH,512430,家电家居,28720000.0,份,,,akshare:20260821
2026-08-21,akshare_fund_etf_scale_sse,SH,512450,广发养殖,109867000.0,份,,,akshare:20260821
2026-08-21,akshare_fund_etf_scale_sse,SH,512460,电池主题,289823000.0,份,,,akshare:20260821
2026-08-21,akshare_fund_etf_scale_sse,SH,512480,半导体,19202007200.0,份,,,akshare:20260821
2026-08-21,akshare_fund_etf_scale_sse,SH,512500,中证500,1823208800.0,份,,,akshare:20260821
2026-08-21,akshare_fund_etf_scale_sse,SH,512510,ETF500,433429800.00000006,份,,,akshare:20260821
2026-08-21,akshare_fund_etf_scale_sse,SH,512520,MSCIETF,45056400.0,份,,,akshare:20260821
2026-08-21,akshare_fund_etf_scale_sse,SH,512530,300红利,97502000.0,份,,,akshare:20260821
2026-08-21,akshare_fund_etf_scale_sse,SH,512550,A50基金,109906000.0,份,,,akshare:20260821
2026-08-21,akshare_fund_etf_scale_sse,SH,512560,中证军工,965127000.0,份,,,akshare:20260821
2026-08-21,akshare_fund_etf_scale_sse,SH,512570,中证证券,4199806100.0,份,,,akshare:20260821
2026-08-21,akshare_fund_etf_scale_sse,SH,512580,环保ETF,565471700.0,份,,,akshare:20260821
2026-08-21,akshare_fund_etf_scale_sse,SH,512600,必选消费,1720756099.9999998,份,,,akshare:20260821
2026-08-21,akshare_fund_etf_scale_sse,SH,512620,农业TH,1429666000.0,份,,,akshare:20260821
2026-08-21,akshare_fund_etf_scale_sse,SH,512630,卫星基金,1736426000.0,份,,,akshare:20260821
2026-08-21,akshare_fund_etf_scale_sse,SH,512640,金融地产,20240900.0,份,,,akshare:20260821
2026-08-21,akshare_fund_etf_scale_sse,SH,512650,长三角,32941600.0,份,,,akshare:20260821
2026-08-21,akshare_fund_etf_scale_sse,SH,512660,军工ETF,5892080000.0,份,,,akshare:20260821
2026-08-21,akshare_fund_etf_scale_sse,SH,512670,国防ETF,2194652600.0,份,,,akshare:20260821
2026-08-21,akshare_fund_etf_scale_sse,SH,512680,军工基金,3096130100.0,份,,,akshare:20260821
2026-08-21,akshare_fund_etf_scale_sse,SH,512690,酒ETF,32307550200.0,份,,,akshare:20260821
2026-08-21,akshare_fund_etf_scale_sse,SH,512700,银行基金,670581000.0,份,,,akshare:20260821
2026-08-21,akshare_fund_etf_scale_sse,SH,512710,军工龙头,11711658400.0,份,,,akshare:20260821
2026-08-21,akshare_fund_etf_scale_sse,SH,512720,计算机,365453399.99999994,份,,,akshare:20260821
2026-08-21,akshare_fund_etf_scale_sse,SH,512730,银行FUND,54583900.0,份,,,akshare:20260821
2026-08-21,akshare_fund_etf_scale_sse,SH,512750,基本面50,46554900.0,份,,,akshare:20260821
2026-08-21,akshare_fund_etf_scale_sse,SH,512760,芯片ETF,9533445500.0,份,,,akshare:20260821
2026-08-21,akshare_fund_etf_scale_sse,SH,512770,战略新兴,98267800.0,份,,,akshare:20260821
2026-08-21,akshare_fund_etf_scale_sse,SH,512800,银行ETF,12583479900.0,份,,,akshare:20260821
2026-08-21,akshare_fund_etf_scale_sse,SH,512810,国防军工,1005583500.0,份,,,akshare:20260821
2026-08-21,akshare_fund_etf_scale_sse,SH,512820,银行股基,416201900.0,份,,,akshare:20260821
2026-08-21,akshare_fund_etf_scale_sse,SH,512870,杭州湾区,22410600.0,份,,,akshare:20260821
2026-08-21,akshare_fund_etf_scale_sse,SH,512880,证券ETF,58913291500.0,份,,,akshare:20260821
2026-08-21,akshare_fund_etf_scale_sse,SH,512890,红利低波,28066110800.0,份,,,akshare:20260821
2026-08-21,akshare_fund_etf_scale_sse,SH,512900,证券基金,7500406000.0,份,,,akshare:20260821
2026-08-21,akshare_fund_etf_scale_sse,SH,512910,100ETF,131128799.99999999,份,,,akshare:20260821
2026-08-21,akshare_fund_etf_scale_sse,SH,512930,AIETF,4896521300.0,份,,,akshare:20260821
2026-08-21,akshare_fund_etf_scale_sse,SH,512940,有色矿业,2161705000.0,份,,,akshare:20260821
2026-08-21,akshare_fund_etf_scale_sse,SH,512950,央企改革,4042551000.0,份,,,akshare:20260821
2026-08-21,akshare_fund_etf_scale_sse,SH,512960,央调ETF,3856657300.0,份,,,akshare:20260821
2026-08-21,akshare_fund_etf_scale_sse,SH,512970,湾区ETF,5987600.0,份,,,akshare:20260821
2026-08-21,akshare_fund_etf_scale_sse,SH,512980,传媒ETF,4796924400.0,份,,,akshare:20260821
2026-08-21,akshare_fund_etf_scale_sse,SH,512990,MSCIA股,99015400.00000001,份,,,akshare:20260821
2026-08-21,akshare_fund_etf_scale_sse,SH,513000,225ETF,999411400.0,份,,,akshare:20260821
2026-08-21,akshare_fund_etf_scale_sse,SH,513010,港股科技,44430307000.0,份,,,akshare:20260821
2026-08-21,akshare_fund_etf_scale_sse,SH,513020,科技HK,2304145400.0,份,,,akshare:20260821
2026-08-21,akshare_fund_etf_scale_sse,SH,513030,德国ETF,1010779000.0,份,,,akshare:20260821
2026-08-21,akshare_fund_etf_scale_sse,SH,513040,HK互联网,6764341300.0,份,,,akshare:20260821
2026-08-21,akshare_fund_etf_scale_sse,SH,513050,中概互联,33817432700.0,份,,,akshare:20260821
2026-08-21,akshare_fund_etf_scale_sse,SH,513060,恒生医疗,8717893300.0,份,,,akshare:20260821
2026-08-21,akshare_fund_etf_scale_sse,SH,513070,HK消费50,1336760799.9999998,份,,,akshare:20260821
2026-08-21,akshare_fund_etf_scale_sse,SH,513080,法国ETF,653916000.0,份,,,akshare:20260821
2026-08-21,akshare_fund_etf_scale_sse,SH,513090,香港证券,10220488000.0,份,,,akshare:20260821
2026-08-21,akshare_fund_etf_scale_sse,SH,513100,纳指ETF,9465110600.0,份,,,akshare:20260821
2026-08-21,akshare_fund_etf_scale_sse,SH,513110,纳指100,2195435000.0,份,,,akshare:20260821
2026-08-21,akshare_fund_etf_scale_sse,SH,513120,HK创新药,19602635400.0,份,,,akshare:20260821
2026-08-21,akshare_fund_etf_scale_sse,SH,513130,恒生科技,56046347000.0,份,,,akshare:20260821
2026-08-21,akshare_fund_etf_scale_sse,SH,513140,港股金融,78868000.0,份,,,akshare:20260821
2026-08-21,akshare_fund_etf_scale_sse,SH,513150,港科技50,100559800.0,份,,,akshare:20260821
2026-08-21,akshare_fund_etf_scale_sse,SH,513160,科技30,3194189300.0,份,,,akshare:20260821
2026-08-21,akshare_fund_etf_scale_sse,SH,513170,恒生央企,196573000.0,份,,,akshare:20260821
2026-08-21,akshare_fund_etf_scale_sse,SH,513180,恒指科技,69552759500.0,份,,,akshare:20260821
2026-08-21,akshare_fund_etf_scale_sse,SH,513190,H股金融,996936000.0,份,,,akshare:20260821
2026-08-21,akshare_fund_etf_scale_sse,SH,513200,港股医药,895282100.0000001,份,,,akshare:20260821
2026-08-21,akshare_fund_etf_scale_sse,SH,513210,恒生E,43942000.0,份,,,akshare:20260821
2026-08-21,akshare_fund_etf_scale_sse,SH,513220,互联网30,519109400.0,份,,,akshare:20260821
2026-08-21,akshare_fund_etf_scale_sse,SH,513230,H股消费,328422699.99999994,份,,,akshare:20260821
2026-08-21,akshare_fund_etf_scale_sse,SH,513240,港信息,109496000.0,份,,,akshare:20260821
2026-08-21,akshare_fund_etf_scale_sse,SH,513260,恒科技,4718243000.0,份,,,akshare:20260821
2026-08-21,akshare_fund_etf_scale_sse,SH,513280,恒生生物,373114500.0,份,,,akshare:20260821
2026-08-21,akshare_fund_etf_scale_sse,SH,513290,纳指生物,1031072100.0000001,份,,,akshare:20260821
2026-08-21,akshare_fund_etf_scale_sse,SH,513300,纳斯达克,5310671000.0,份,,,akshare:20260821
2026-08-21,akshare_fund_etf_scale_sse,SH,513310,中韩芯片,2406427000.0,份,,,akshare:20260821
2026-08-21,akshare_fund_etf_scale_sse,SH,513320,HK新经济,91010600.0,份,,,akshare:20260821
2026-08-21,akshare_fund_etf_scale_sse,SH,513330,恒生互联,68731480000.0,份,,,akshare:20260821
2026-08-21,akshare_fund_etf_scale_sse,SH,513350,油气ETF,837746000.0,份,,,akshare:20260821
2026-08-21,akshare_fund_etf_scale_sse,SH,513360,教育ETF,623713900.0,份,,,akshare:20260821
2026-08-21,akshare_fund_etf_scale_sse,SH,513380,科技恒生,17893784900.0,份,,,akshare:20260821
2026-08-21,akshare_fund_etf_scale_sse,SH,513390,纳指基金,2138379100.0,份,,,akshare:20260821
2026-08-21,akshare_fund_etf_scale_sse,SH,513400,道琼斯,2652062000.0,份,,,akshare:20260821
2026-08-21,akshare_fund_etf_scale_sse,SH,513500,标普500,10207638600.0,份,,,akshare:20260821
2026-08-21,akshare_fund_etf_scale_sse,SH,513520,日经ETF,1073887200.0,份,,,akshare:20260821
2026-08-21,akshare_fund_etf_scale_sse,SH,513530,港股红利,2825938700.0,份,,,akshare:20260821
2026-08-21,akshare_fund_etf_scale_sse,SH,513550,港股通50,1686992000.0,份,,,akshare:20260821
2026-08-21,akshare_fund_etf_scale_sse,SH,513560,香港科技,531386000.0,份,,,akshare:20260821
2026-08-21,akshare_fund_etf_scale_sse,SH,513580,HS科技,6064118000.0,份,,,akshare:20260821
2026-08-21,akshare_fund_etf_scale_sse,SH,513590,香港消费,139518900.0,份,,,akshare:20260821
2026-08-21,akshare_fund_etf_scale_sse,SH,513600,恒指ETF,609829500.0,份,,,akshare:20260821
2026-08-21,akshare_fund_etf_scale_sse,SH,513620,港医疗指,59216000.0,份,,,akshare:20260821
2026-08-21,akshare_fund_etf_scale_sse,SH,513630,XD香港红,7442359000.0,份,,,akshare:20260821
2026-08-21,akshare_fund_etf_scale_sse,SH,513650,标普ETF,4351734000.0,份,,,akshare:20260821
2026-08-21,akshare_fund_etf_scale_sse,SH,513660,恒生通,1814000200.0,份,,,akshare:20260821
2026-08-21,akshare_fund_etf_scale_sse,SH,513690,恒生股息,3148479900.0,份,,,akshare:20260821
2026-08-21,akshare_fund_etf_scale_sse,SH,513700,香港医药,798846000.0,份,,,akshare:20260821
2026-08-21,akshare_fund_etf_scale_sse,SH,513720,香港互联,250859000.0,份,,,akshare:20260821
2026-08-21,akshare_fund_etf_scale_sse,SH,513730,东南亚,802355000.0,份,,,akshare:20260821
2026-08-21,akshare_fund_etf_scale_sse,SH,513750,港股非银,8143838000.0,份,,,akshare:20260821
2026-08-21,akshare_fund_etf_scale_sse,SH,513770,港股互联,14760137900.0,份,,,akshare:20260821
2026-08-21,akshare_fund_etf_scale_sse,SH,513780,港股新药,1809157000.0,份,,,akshare:20260821
2026-08-21,akshare_fund_etf_scale_sse,SH,513800,东证ETF,1037444400.0,份,,,akshare:20260821
2026-08-21,akshare_fund_etf_scale_sse,SH,513810,港股国企,41992000.0,份,,,akshare:20260821
2026-08-21,akshare_fund_etf_scale_sse,SH,513820,港股分红,1706169000.0,份,,,akshare:20260821
2026-08-21,akshare_fund_etf_scale_sse,SH,513830,红利港股,55311000.0,份,,,akshare:20260821
2026-08-21,akshare_fund_etf_scale_sse,SH,513850,美国50,1237892600.0,份,,,akshare:20260821
2026-08-21,akshare_fund_etf_scale_sse,SH,513860,HKC科技,2954470600.0,份,,,akshare:20260821
2026-08-21,akshare_fund_etf_scale_sse,SH,513870,纳指指数,1370671000.0,份,,,akshare:20260821
2026-08-21,akshare_fund_etf_scale_sse,SH,513880,日经225,1306970000.0,份,,,akshare:20260821
2026-08-21,akshare_fund_etf_scale_sse,SH,513890,HK科技,898128000.0,份,,,akshare:20260821
2026-08-21,akshare_fund_etf_scale_sse,SH,513900,港股100,92978000.0,份,,,akshare:20260821
2026-08-21,akshare_fund_etf_scale_sse,SH,513910,红利央企,1988276000.0,份,,,akshare:20260821
2026-08-21,akshare_fund_etf_scale_sse,SH,513920,央企40,2586231000.0,份,,,akshare:20260821
2026-08-21,akshare_fund_etf_scale_sse,SH,513930,香港生科,96908000.0,份,,,akshare:20260821
2026-08-21,akshare_fund_etf_scale_sse,SH,513950,恒生红利,2492619000.0,份,,,akshare:20260821
2026-08-21,akshare_fund_etf_scale_sse,SH,513970,恒生消费,1450041000.0,份,,,akshare:20260821
2026-08-21,akshare_fund_etf_scale_sse,SH,513980,科技港股,16899204000.0,份,,,akshare:20260821
2026-08-21,akshare_fund_etf_scale_sse,SH,513990,港股通综,44000000.0,份,,,akshare:20260821
2026-08-21,akshare_fund_etf_scale_sse,SH,515000,科技ETF,3130579300.0,份,,,akshare:20260821
2026-08-21,akshare_fund_etf_scale_sse,SH,515010,华夏证券,2060771600.0,份,,,akshare:20260821
2026-08-21,akshare_fund_etf_scale_sse,SH,515020,银行指数,407845300.0,份,,,akshare:20260821
2026-08-21,akshare_fund_etf_scale_sse,SH,515030,新汽车,1514384000.0,份,,,akshare:20260821
2026-08-21,akshare_fund_etf_scale_sse,SH,515040,工业金属,58319600.0,份,,,akshare:20260821
2026-08-21,akshare_fund_etf_scale_sse,SH,515050,5GETF,17283205400.0,份,,,akshare:20260821
2026-08-21,akshare_fund_etf_scale_sse,SH,515060,华夏地产,946478100.0,份,,,akshare:20260821
2026-08-21,akshare_fund_etf_scale_sse,SH,515070,AI智能,7486940400.0,份,,,akshare:20260821
2026-08-21,akshare_fund_etf_scale_sse,SH,515080,中证红利,7216148900.0,份,,,akshare:20260821
2026-08-21,akshare_fund_etf_scale_sse,SH,515090,可持续,10801700.0,份,,,akshare:20260821
2026-08-21,akshare_fund_etf_scale_sse,SH,515100,红利100,3682691500.0,份,,,akshare:20260821
2026-08-21,akshare_fund_etf_scale_sse,SH,515110,国企方达,216295000.0,份,,,akshare:20260821
2026-08-21,akshare_fund_etf_scale_sse,SH,515120,创新药,17181993600.0,份,,,akshare:20260821
2026-08-21,akshare_fund_etf_scale_sse,SH,515130,HS300E,94463200.0,份,,,akshare:20260821
2026-08-21,akshare_fund_etf_scale_sse,SH,515150,国企富国,398703200.0,份,,,akshare:20260821
2026-08-21,akshare_fund_etf_scale_sse,SH,515160,MSCI招商,243955099.99999997,份,,,akshare:20260821
2026-08-21,akshare_fund_etf_scale_sse,SH,515170,食品饮料,8605757900.0,份,,,akshare:20260821
2026-08-21,akshare_fund_etf_scale_sse,SH,515180,100红利,12748637000.0,份,,,akshare:20260821
2026-08-21,akshare_fund_etf_scale_sse,SH,515190,BOCI500,293466100.0,份,,,akshare:20260821
2026-08-21,akshare_fund_etf_scale_sse,SH,515200,创新100,38943200.0,份,,,akshare:20260821
2026-08-21,akshare_fund_etf_scale_sse,SH,515210,钢铁ETF,928226100.0,份,,,akshare:20260821
2026-08-21,akshare_fund_etf_scale_sse,SH,515220,煤炭ETF,11036676900.0,份,,,akshare:20260821
2026-08-21,akshare_fund_etf_scale_sse,SH,515230,软件ETF,7934690900.0,份,,,akshare:20260821
2026-08-21,akshare_fund_etf_scale_sse,SH,515250,智能汽车,340944500.0,份,,,akshare:20260821
2026-08-21,akshare_fund_etf_scale_sse,SH,515260,电子ETF,902568400.0,份,,,akshare:20260821
2026-08-21,akshare_fund_etf_scale_sse,SH,515290,银行,2667472900.0,份,,,akshare:20260821
2026-08-21,akshare_fund_etf_scale_sse,SH,515300,红利300,3400175200.0,份,,,akshare:20260821
2026-08-21,akshare_fund_etf_scale_sse,SH,515310,添富300,328611200.0,份,,,akshare:20260821
2026-08-21,akshare_fund_etf_scale_sse,SH,515320,电子50,91309000.0,份,,,akshare:20260821
2026-08-21,akshare_fund_etf_scale_sse,SH,515330,天弘300,6164709500.0,份,,,akshare:20260821
2026-08-21,akshare_fund_etf_scale_sse,SH,515350,民生300,11699200.0,份,,,akshare:20260821
2026-08-21,akshare_fund_etf_scale_sse,SH,515360,方正300,37779300.0,份,,,akshare:20260821
2026-08-21,akshare_fund_etf_scale_sse,SH,515370,中证光伏,959713000.0,份,,,akshare:20260821
2026-08-21,akshare_fund_etf_scale_sse,SH,515380,泰康300,663399800.0,份,,,akshare:20260821
2026-08-21,akshare_fund_etf_scale_sse,SH,515390,HS300,1790683000.0,份,,,akshare:20260821
2026-08-21,akshare_fund_etf_scale_sse,SH,515400,大数据,1625631400.0000002,份,,,akshare:20260821
2026-08-21,akshare_fund_etf_scale_sse,SH,515450,红利50,14165835000.0,份,,,akshare:20260821
2026-08-21,akshare_fund_etf_scale_sse,SH,515460,质量红利,279091000.0,份,,,akshare:20260821
2026-08-21,akshare_fund_etf_scale_sse,SH,515480,红利一百,25340700.0,份,,,akshare:20260821
2026-08-21,akshare_fund_etf_scale_sse,SH,515530,泰康500,12242700.0,份,,,akshare:20260821
2026-08-21,akshare_fund_etf_scale_sse,SH,515550,国联500,20345700.0,份,,,akshare:20260821
2026-08-21,akshare_fund_etf_scale_sse,SH,515560,证券E,197883300.00000003,份,,,akshare:20260821
2026-08-21,akshare_fund_etf_scale_sse,SH,515580,中证科技,304031400.0,份,,,akshare:20260821
2026-08-21,akshare_fund_etf_scale_sse,SH,515590,500ETFEW,36113700.0,份,,,akshare:20260821
2026-08-21,akshare_fund_etf_scale_sse,SH,515600,央企创新,1037797400.0,份,,,akshare:20260821
2026-08-21,akshare_fund_etf_scale_sse,SH,515630,保险证券,962717700.0,份,,,akshare:20260821
2026-08-21,akshare_fund_etf_scale_sse,SH,515640,家电指数,17050000.0,份,,,akshare:20260821
2026-08-21,akshare_fund_etf_scale_sse,SH,515650,消费50,3045184000.0,份,,,akshare:20260821
2026-08-21,akshare_fund_etf_scale_sse,SH,515660,沪深300E,432694200.0,份,,,akshare:20260821
2026-08-21,akshare_fund_etf_scale_sse,SH,515680,创新央企,1099264700.0,份,,,akshare:20260821
2026-08-21,akshare_fund_etf_scale_sse,SH,515700,新能车,683510200.0,份,,,akshare:20260821
2026-08-21,akshare_fund_etf_scale_sse,SH,515710,食品ETF,2321599800.0,份,,,akshare:20260821
2026-08-21,akshare_fund_etf_scale_sse,SH,515720,金科富国,451611000.0,份,,,akshare:20260821
2026-08-21,akshare_fund_etf_scale_sse,SH,515730,家居家电,36892000.0,份,,,akshare:20260821
2026-08-21,akshare_fund_etf_scale_sse,SH,515750,科技50,264140500.0,份,,,akshare:20260821
2026-08-21,akshare_fund_etf_scale_sse,SH,515760,浙江国资,95388100.0,份,,,akshare:20260821
2026-08-21,akshare_fund_etf_scale_sse,SH,515770,MSCIAETF,39727300.0,份,,,akshare:20260821
2026-08-21,akshare_fund_etf_scale_sse,SH,515790,光伏ETF,6037494000.0,份,,,akshare:20260821
2026-08-21,akshare_fund_etf_scale_sse,SH,515800,800ETF,4033937199.9999995,份,,,akshare:20260821
2026-08-21,akshare_fund_etf_scale_sse,SH,515810,ZZ800ETF,269908800.0,份,,,akshare:20260821
2026-08-21,akshare_fund_etf_scale_sse,SH,515840,食品南方,38426400.0,份,,,akshare:20260821
2026-08-21,akshare_fund_etf_scale_sse,SH,515850,证券龙头,483291000.0,份,,,akshare:20260821
2026-08-21,akshare_fund_etf_scale_sse,SH,515860,科技100,101878900.0,份,,,akshare:20260821
2026-08-21,akshare_fund_etf_scale_sse,SH,515880,通信ETF,62173774000.0,份,,,akshare:20260821
2026-08-21,akshare_fund_etf_scale_sse,SH,515890,红利博时,348443900.0,份,,,akshare:20260821
2026-08-21,akshare_fund_etf_scale_sse,SH,515900,央创ETF,2236846500.0,份,,,akshare:20260821
2026-08-21,akshare_fund_etf_scale_sse,SH,515910,质量ETF,227507000.0,份,,,akshare:20260821
2026-08-21,akshare_fund_etf_scale_sse,SH,515920,智能消费,64405700.0,份,,,akshare:20260821
2026-08-21,akshare_fund_etf_scale_sse,SH,515950,医药龙头,530200600.0,份,,,akshare:20260821
2026-08-21,akshare_fund_etf_scale_sse,SH,515960,医药100,239991900.0,份,,,akshare:20260821
2026-08-21,akshare_fund_etf_scale_sse,SH,515970,华夏机械,712088000.0,份,,,akshare:20260821
2026-08-21,akshare_fund_etf_scale_sse,SH,515980,人工智能,6161129000.0,份,,,akshare:20260821
2026-08-21,akshare_fund_etf_scale_sse,SH,515990,添富国企,52350200.00000001,份,,,akshare:20260821
2026-08-21,akshare_fund_etf_scale_sse,SH,516000,数据ETF,444855000.0,份,,,akshare:20260821
2026-08-21,akshare_fund_etf_scale_sse,SH,516010,游戏ETF,2418693000.0,份,,,akshare:20260821
2026-08-21,akshare_fund_etf_scale_sse,SH,516020,化工ETF,3452326200.0,份,,,akshare:20260821
2026-08-21,akshare_fund_etf_scale_sse,SH,516050,科技龙头,161228000.0,份,,,akshare:20260821
2026-08-21,akshare_fund_etf_scale_sse,SH,516060,新药ETF,287237400.0,份,,,akshare:20260821
2026-08-21,akshare_fund_etf_scale_sse,SH,516070,碳中和50,291646000.0,份,,,akshare:20260821
2026-08-21,akshare_fund_etf_scale_sse,SH,516080,创新医药,5180554800.0,份,,,akshare:20260821
2026-08-21,akshare_fund_etf_scale_sse,SH,516090,新能源E,1678844800.0,份,,,akshare:20260821
2026-08-21,akshare_fund_etf_scale_sse,SH,516100,科技金融,1120759700.0,份,,,akshare:20260821
2026-08-21,akshare_fund_etf_scale_sse,SH,516110,汽车ETF,214623100.0,份,,,akshare:20260821
2026-08-21,akshare_fund_etf_scale_sse,SH,516120,化工50,5117082000.0,份,,,akshare:20260821
2026-08-21,akshare_fund_etf_scale_sse,SH,516130,消费龙头,1568890000.0,份,,,akshare:20260821
2026-08-21,akshare_fund_etf_scale_sse,SH,516150,稀土基金,3831077000.0,份,,,akshare:20260821
2026-08-21,akshare_fund_etf_scale_sse,SH,516160,新能源,1542142000.0,份,,,akshare:20260821
2026-08-21,akshare_fund_etf_scale_sse,SH,516180,光伏产业,149987000.0,份,,,akshare:20260821
2026-08-21,akshare_fund_etf_scale_sse,SH,516190,文娱ETF,102818500.0,份,,,akshare:20260821
2026-08-21,akshare_fund_etf_scale_sse,SH,516200,证券行业,452604000.0,份,,,akshare:20260821
2026-08-21,akshare_fund_etf_scale_sse,SH,516210,银行股,81431000.0,份,,,akshare:20260821
2026-08-21,akshare_fund_etf_scale_sse,SH,516220,化工龙头,265170000.0,份,,,akshare:20260821
2026-08-21,akshare_fund_etf_scale_sse,SH,516230,光伏招商,742921000.0,份,,,akshare:20260821
2026-08-21,akshare_fund_etf_scale_sse,SH,516250,富国机械,78878000.0,份,,,akshare:20260821
2026-08-21,akshare_fund_etf_scale_sse,SH,516260,物联网50,43882600.0,份,,,akshare:20260821
2026-08-21,akshare_fund_etf_scale_sse,SH,516270,新能源50,278909000.0,份,,,akshare:20260821
2026-08-21,akshare_fund_etf_scale_sse,SH,516290,光伏基金,735196900.0,份,,,akshare:20260821
2026-08-21,akshare_fund_etf_scale_sse,SH,516300,中证1000,43012600.0,份,,,akshare:20260821
2026-08-21,akshare_fund_etf_scale_sse,SH,516310,银行指基,1684458500.0,份,,,akshare:20260821
2026-08-21,akshare_fund_etf_scale_sse,SH,516320,装备ETF,89589300.0,份,,,akshare:20260821
2026-08-21,akshare_fund_etf_scale_sse,SH,516330,物联网,8471300.0,份,,,akshare:20260821
2026-08-21,akshare_fund_etf_scale_sse,SH,516350,芯片50,1496415300.0,份,,,akshare:20260821
2026-08-21,akshare_fund_etf_scale_sse,SH,516360,新材料,57551800.0,份,,,akshare:20260821
2026-08-21,akshare_fund_etf_scale_sse,SH,516370,全指电力,308408000.0,份,,,akshare:20260821
2026-08-21,akshare_fund_etf_scale_sse,SH,516380,智能电车,83449300.0,份,,,akshare:20260821
2026-08-21,akshare_fund_etf_scale_sse,SH,516390,电动车,182761000.0,份,,,akshare:20260821
2026-08-21,akshare_fund_etf_scale_sse,SH,516440,南方机械,142626600.0,份,,,akshare:20260821
2026-08-21,akshare_fund_etf_scale_sse,SH,516460,现金流E,423693000.0,份,,,akshare:20260821
2026-08-21,akshare_fund_etf_scale_sse,SH,516500,生物ETF,205937200.0,份,,,akshare:20260821
2026-08-21,akshare_fund_etf_scale_sse,SH,516510,云计算,1532890000.0,份,,,akshare:20260821
2026-08-21,akshare_fund_etf_scale_sse,SH,516520,智能驾驶,805765500.0,份,,,akshare:20260821
2026-08-21,akshare_fund_etf_scale_sse,SH,516530,物流快递,17802300.0,份,,,akshare:20260821
2026-08-21,akshare_fund_etf_scale_sse,SH,516550,农业ETF,262414400.0,份,,,akshare:20260821
2026-08-21,akshare_fund_etf_scale_sse,SH,516560,养老ETF,206758000.0,份,,,akshare:20260821
2026-08-21,akshare_fund_etf_scale_sse,SH,516570,石化ETF,1127357600.0,份,,,akshare:20260821
2026-08-21,akshare_fund_etf_scale_sse,SH,516580,新能源BS,147124100.0,份,,,akshare:20260821
2026-08-21,akshare_fund_etf_scale_sse,SH,516590,电动汽车,52015000.0,份,,,akshare:20260821
2026-08-21,akshare_fund_etf_scale_sse,SH,516600,消服ETF,113332099.99999999,份,,,akshare:20260821
2026-08-21,akshare_fund_etf_scale_sse,SH,516610,医服ETF,234974800.0,份,,,akshare:20260821
2026-08-21,akshare_fund_etf_scale_sse,SH,516620,影视ETF,191267500.0,份,,,akshare:20260821
2026-08-21,akshare_fund_etf_scale_sse,SH,516630,云计算50,496156000.0,份,,,akshare:20260821
2026-08-21,akshare_fund_etf_scale_sse,SH,516640,芯片龙头,1330482800.0,份,,,akshare:20260821
2026-08-21,akshare_fund_etf_scale_sse,SH,516650,有色50,5244464800.0,份,,,akshare:20260821
2026-08-21,akshare_fund_etf_scale_sse,SH,516660,新能汽车,154689000.0,份,,,akshare:20260821
2026-08-21,akshare_fund_etf_scale_sse,SH,516670,畜牧养殖,3428266300.0,份,,,akshare:20260821
2026-08-21,akshare_fund_etf_scale_sse,SH,516700,数据产业,189622000.0,份,,,akshare:20260821
2026-08-21,akshare_fund_etf_scale_sse,SH,516710,新材料50,76272000.0,份,,,akshare:20260821
2026-08-21,akshare_fund_etf_scale_sse,SH,516720,ESGETF,12337800.0,份,,,akshare:20260821
2026-08-21,akshare_fund_etf_scale_sse,SH,516730,证券公司,228380800.00000003,份,,,akshare:20260821
2026-08-21,akshare_fund_etf_scale_sse,SH,516750,建材ETF,139667300.0,份,,,akshare:20260821
2026-08-21,akshare_fund_etf_scale_sse,SH,516760,养殖ETF,314215100.0,份,,,akshare:20260821
2026-08-21,akshare_fund_etf_scale_sse,SH,516770,游戏动漫,267048000.0,份,,,akshare:20260821
2026-08-21,akshare_fund_etf_scale_sse,SH,516780,稀土ETF,2431099700.0,份,,,akshare:20260821
2026-08-21,akshare_fund_etf_scale_sse,SH,516790,保健ETF,185282200.0,份,,,akshare:20260821
2026-08-21,akshare_fund_etf_scale_sse,SH,516800,智能制造,182308000.0,份,,,akshare:20260821
2026-08-21,akshare_fund_etf_scale_sse,SH,516810,农业,535478900.0,份,,,akshare:20260821
2026-08-21,akshare_fund_etf_scale_sse,SH,516820,医疗创新,4541415200.0,份,,,akshare:20260821
2026-08-21,akshare_fund_etf_scale_sse,SH,516830,300ESG,87176900.0,份,,,akshare:20260821
2026-08-21,akshare_fund_etf_scale_sse,SH,516840,汽车基金,135277000.0,份,,,akshare:20260821
2026-08-21,akshare_fund_etf_scale_sse,SH,516850,新能源80,140237000.0,份,,,akshare:20260821
2026-08-21,akshare_fund_etf_scale_sse,SH,516860,金融科技,1151522000.0,份,,,akshare:20260821
2026-08-21,akshare_fund_etf_scale_sse,SH,516880,光伏50,915944100.0,份,,,akshare:20260821
2026-08-21,akshare_fund_etf_scale_sse,SH,516890,新材ETF,33311400.0,份,,,akshare:20260821
2026-08-21,akshare_fund_etf_scale_sse,SH,516900,食品50,281729000.0,份,,,akshare:20260821
2026-08-21,akshare_fund_etf_scale_sse,SH,516910,物流ETF,59641800.0,份,,,akshare:20260821
2026-08-21,akshare_fund_etf_scale_sse,SH,516920,芯片基金,479463000.0,份,,,akshare:20260821
2026-08-21,akshare_fund_etf_scale_sse,SH,516930,生科ETF,106139599.99999999,份,,,akshare:20260821
2026-08-21,akshare_fund_etf_scale_sse,SH,516950,基建ETF,108821000.0,份,,,akshare:20260821
2026-08-21,akshare_fund_etf_scale_sse,SH,516960,机械ETF,16051099.999999998,份,,,akshare:20260821
2026-08-21,akshare_fund_etf_scale_sse,SH,516970,基建50,1140042500.0,份,,,akshare:20260821
2026-08-21,akshare_fund_etf_scale_sse,SH,516980,证券先锋,59516000.0,份,,,akshare:20260821
2026-08-21,akshare_fund_etf_scale_sse,SH,517000,沪港深,122793000.0,份,,,akshare:20260821
2026-08-21,akshare_fund_etf_scale_sse,SH,517010,HGS500E,78144200.0,份,,,akshare:20260821
2026-08-21,akshare_fund_etf_scale_sse,SH,517030,HGS300,84040300.0,份,,,akshare:20260821
2026-08-21,akshare_fund_etf_scale_sse,SH,517050,互联网50,347605000.0,份,,,akshare:20260821
2026-08-21,akshare_fund_etf_scale_sse,SH,517080,HGS500,173166000.0,份,,,akshare:20260821
2026-08-21,akshare_fund_etf_scale_sse,SH,517090,共赢ETF,55075000.0,份,,,akshare:20260821
2026-08-21,akshare_fund_etf_scale_sse,SH,517100,AH500ETF,148102100.0,份,,,akshare:20260821
2026-08-21,akshare_fund_etf_scale_sse,SH,517110,创新药HK,1380098500.0,份,,,akshare:20260821
2026-08-21,akshare_fund_etf_scale_sse,SH,517120,创新药50,584966400.0,份,,,akshare:20260821
2026-08-21,akshare_fund_etf_scale_sse,SH,517130,云计算JS,181154000.0,份,,,akshare:20260821
2026-08-21,akshare_fund_etf_scale_sse,SH,517160,长江ETF,1828777500.0,份,,,akshare:20260821
2026-08-21,akshare_fund_etf_scale_sse,SH,517170,沪港深E,16131800.0,份,,,akshare:20260821
2026-08-21,akshare_fund_etf_scale_sse,SH,517180,中国国企,100496299.99999999,份,,,akshare:20260821
2026-08-21,akshare_fund_etf_scale_sse,SH,517200,互联网,142782000.0,份,,,akshare:20260821
2026-08-21,akshare_fund_etf_scale_sse,SH,517230,云计算MW,186545800.00000003,份,,,akshare:20260821
2026-08-21,akshare_fund_etf_scale_sse,SH,517300,AH300ETF,1005434500.0,份,,,akshare:20260821
2026-08-21,akshare_fund_etf_scale_sse,SH,517330,长江保护,1809169000.0,份,,,akshare:20260821
2026-08-21,akshare_fund_etf_scale_sse,SH,517350,龙头科技,49042000.0,份,,,akshare:20260821
2026-08-21,akshare_fund_etf_scale_sse,SH,517360,AH科技,26583000.0,份,,,akshare:20260821
2026-08-21,akshare_fund_etf_scale_sse,SH,517380,创新药AH,3158326300.0,份,,,akshare:20260821
2026-08-21,akshare_fund_etf_scale_sse,SH,517390,云计算AH,131112600.0,份,,,akshare:20260821
2026-08-21,akshare_fund_etf_scale_sse,SH,517400,黄金股票,914792000.0,份,,,akshare:20260821
2026-08-21,akshare_fund_etf_scale_sse,SH,517520,黄金股,7364904000.0,份,,,akshare:20260821
2026-08-21,akshare_fund_etf_scale_sse,SH,517550,消费主题,83417400.0,份,,,akshare:20260821
2026-08-21,akshare_fund_etf_scale_sse,SH,517660,物联网AH,39880700.0,份,,,akshare:20260821
2026-08-21,akshare_fund_etf_scale_sse,SH,517770,游戏传媒,167947800.0,份,,,akshare:20260821
2026-08-21,akshare_fund_etf_scale_sse,SH,517800,AI50,211539700.0,份,,,akshare:20260821
2026-08-21,akshare_fund_etf_scale_sse,SH,517850,张江ETF,38185200.0,份,,,akshare:20260821
2026-08-21,akshare_fund_etf_scale_sse,SH,517880,品牌消费,51337100.0,份,,,akshare:20260821
2026-08-21,akshare_fund_etf_scale_sse,SH,517900,银行优选,404993500.0,份,,,akshare:20260821
2026-08-21,akshare_fund_etf_scale_sse,SH,517950,交银科技,51623200.0,份,,,akshare:20260821
2026-08-21,akshare_fund_etf_scale_sse,SH,517990,医药基金,47987900.0,份,,,akshare:20260821
2026-08-21,akshare_fund_etf_scale_sse,SH,518600,上海金,789616300.0,份,,,akshare:20260821
2026-08-21,akshare_fund_etf_scale_sse,SH,518660,工银黄金,954152700.0,份,,,akshare:20260821
2026-08-21,akshare_fund_etf_scale_sse,SH,518680,金ETF,801069500.0,份,,,akshare:20260821
2026-08-21,akshare_fund_etf_scale_sse,SH,518800,黄金基金,3697279200.0,份,,,akshare:20260821
2026-08-21,akshare_fund_etf_scale_sse,SH,518850,黄金9999,1852878700.0,份,,,akshare:20260821
2026-08-21,akshare_fund_etf_scale_sse,SH,518860,上海金E,468459800.00000006,份,,,akshare:20260821
2026-08-21,akshare_fund_etf_scale_sse,SH,518880,黄金ETF,11516840800.0,份,,,akshare:20260821
2026-08-21,akshare_fund_etf_scale_sse,SH,518890,中银黄金,382454800.00000006,份,,,akshare:20260821
2026-08-21,akshare_fund_etf_scale_sse,SH,520500,恒生新药,1951305000.0,份,,,akshare:20260821
2026-08-21,akshare_fund_etf_scale_sse,SH,520510,港股医疗,249728000.0,份,,,akshare:20260821
2026-08-21,akshare_fund_etf_scale_sse,SH,520520,HK消费,54606000.0,份,,,akshare:20260821
2026-08-21,akshare_fund_etf_scale_sse,SH,520530,港科ETF,235776000.0,份,,,akshare:20260821
2026-08-21,akshare_fund_etf_scale_sse,SH,520550,红利恒生,1150524000.0,份,,,akshare:20260821
2026-08-21,akshare_fund_etf_scale_sse,SH,520560,香港30,610419000.0,份,,,akshare:20260821
2026-08-21,akshare_fund_etf_scale_sse,SH,520570,科技恒指,3415876000.0,份,,,akshare:20260821
2026-08-21,akshare_fund_etf_scale_sse,SH,520580,新兴亚洲,290983900.0,份,,,akshare:20260821
2026-08-21,akshare_fund_etf_scale_sse,SH,520590,恒科,196235000.0,份,,,akshare:20260821
2026-08-21,akshare_fund_etf_scale_sse,SH,520600,汽车港股,248868000.0,份,,,akshare:20260821
2026-08-21,akshare_fund_etf_scale_sse,SH,520610,港红利指,328963000.0,份,,,akshare:20260821
2026-08-21,akshare_fund_etf_scale_sse,SH,520620,港股消费,297409000.0,份,,,akshare:20260821
2026-08-21,akshare_fund_etf_scale_sse,SH,520630,互联港股,599610000.0,份,,,akshare:20260821
2026-08-21,akshare_fund_etf_scale_sse,SH,520650,互联网HK,2482255000.0,份,,,akshare:20260821
2026-08-21,akshare_fund_etf_scale_sse,SH,520660,港红利CS,2300485500.0,份,,,akshare:20260821
2026-08-21,akshare_fund_etf_scale_sse,SH,520670,港科基金,213928100.0,份,,,akshare:20260821
2026-08-21,akshare_fund_etf_scale_sse,SH,520680,港股通车,71369000.0,份,,,akshare:20260821
2026-08-21,akshare_fund_etf_scale_sse,SH,520690,恒生港药,644454000.0,份,,,akshare:20260821
2026-08-21,akshare_fund_etf_scale_sse,SH,520700,创新药WJ,432076000.0,份,,,akshare:20260821
2026-08-21,akshare_fund_etf_scale_sse,SH,520710,信息港股,97029000.0,份,,,akshare:20260821
2026-08-21,akshare_fund_etf_scale_sse,SH,520720,香港汽车,121942000.0,份,,,akshare:20260821
2026-08-21,akshare_fund_etf_scale_sse,SH,520730,汽车WJ,118394400.0,份,,,akshare:20260821
2026-08-21,akshare_fund_etf_scale_sse,SH,520740,互联香港,48012600.0,份,,,akshare:20260821
2026-08-21,akshare_fund_etf_scale_sse,SH,520750,HK信息,139384000.0,份,,,akshare:20260821
2026-08-21,akshare_fund_etf_scale_sse,SH,520760,港股生物,136466000.0,份,,,akshare:20260821
2026-08-21,akshare_fund_etf_scale_sse,SH,520770,港股恒指,213373800.0,份,,,akshare:20260821
2026-08-21,akshare_fund_etf_scale_sse,SH,520780,港股车50,39460000.0,份,,,akshare:20260821
2026-08-21,akshare_fund_etf_scale_sse,SH,520790,港互联网,505075000.0,份,,,akshare:20260821
2026-08-21,akshare_fund_etf_scale_sse,SH,520810,港高股息,284360000.0,份,,,akshare:20260821
2026-08-21,akshare_fund_etf_scale_sse,SH,520820,恒指通,59682000.0,份,,,akshare:20260821
2026-08-21,akshare_fund_etf_scale_sse,SH,520830,沙特ETF,1120119000.0,份,,,akshare:20260821
2026-08-21,akshare_fund_etf_scale_sse,SH,520840,港科技,1119549000.0,份,,,akshare:20260821
2026-08-21,akshare_fund_etf_scale_sse,SH,520850,港医疗,143249600.0,份,,,akshare:20260821
2026-08-21,akshare_fund_etf_scale_sse,SH,520860,港股通科,338195000.0,份,,,akshare:20260821
2026-08-21,akshare_fund_etf_scale_sse,SH,520870,巴西ETF,508477200.0,份,,,akshare:20260821
2026-08-21,akshare_fund_etf_scale_sse,SH,520880,港创新药,4823618000.0,份,,,akshare:20260821
2026-08-21,akshare_fund_etf_scale_sse,SH,520890,港红利,81008000.0,份,,,akshare:20260821
2026-08-21,akshare_fund_etf_scale_sse,SH,520900,红利香港,1546675000.0,份,,,akshare:20260821
2026-08-21,akshare_fund_etf_scale_sse,SH,520910,HK互联,751445000.0,份,,,akshare:20260821
2026-08-21,akshare_fund_etf_scale_sse,SH,520920,恒生科TH,18774019000.0,份,,,akshare:20260821
2026-08-21,akshare_fund_etf_scale_sse,SH,520930,恒生生科,164733000.0,份,,,akshare:20260821
2026-08-21,akshare_fund_etf_scale_sse,SH,520940,恒指基金,22297000.0,份,,,akshare:20260821
2026-08-21,akshare_fund_etf_scale_sse,SH,520950,港股50,325421000.0,份,,,akshare:20260821
2026-08-21,akshare_fund_etf_scale_sse,SH,520960,恒指港通,49603400.0,份,,,akshare:20260821
2026-08-21,akshare_fund_etf_scale_sse,SH,520970,港股通药,1247358000.0,份,,,akshare:20260821
2026-08-21,akshare_fund_etf_scale_sse,SH,520980,港科技30,3222387000.0,份,,,akshare:20260821
2026-08-21,akshare_fund_etf_scale_sse,SH,520990,国新红利,3325470500.0,份,,,akshare:20260821
2026-08-21,akshare_fund_etf_scale_sse,SH,526000,港股信息,177142000.0,份,,,akshare:20260821
2026-08-21,akshare_fund_etf_scale_sse,SH,526010,香港医疗,46458000.0,份,,,akshare:20260821
2026-08-21,akshare_fund_etf_scale_sse,SH,526030,港信息基,152465000.0,份,,,akshare:20260821
2026-08-21,akshare_fund_etf_scale_sse,SH,526050,香港信息,53630000.0,份,,,akshare:20260821
2026-08-21,akshare_fund_etf_scale_sse,SH,526070,恒生博时,52377000.0,份,,,akshare:20260821
2026-08-21,akshare_fund_etf_scale_sse,SH,530000,50ETF基,975029400.0,份,,,akshare:20260821
2026-08-21,akshare_fund_etf_scale_sse,SH,530050,SH50ETF,131813000.0,份,,,akshare:20260821
2026-08-21,akshare_fund_etf_scale_sse,SH,530060,上证综E,924193000.0,份,,,akshare:20260821
2026-08-21,akshare_fund_etf_scale_sse,SH,530080,180指基,28917000.0,份,,,akshare:20260821
2026-08-21,akshare_fund_etf_scale_sse,SH,530100,上证580,120696000.0,份,,,akshare:20260821
2026-08-21,akshare_fund_etf_scale_sse,SH,530180,上证180,59952000.0,份,,,akshare:20260821
2026-08-21,akshare_fund_etf_scale_sse,SH,530280,180ETF指,29934000.0,份,,,akshare:20260821
2026-08-21,akshare_fund_etf_scale_sse,SH,530300,180指数,33643000.0,份,,,akshare:20260821
2026-08-21,akshare_fund_etf_scale_sse,SH,530380,上证380,138705000.0,份,,,akshare:20260821
2026-08-21,akshare_fund_etf_scale_sse,SH,530530,580ETF,134460000.0,份,,,akshare:20260821
2026-08-21,akshare_fund_etf_scale_sse,SH,530580,180基金,59149000.0,份,,,akshare:20260821
2026-08-21,akshare_fund_etf_scale_sse,SH,530680,180E,108891900.0,份,,,akshare:20260821
2026-08-21,akshare_fund_etf_scale_sse,SH,530800,上180ETF,18201800.0,份,,,akshare:20260821
2026-08-21,akshare_fund_etf_scale_sse,SH,530880,上证红利,38336000.0,份,,,akshare:20260821
2026-08-21,akshare_fund_etf_scale_sse,SH,551000,科创债,80296100.0,份,,,akshare:20260821
2026-08-21,akshare_fund_etf_scale_sse,SH,551030,科创债券,181290000.0,份,,,akshare:20260821
2026-08-21,akshare_fund_etf_scale_sse,SH,551060,科创债沪,58021000.0,份,,,akshare:20260821
2026-08-21,akshare_fund_etf_scale_sse,SH,551300,科创债摩,50957500.0,份,,,akshare:20260821
2026-08-21,akshare_fund_etf_scale_sse,SH,551500,科创债易,121120000.0,份,,,akshare:20260821
2026-08-21,akshare_fund_etf_scale_sse,SH,551510,科债AAA,140236100.0,份,,,akshare:20260821
2026-08-21,akshare_fund_etf_scale_sse,SH,551520,科创债汇,216071600.0,份,,,akshare:20260821
2026-08-21,akshare_fund_etf_scale_sse,SH,551550,科创AAA,178148200.0,份,,,akshare:20260821
2026-08-21,akshare_fund_etf_scale_sse,SH,551560,科创债兴,171588800.0,份,,,akshare:20260821
2026-08-21,akshare_fund_etf_scale_sse,SH,551580,科创债TK,107026800.0,份,,,akshare:20260821
2026-08-21,akshare_fund_etf_scale_sse,SH,551800,国泰科债,118991400.0,份,,,akshare:20260821
2026-08-21,akshare_fund_etf_scale_sse,SH,551900,科创债指,139931700.0,份,,,akshare:20260821
2026-08-21,akshare_fund_etf_scale_sse,SH,560010,1000基金,1870621700.0000002,份,,,akshare:20260821
2026-08-21,akshare_fund_etf_scale_sse,SH,560020,红利添富,135562000.0,份,,,akshare:20260821
2026-08-21,akshare_fund_etf_scale_sse,SH,560030,800价值,23432000.0,份,,,akshare:20260821
2026-08-21,akshare_fund_etf_scale_sse,SH,560050,MSCIA50,2169934400.0,份,,,akshare:20260821
2026-08-21,akshare_fund_etf_scale_sse,SH,560060,碳中和基,76090000.0,份,,,akshare:20260821
2026-08-21,akshare_fund_etf_scale_sse,SH,560070,央企分红,83362300.0,份,,,akshare:20260821
2026-08-21,akshare_fund_etf_scale_sse,SH,560080,中药ETF,2217765000.0,份,,,akshare:20260821
2026-08-21,akshare_fund_etf_scale_sse,SH,560090,证券指数,2412865000.0,份,,,akshare:20260821
2026-08-21,akshare_fund_etf_scale_sse,SH,560100,增强ETF,58080300.0,份,,,akshare:20260821
2026-08-21,akshare_fund_etf_scale_sse,SH,560110,ZZ1000,364903500.0,份,,,akshare:20260821
2026-08-21,akshare_fund_etf_scale_sse,SH,560120,500现金,580689000.0,份,,,akshare:20260821
2026-08-21,akshare_fund_etf_scale_sse,SH,560130,食品基金,69776200.0,份,,,akshare:20260821
2026-08-21,akshare_fund_etf_scale_sse,SH,560150,红利TK,684279299.9999999,份,,,akshare:20260821
2026-08-21,akshare_fund_etf_scale_sse,SH,560160,食品E,112706000.0,份,,,akshare:20260821
2026-08-21,akshare_fund_etf_scale_sse,SH,560170,央企科技,373495500.0,份,,,akshare:20260821
2026-08-21,akshare_fund_etf_scale_sse,SH,560180,ESG300,15603000.0,份,,,akshare:20260821
2026-08-21,akshare_fund_etf_scale_sse,SH,560190,公用事业,18334000.0,份,,,akshare:20260821
2026-08-21,akshare_fund_etf_scale_sse,SH,560210,景顺农牧,525522000.0,份,,,akshare:20260821
2026-08-21,akshare_fund_etf_scale_sse,SH,560220,2000基金,63717000.0,份,,,akshare:20260821
2026-08-21,akshare_fund_etf_scale_sse,SH,560230,光伏富国,83889000.0,份,,,akshare:20260821
2026-08-21,akshare_fund_etf_scale_sse,SH,560250,红利质量,157333000.0,份,,,akshare:20260821
2026-08-21,akshare_fund_etf_scale_sse,SH,560260,医疗50,1719664700.0,份,,,akshare:20260821
2026-08-21,akshare_fund_etf_scale_sse,SH,560270,电力指数,167439000.0,份,,,akshare:20260821
2026-08-21,akshare_fund_etf_scale_sse,SH,560280,工程机械,1608252000.0,份,,,akshare:20260821
2026-08-21,akshare_fund_etf_scale_sse,SH,560290,景顺有色,370694000.0,份,,,akshare:20260821
2026-08-21,akshare_fund_etf_scale_sse,SH,560300,电信50,27803400.0,份,,,akshare:20260821
2026-08-21,akshare_fund_etf_scale_sse,SH,560310,光伏博时,184122000.0,份,,,akshare:20260821
2026-08-21,akshare_fund_etf_scale_sse,SH,560320,食品富国,124332000.0,份,,,akshare:20260821
2026-08-21,akshare_fund_etf_scale_sse,SH,560330,300价值E,17130000.0,份,,,akshare:20260821
2026-08-21,akshare_fund_etf_scale_sse,SH,560350,A50指数,837532100.0000001,份,,,akshare:20260821
2026-08-21,akshare_fund_etf_scale_sse,SH,560360,软件指数,223345000.0,份,,,akshare:20260821
2026-08-21,akshare_fund_etf_scale_sse,SH,560370,全指红利,178584000.0,份,,,akshare:20260821
2026-08-21,akshare_fund_etf_scale_sse,SH,560380,A100,140861000.0,份,,,akshare:20260821
2026-08-21,akshare_fund_etf_scale_sse,SH,560390,电网E,2031258000.0,份,,,akshare:20260821
2026-08-21,akshare_fund_etf_scale_sse,SH,560400,证券华泰,180493000.0,份,,,akshare:20260821
2026-08-21,akshare_fund_etf_scale_sse,SH,560410,电池鹏华,59786100.0,份,,,akshare:20260821
2026-08-21,akshare_fund_etf_scale_sse,SH,560420,食品Q,132780200.0,份,,,akshare:20260821
2026-08-21,akshare_fund_etf_scale_sse,SH,560450,电力TH,252569000.0,份,,,akshare:20260821
2026-08-21,akshare_fund_etf_scale_sse,SH,560460,电力平安,292037000.0,份,,,akshare:20260821
2026-08-21,akshare_fund_etf_scale_sse,SH,560470,有色E,310340000.0,份,,,akshare:20260821
2026-08-21,akshare_fund_etf_scale_sse,SH,560480,中证电力,145303000.0,份,,,akshare:20260821
2026-08-21,akshare_fund_etf_scale_sse,SH,560490,华泰有色,116482000.0,份,,,akshare:20260821
2026-08-21,akshare_fund_etf_scale_sse,SH,560500,500质量,296339000.0,份,,,akshare:20260821
2026-08-21,akshare_fund_etf_scale_sse,SH,560510,中证A500,2519026900.0,份,,,akshare:20260821
2026-08-21,akshare_fund_etf_scale_sse,SH,560520,红利大成,48751000.0,份,,,akshare:20260821
2026-08-21,akshare_fund_etf_scale_sse,SH,560530,A500ETF,3856623700.0,份,,,akshare:20260821
2026-08-21,akshare_fund_etf_scale_sse,SH,560550,碳中和,125597400.0,份,,,akshare:20260821
2026-08-21,akshare_fund_etf_scale_sse,SH,560560,碳中和TK,72190100.0,份,,,akshare:20260821
2026-08-21,akshare_fund_etf_scale_sse,SH,560570,A500低波,1160541200.0,份,,,akshare:20260821
2026-08-21,akshare_fund_etf_scale_sse,SH,560580,电力指基,462003000.0,份,,,akshare:20260821
2026-08-21,akshare_fund_etf_scale_sse,SH,560590,1000鹏华,28710000.0,份,,,akshare:20260821
2026-08-21,akshare_fund_etf_scale_sse,SH,560610,A500指数,5290988400.0,份,,,akshare:20260821
2026-08-21,akshare_fund_etf_scale_sse,SH,560620,公用WJ,27367000.0,份,,,akshare:20260821
2026-08-21,akshare_fund_etf_scale_sse,SH,560630,机器人WJ,162394000.0,份,,,akshare:20260821
2026-08-21,akshare_fund_etf_scale_sse,SH,560650,核心50,0.0,份,,,akshare:20260821
2026-08-21,akshare_fund_etf_scale_sse,SH,560660,云50ETF,129938000.0,份,,,akshare:20260821
2026-08-21,akshare_fund_etf_scale_sse,SH,560670,中证银行,56974000.0,份,,,akshare:20260821
2026-08-21,akshare_fund_etf_scale_sse,SH,560680,龙头消费,339725600.0,份,,,akshare:20260821
2026-08-21,akshare_fund_etf_scale_sse,SH,560690,电信主题,21139000.0,份,,,akshare:20260821
2026-08-21,akshare_fund_etf_scale_sse,SH,560700,央红利50,451536900.0,份,,,akshare:20260821
2026-08-21,akshare_fund_etf_scale_sse,SH,560710,船舶ETF,1789580000.0,份,,,akshare:20260821
2026-08-21,akshare_fund_etf_scale_sse,SH,560720,工银红利,101548000.0,份,,,akshare:20260821
2026-08-21,akshare_fund_etf_scale_sse,SH,560730,红利GTHT,94836299.99999999,份,,,akshare:20260821
2026-08-21,akshare_fund_etf_scale_sse,SH,560750,A500申万,78554800.0,份,,,akshare:20260821
2026-08-21,akshare_fund_etf_scale_sse,SH,560770,机器人ZS,1668133000.0,份,,,akshare:20260821
2026-08-21,akshare_fund_etf_scale_sse,SH,560780,半导设备,12871488000.0,份,,,akshare:20260821
2026-08-21,akshare_fund_etf_scale_sse,SH,560790,软件服务,228455900.0,份,,,akshare:20260821
2026-08-21,akshare_fund_etf_scale_sse,SH,560800,数字ETF,293951100.0,份,,,akshare:20260821
2026-08-21,akshare_fund_etf_scale_sse,SH,560810,央企ESG,181116000.0,份,,,akshare:20260821
2026-08-21,akshare_fund_etf_scale_sse,SH,560820,A50新华,40926000.0,份,,,akshare:20260821
2026-08-21,akshare_fund_etf_scale_sse,SH,560830,电指数,722019000.0,份,,,akshare:20260821
2026-08-21,akshare_fund_etf_scale_sse,SH,560850,信创50,70164000.0,份,,,akshare:20260821
2026-08-21,akshare_fund_etf_scale_sse,SH,560860,工业有色,5666233000.0,份,,,akshare:20260821
2026-08-21,akshare_fund_etf_scale_sse,SH,560870,中银有色,95351900.0,份,,,akshare:20260821
2026-08-21,akshare_fund_etf_scale_sse,SH,560880,家电基金,201232000.0,份,,,akshare:20260821
2026-08-21,akshare_fund_etf_scale_sse,SH,560900,创新药企,195969100.0,份,,,akshare:20260821
2026-08-21,akshare_fund_etf_scale_sse,SH,560910,中证电池,194721000.0,份,,,akshare:20260821
2026-08-21,akshare_fund_etf_scale_sse,SH,560920,招商机械,45373300.0,份,,,akshare:20260821
2026-08-21,akshare_fund_etf_scale_sse,SH,560930,电力E,215524000.0,份,,,akshare:20260821
2026-08-21,akshare_fund_etf_scale_sse,SH,560950,500增,15483000.0,份,,,akshare:20260821
2026-08-21,akshare_fund_etf_scale_sse,SH,560970,有色金属,67138000.0,份,,,akshare:20260821
2026-08-21,akshare_fund_etf_scale_sse,SH,560980,光伏龙头,334522000.0,份,,,akshare:20260821
2026-08-21,akshare_fund_etf_scale_sse,SH,560990,科技先锋,18187100.0,份,,,akshare:20260821
2026-08-21,akshare_fund_etf_scale_sse,SH,561000,300指增,52420000.0,份,,,akshare:20260821
2026-08-21,akshare_fund_etf_scale_sse,SH,561010,软件开发,303356000.0,份,,,akshare:20260821
2026-08-21,akshare_fund_etf_scale_sse,SH,561020,食品招商,34022200.0,份,,,akshare:20260821
2026-08-21,akshare_fund_etf_scale_sse,SH,561030,机械华泰,184550000.0,份,,,akshare:20260821
2026-08-21,akshare_fund_etf_scale_sse,SH,561050,稀金属E,232250000.0,份,,,akshare:20260821
2026-08-21,akshare_fund_etf_scale_sse,SH,561060,红利国企,54565000.0,份,,,akshare:20260821
2026-08-21,akshare_fund_etf_scale_sse,SH,561080,现金自由,24250000.0,份,,,akshare:20260821
2026-08-21,akshare_fund_etf_scale_sse,SH,561090,A500增,212974000.0,份,,,akshare:20260821
2026-08-21,akshare_fund_etf_scale_sse,SH,561100,电子龙头,592746900.0,份,,,akshare:20260821
2026-08-21,akshare_fund_etf_scale_sse,SH,561120,家电ETF,28159899.999999996,份,,,akshare:20260821
2026-08-21,akshare_fund_etf_scale_sse,SH,561130,国货ETF,83935200.0,份,,,akshare:20260821
2026-08-21,akshare_fund_etf_scale_sse,SH,561160,锂电池,2280835000.0,份,,,akshare:20260821
2026-08-21,akshare_fund_etf_scale_sse,SH,561170,绿电50,547532700.0,份,,,akshare:20260821
2026-08-21,akshare_fund_etf_scale_sse,SH,561180,A100ETF,49609600.0,份,,,akshare:20260821
2026-08-21,akshare_fund_etf_scale_sse,SH,561190,双碳ETF,194318000.0,份,,,akshare:20260821
2026-08-21,akshare_fund_etf_scale_sse,SH,561200,A100基金,31470500.0,份,,,akshare:20260821
2026-08-21,akshare_fund_etf_scale_sse,SH,561220,国企数字,46053000.0,份,,,akshare:20260821
2026-08-21,akshare_fund_etf_scale_sse,SH,561230,A50,450477800.0,份,,,akshare:20260821
2026-08-21,akshare_fund_etf_scale_sse,SH,561250,稀金属PH,110752200.0,份,,,akshare:20260821
2026-08-21,akshare_fund_etf_scale_sse,SH,561260,能源ETF,23895200.0,份,,,akshare:20260821
2026-08-21,akshare_fund_etf_scale_sse,SH,561280,增强1000,84847700.0,份,,,akshare:20260821
2026-08-21,akshare_fund_etf_scale_sse,SH,561300,300增ETF,463965000.0,份,,,akshare:20260821
2026-08-21,akshare_fund_etf_scale_sse,SH,561310,消电ETF,107833100.0,份,,,akshare:20260821
2026-08-21,akshare_fund_etf_scale_sse,SH,561320,交运ETF,34369000.0,份,,,akshare:20260821
2026-08-21,akshare_fund_etf_scale_sse,SH,561330,矿业ETF,1807392100.0,份,,,akshare:20260821
2026-08-21,akshare_fund_etf_scale_sse,SH,561350,国泰500,73700000.0,份,,,akshare:20260821
2026-08-21,akshare_fund_etf_scale_sse,SH,561360,石油ETF,1321148000.0,份,,,akshare:20260821
2026-08-21,akshare_fund_etf_scale_sse,SH,561370,2000ETF,32356000.0,份,,,akshare:20260821
2026-08-21,akshare_fund_etf_scale_sse,SH,561380,电网ETF,6823534000.0,份,,,akshare:20260821
2026-08-21,akshare_fund_etf_scale_sse,SH,561390,稀金属PA,93128100.0,份,,,akshare:20260821
2026-08-21,akshare_fund_etf_scale_sse,SH,561400,鑫元养殖,55519000.0,份,,,akshare:20260821
2026-08-21,akshare_fund_etf_scale_sse,SH,561420,300现金,1019237000.0,份,,,akshare:20260821
2026-08-21,akshare_fund_etf_scale_sse,SH,561430,全指质量,40223200.0,份,,,akshare:20260821
2026-08-21,akshare_fund_etf_scale_sse,SH,561450,华泰红利,88624300.0,份,,,akshare:20260821
2026-08-21,akshare_fund_etf_scale_sse,SH,561460,AITH,696020000.0,份,,,akshare:20260821
2026-08-21,akshare_fund_etf_scale_sse,SH,561470,畜牧TH,49936000.0,份,,,akshare:20260821
2026-08-21,akshare_fund_etf_scale_sse,SH,561490,红利财通,96631299.99999999,份,,,akshare:20260821
2026-08-21,akshare_fund_etf_scale_sse,SH,561500,漂亮50,54600300.0,份,,,akshare:20260821
2026-08-21,akshare_fund_etf_scale_sse,SH,561510,中医药,64206000.0,份,,,akshare:20260821
2026-08-21,akshare_fund_etf_scale_sse,SH,561550,500指增,1277989600.0,份,,,akshare:20260821
2026-08-21,akshare_fund_etf_scale_sse,SH,561560,电力ETF,1968624200.0000002,份,,,akshare:20260821
2026-08-21,akshare_fund_etf_scale_sse,SH,561570,油气基金,74147000.0,份,,,akshare:20260821
2026-08-21,akshare_fund_etf_scale_sse,SH,561580,央企红利,2025370700.0,份,,,akshare:20260821
2026-08-21,akshare_fund_etf_scale_sse,SH,561590,1000增强,101499599.99999999,份,,,akshare:20260821
2026-08-21,akshare_fund_etf_scale_sse,SH,561600,消费电子,284548000.0,份,,,akshare:20260821
2026-08-21,akshare_fund_etf_scale_sse,SH,561620,华泰化工,45227000.0,份,,,akshare:20260821
2026-08-21,akshare_fund_etf_scale_sse,SH,561630,华泰质量,45898000.0,份,,,akshare:20260821
2026-08-21,akshare_fund_etf_scale_sse,SH,561660,通航基金,69710000.0,份,,,akshare:20260821
2026-08-21,akshare_fund_etf_scale_sse,SH,561680,A500红低,58169000.0,份,,,akshare:20260821
2026-08-21,akshare_fund_etf_scale_sse,SH,561700,电力基金,353313600.0,份,,,akshare:20260821
2026-08-21,akshare_fund_etf_scale_sse,SH,561750,A50博时,62996000.0,份,,,akshare:20260821
2026-08-21,akshare_fund_etf_scale_sse,SH,561760,油气博时,154695000.0,份,,,akshare:20260821
2026-08-21,akshare_fund_etf_scale_sse,SH,561770,指基A100,37550000.0,份,,,akshare:20260821
2026-08-21,akshare_fund_etf_scale_sse,SH,561780,1000指增,21355800.0,份,,,akshare:20260821
2026-08-21,akshare_fund_etf_scale_sse,SH,561790,现代能源,57834000.0,份,,,akshare:20260821
2026-08-21,akshare_fund_etf_scale_sse,SH,561800,稀金属,205577200.0,份,,,akshare:20260821
2026-08-21,akshare_fund_etf_scale_sse,SH,561810,华泰医疗,68638400.0,份,,,akshare:20260821
2026-08-21,akshare_fund_etf_scale_sse,SH,561870,现金流指,93765000.0,份,,,akshare:20260821
2026-08-21,akshare_fund_etf_scale_sse,SH,561880,A100指数,80389000.0,份,,,akshare:20260821
2026-08-21,akshare_fund_etf_scale_sse,SH,561890,A股E,46112600.0,份,,,akshare:20260821
2026-08-21,akshare_fund_etf_scale_sse,SH,561900,沪深ESG,26334400.0,份,,,akshare:20260821
2026-08-21,akshare_fund_etf_scale_sse,SH,561910,电池ETF,4630076600.0,份,,,akshare:20260821
2026-08-21,akshare_fund_etf_scale_sse,SH,561920,疫苗龙头,65692000.0,份,,,akshare:20260821
2026-08-21,akshare_fund_etf_scale_sse,SH,561930,招商300,169260600.0,份,,,akshare:20260821
2026-08-21,akshare_fund_etf_scale_sse,SH,561950,500增强A,72156000.0,份,,,akshare:20260821
2026-08-21,akshare_fund_etf_scale_sse,SH,561960,央企回报,57385200.00000001,份,,,akshare:20260821
2026-08-21,akshare_fund_etf_scale_sse,SH,561980,芯片设备,8340550000.0,份,,,akshare:20260821
2026-08-21,akshare_fund_etf_scale_sse,SH,561990,300增强,325649200.0,份,,,akshare:20260821
2026-08-21,akshare_fund_etf_scale_sse,SH,562000,中证A100,596737900.0,份,,,akshare:20260821
2026-08-21,akshare_fund_etf_scale_sse,SH,562010,绿色能源,18298700.0,份,,,akshare:20260821
2026-08-21,akshare_fund_etf_scale_sse,SH,562030,信创基金,140973900.0,份,,,akshare:20260821
2026-08-21,akshare_fund_etf_scale_sse,SH,562050,药ETF,99468000.0,份,,,akshare:20260821
2026-08-21,akshare_fund_etf_scale_sse,SH,562060,标普红利,5127792600.0,份,,,akshare:20260821
2026-08-21,akshare_fund_etf_scale_sse,SH,562070,300ETF增,552542000.0,份,,,akshare:20260821
2026-08-21,akshare_fund_etf_scale_sse,SH,562080,自由现金,600757200.0,份,,,akshare:20260821
2026-08-21,akshare_fund_etf_scale_sse,SH,562300,低碳ETF,58495000.0,份,,,akshare:20260821
2026-08-21,akshare_fund_etf_scale_sse,SH,562310,300成长,446572300.00000006,份,,,akshare:20260821
2026-08-21,akshare_fund_etf_scale_sse,SH,562320,300价值A,58295500.0,份,,,akshare:20260821
2026-08-21,akshare_fund_etf_scale_sse,SH,562330,500价值,11018900.000000002,份,,,akshare:20260821
2026-08-21,akshare_fund_etf_scale_sse,SH,562340,500成长,8144299.999999999,份,,,akshare:20260821
2026-08-21,akshare_fund_etf_scale_sse,SH,562350,电力,138410900.0,份,,,akshare:20260821
2026-08-21,akshare_fund_etf_scale_sse,SH,562360,机器人YH,300474000.0,份,,,akshare:20260821
2026-08-21,akshare_fund_etf_scale_sse,SH,562380,科技引领,71628900.0,份,,,akshare:20260821
2026-08-21,akshare_fund_etf_scale_sse,SH,562390,中药,79429000.0,份,,,akshare:20260821
2026-08-21,akshare_fund_etf_scale_sse,SH,562500,机器人,18764687300.0,份,,,akshare:20260821
2026-08-21,akshare_fund_etf_scale_sse,SH,562510,旅游ETF,1068095000.0,份,,,akshare:20260821
2026-08-21,akshare_fund_etf_scale_sse,SH,562520,1000成长,24568000.0,份,,,akshare:20260821
2026-08-21,akshare_fund_etf_scale_sse,SH,562530,1000价值,186144000.0,份,,,akshare:20260821
2026-08-21,akshare_fund_etf_scale_sse,SH,562550,绿电ETF,1555919300.0,份,,,akshare:20260821
2026-08-21,akshare_fund_etf_scale_sse,SH,562560,信息技术,22765500.0,份,,,akshare:20260821
2026-08-21,akshare_fund_etf_scale_sse,SH,562570,信创ETF,304281000.0,份,,,akshare:20260821
2026-08-21,akshare_fund_etf_scale_sse,SH,562580,可选消费,37723300.0,份,,,akshare:20260821
2026-08-21,akshare_fund_etf_scale_sse,SH,562590,半导材料,8992989000.0,份,,,akshare:20260821
2026-08-21,akshare_fund_etf_scale_sse,SH,562600,医疗器械,453937400.0,份,,,akshare:20260821
2026-08-21,akshare_fund_etf_scale_sse,SH,562660,ZZ2000,324874000.0,份,,,akshare:20260821
2026-08-21,akshare_fund_etf_scale_sse,SH,562700,汽车零件,102750000.0,份,,,akshare:20260821
2026-08-21,akshare_fund_etf_scale_sse,SH,562800,稀有金属,5653345000.0,份,,,akshare:20260821
2026-08-21,akshare_fund_etf_scale_sse,SH,562810,上证增强,52951000.0,份,,,akshare:20260821
2026-08-21,akshare_fund_etf_scale_sse,SH,562820,集成电路,396408000.0,份,,,akshare:20260821
2026-08-21,akshare_fund_etf_scale_sse,SH,562850,央企能源,190981500.0,份,,,akshare:20260821
2026-08-21,akshare_fund_etf_scale_sse,SH,562860,疫苗ETF,348895000.0,份,,,akshare:20260821
2026-08-21,akshare_fund_etf_scale_sse,SH,562870,证券全指,604005200.0,份,,,akshare:20260821
2026-08-21,akshare_fund_etf_scale_sse,SH,562880,电池基金,884899600.0000001,份,,,akshare:20260821
2026-08-21,akshare_fund_etf_scale_sse,SH,562890,A50中证,266051000.0,份,,,akshare:20260821
2026-08-21,akshare_fund_etf_scale_sse,SH,562900,现代农业,238706300.0,份,,,akshare:20260821
2026-08-21,akshare_fund_etf_scale_sse,SH,562910,高端制造,294227300.0,份,,,akshare:20260821
2026-08-21,akshare_fund_etf_scale_sse,SH,562920,信息安全,91069000.0,份,,,akshare:20260821
2026-08-21,akshare_fund_etf_scale_sse,SH,562930,软件30,1731437000.0,份,,,akshare:20260821
2026-08-21,akshare_fund_etf_scale_sse,SH,562950,消电50,1010258300.0,份,,,akshare:20260821
2026-08-21,akshare_fund_etf_scale_sse,SH,562960,绿色电力,1256391000.0,份,,,akshare:20260821
2026-08-21,akshare_fund_etf_scale_sse,SH,562970,光伏E,361448000.0,份,,,akshare:20260821
2026-08-21,akshare_fund_etf_scale_sse,SH,562990,碳中和E,377756000.0,份,,,akshare:20260821
2026-08-21,akshare_fund_etf_scale_sse,SH,563000,中国A50,1565951099.9999998,份,,,akshare:20260821
2026-08-21,akshare_fund_etf_scale_sse,SH,563010,电信ETF,94189300.0,份,,,akshare:20260821
2026-08-21,akshare_fund_etf_scale_sse,SH,563020,低波红利,10926910000.0,份,,,akshare:20260821
2026-08-21,akshare_fund_etf_scale_sse,SH,563030,增强500,127169000.0,份,,,akshare:20260821
2026-08-21,akshare_fund_etf_scale_sse,SH,563050,科技央企,128208400.0,份,,,akshare:20260821
2026-08-21,akshare_fund_etf_scale_sse,SH,563060,央企50,189527000.0,份,,,akshare:20260821
2026-08-21,akshare_fund_etf_scale_sse,SH,563080,中证A50E,1092588400.0,份,,,akshare:20260821
2026-08-21,akshare_fund_etf_scale_sse,SH,563090,上50增强,56848000.0,份,,,akshare:20260821
2026-08-21,akshare_fund_etf_scale_sse,SH,563150,油气资源,33399000.0,份,,,akshare:20260821
2026-08-21,akshare_fund_etf_scale_sse,SH,563180,高股息,101420000.0,份,,,akshare:20260821
2026-08-21,akshare_fund_etf_scale_sse,SH,563200,2000指数,57458800.0,份,,,akshare:20260821
2026-08-21,akshare_fund_etf_scale_sse,SH,563210,专精特新,122067000.0,份,,,akshare:20260821
2026-08-21,akshare_fund_etf_scale_sse,SH,563220,A500富国,6611013700.0,份,,,akshare:20260821
2026-08-21,akshare_fund_etf_scale_sse,SH,563230,卫星ETF,3509237000.0,份,,,akshare:20260821
2026-08-21,akshare_fund_etf_scale_sse,SH,563280,A50增强,6706600.0,份,,,akshare:20260821
2026-08-21,akshare_fund_etf_scale_sse,SH,563300,中证2000,4246174000.0,份,,,akshare:20260821
2026-08-21,akshare_fund_etf_scale_sse,SH,563320,通用航空,230892000.0,份,,,akshare:20260821
2026-08-21,akshare_fund_etf_scale_sse,SH,563330,A股ETF,37260600.0,份,,,akshare:20260821
2026-08-21,akshare_fund_etf_scale_sse,SH,563350,中证A50,169997599.99999997,份,,,akshare:20260821
2026-08-21,akshare_fund_etf_scale_sse,SH,563360,A500基金,31537987400.000004,份,,,akshare:20260821
2026-08-21,akshare_fund_etf_scale_sse,SH,563380,航空航天,916950000.0,份,,,akshare:20260821
2026-08-21,akshare_fund_etf_scale_sse,SH,563390,现金基金,2224344000.0,份,,,akshare:20260821
2026-08-21,akshare_fund_etf_scale_sse,SH,563500,A500华宝,741958700.0,份,,,akshare:20260821
2026-08-21,akshare_fund_etf_scale_sse,SH,563510,A500红利,294537000.0,份,,,akshare:20260821
2026-08-21,akshare_fund_etf_scale_sse,SH,563520,300永赢,406065000.0,份,,,akshare:20260821
2026-08-21,akshare_fund_etf_scale_sse,SH,563530,卫星E,1635748000.0,份,,,akshare:20260821
2026-08-21,akshare_fund_etf_scale_sse,SH,563550,增强A500,82559000.0,份,,,akshare:20260821
2026-08-21,akshare_fund_etf_scale_sse,SH,563560,科技成长,55769000.0,份,,,akshare:20260821
2026-08-21,akshare_fund_etf_scale_sse,SH,563570,金融科,106374000.0,份,,,akshare:20260821
2026-08-21,akshare_fund_etf_scale_sse,SH,563580,现金800,245648000.0,份,,,akshare:20260821
2026-08-21,akshare_fund_etf_scale_sse,SH,563590,红利A500,61944399.99999999,份,,,akshare:20260821
2026-08-21,akshare_fund_etf_scale_sse,SH,563600,A500增强,69483000.0,份,,,akshare:20260821
2026-08-21,akshare_fund_etf_scale_sse,SH,563620,现金流全,51049000.0,份,,,akshare:20260821
2026-08-21,akshare_fund_etf_scale_sse,SH,563630,A500指增,37947100.0,份,,,akshare:20260821
2026-08-21,akshare_fund_etf_scale_sse,SH,563650,A500中证,140909000.0,份,,,akshare:20260821
2026-08-21,akshare_fund_etf_scale_sse,SH,563660,A500银河,63085200.00000001,份,,,akshare:20260821
2026-08-21,akshare_fund_etf_scale_sse,SH,563670,金科基金,181987000.0,份,,,akshare:20260821
2026-08-21,akshare_fund_etf_scale_sse,SH,563680,现金流TF,105959000.0,份,,,akshare:20260821
2026-08-21,akshare_fund_etf_scale_sse,SH,563690,红利永赢,34882000.0,份,,,akshare:20260821
2026-08-21,akshare_fund_etf_scale_sse,SH,563700,红利价值,382150000.0,份,,,akshare:20260821
2026-08-21,akshare_fund_etf_scale_sse,SH,563750,500添富,334737000.0,份,,,akshare:20260821
2026-08-21,akshare_fund_etf_scale_sse,SH,563760,中银现金,759913200.0000001,份,,,akshare:20260821
2026-08-21,akshare_fund_etf_scale_sse,SH,563770,全指现金,27307000.0,份,,,akshare:20260821
2026-08-21,akshare_fund_etf_scale_sse,SH,563780,现金指数,250027100.0,份,,,akshare:20260821
2026-08-21,akshare_fund_etf_scale_sse,SH,563790,卫星产业,1223447000.0,份,,,akshare:20260821
2026-08-21,akshare_fund_etf_scale_sse,SH,563800,A500龙头,8935978100.0,份,,,akshare:20260821
2026-08-21,akshare_fund_etf_scale_sse,SH,563830,现金流基,137896000.0,份,,,akshare:20260821
2026-08-21,akshare_fund_etf_scale_sse,SH,563850,食品广发,118481700.0,份,,,akshare:20260821
2026-08-21,akshare_fund_etf_scale_sse,SH,563860,A500海富,179844300.0,份,,,akshare:20260821
2026-08-21,akshare_fund_etf_scale_sse,SH,563870,航空通用,109303900.0,份,,,akshare:20260821
2026-08-21,akshare_fund_etf_scale_sse,SH,563880,A500添富,1543996400.0000002,份,,,akshare:20260821
2026-08-21,akshare_fund_etf_scale_sse,SH,563890,红利国有,22836000.0,份,,,akshare:20260821
2026-08-21,akshare_fund_etf_scale_sse,SH,563900,现金流,470965700.0,份,,,akshare:20260821
2026-08-21,akshare_fund_etf_scale_sse,SH,563930,上指增强,34592000.0,份,,,akshare:20260821
2026-08-21,akshare_fund_etf_scale_sse,SH,563960,300质量,361512000.0,份,,,akshare:20260821
2026-08-21,akshare_fund_etf_scale_sse,SH,563980,800红利,188967000.0,份,,,akshare:20260821
2026-08-21,akshare_fund_etf_scale_sse,SH,563990,800现金,302573000.0,份,,,akshare:20260821
2026-08-21,akshare_fund_etf_scale_sse,SH,588000,科创50,49766668200.0,份,,,akshare:20260821
2026-08-21,akshare_fund_etf_scale_sse,SH,588010,科创材料,980425800.0,份,,,akshare:20260821
2026-08-21,akshare_fund_etf_scale_sse,SH,588020,科创50E,1979373000.0,份,,,akshare:20260821
2026-08-21,akshare_fund_etf_scale_sse,SH,588030,科创指基,2291838100.0,份,,,akshare:20260821
2026-08-21,akshare_fund_etf_scale_sse,SH,588040,科创板指,125889000.0,份,,,akshare:20260821
2026-08-21,akshare_fund_etf_scale_sse,SH,588050,科创ETF,6425241300.0,份,,,akshare:20260821
2026-08-21,akshare_fund_etf_scale_sse,SH,588060,上证科创,7147140000.0,份,,,akshare:20260821
2026-08-21,akshare_fund_etf_scale_sse,SH,588070,科创万家,40437000.0,份,,,akshare:20260821
2026-08-21,akshare_fund_etf_scale_sse,SH,588080,科创板50,24631628100.0,份,,,akshare:20260821
2026-08-21,akshare_fund_etf_scale_sse,SH,588090,科创板,2877072800.0000005,份,,,akshare:20260821
2026-08-21,akshare_fund_etf_scale_sse,SH,588100,科创信息,201746200.0,份,,,akshare:20260821
2026-08-21,akshare_fund_etf_scale_sse,SH,588110,科创成长,1003032000.0,份,,,akshare:20260821
2026-08-21,akshare_fund_etf_scale_sse,SH,588120,科100ETF,955622000.0,份,,,akshare:20260821
2026-08-21,akshare_fund_etf_scale_sse,SH,588130,科创药,439082600.0,份,,,akshare:20260821
2026-08-21,akshare_fund_etf_scale_sse,SH,588140,科200GF,241751000.0,份,,,akshare:20260821
2026-08-21,akshare_fund_etf_scale_sse,SH,588150,科创龙头,387432600.0,份,,,akshare:20260821
2026-08-21,akshare_fund_etf_scale_sse,SH,588160,科创新材,854496000.0,份,,,akshare:20260821
2026-08-21,akshare_fund_etf_scale_sse,SH,588170,科创半导,43917447000.0,份,,,akshare:20260821
2026-08-21,akshare_fund_etf_scale_sse,SH,588180,科创50基,731353700.0,份,,,akshare:20260821
2026-08-21,akshare_fund_etf_scale_sse,SH,588190,科创100,1357618299.9999998,份,,,akshare:20260821
2026-08-21,akshare_fund_etf_scale_sse,SH,588200,科创芯片,42685184300.0,份,,,akshare:20260821
2026-08-21,akshare_fund_etf_scale_sse,SH,588210,科创100E,238254000.0,份,,,akshare:20260821
2026-08-21,akshare_fund_etf_scale_sse,SH,588220,科创100F,3977697900.0,份,,,akshare:20260821
2026-08-21,akshare_fund_etf_scale_sse,SH,588230,科创200,752939000.0,份,,,akshare:20260821
2026-08-21,akshare_fund_etf_scale_sse,SH,588240,科200,125633000.0,份,,,akshare:20260821
2026-08-21,akshare_fund_etf_scale_sse,SH,588250,KC医药,263675000.0,份,,,akshare:20260821
2026-08-21,akshare_fund_etf_scale_sse,SH,588260,科创技术,46746000.0,份,,,akshare:20260821
2026-08-21,akshare_fund_etf_scale_sse,SH,588270,科创200F,292410000.0,份,,,akshare:20260821
2026-08-21,akshare_fund_etf_scale_sse,SH,588280,科创五零,384121000.0,份,,,akshare:20260821
2026-08-21,akshare_fund_etf_scale_sse,SH,588290,芯片科创,4969191000.0,份,,,akshare:20260821
2026-08-21,akshare_fund_etf_scale_sse,SH,588300,双创ETF,1498210500.0,份,,,akshare:20260821
2026-08-21,akshare_fund_etf_scale_sse,SH,588310,双创基金,37837500.0,份,,,akshare:20260821
2026-08-21,akshare_fund_etf_scale_sse,SH,588320,双创增强,74824600.0,份,,,akshare:20260821
2026-08-21,akshare_fund_etf_scale_sse,SH,588330,双创龙头,1131737800.0,份,,,akshare:20260821
2026-08-21,akshare_fund_etf_scale_sse,SH,588350,双创,642546000.0,份,,,akshare:20260821
2026-08-21,akshare_fund_etf_scale_sse,SH,588360,创创ETF,213481800.0,份,,,akshare:20260821
2026-08-21,akshare_fund_etf_scale_sse,SH,588370,科创策略,75772000.0,份,,,akshare:20260821
2026-08-21,akshare_fund_etf_scale_sse,SH,588380,创50ETF,2642770000.0,份,,,akshare:20260821
2026-08-21,akshare_fund_etf_scale_sse,SH,588390,科创创业,158935900.0,份,,,akshare:20260821
2026-08-21,akshare_fund_etf_scale_sse,SH,588400,双创50,1338600600.0,份,,,akshare:20260821
2026-08-21,akshare_fund_etf_scale_sse,SH,588410,双创AI,109250000.0,份,,,akshare:20260821
2026-08-21,akshare_fund_etf_scale_sse,SH,588420,AI双创,337648000.0,份,,,akshare:20260821
2026-08-21,akshare_fund_etf_scale_sse,SH,588430,科创创AI,98458000.0,份,,,akshare:20260821
2026-08-21,akshare_fund_etf_scale_sse,SH,588450,科创50增,60568700.0,份,,,akshare:20260821
2026-08-21,akshare_fund_etf_scale_sse,SH,588460,科创增强,624014000.0,份,,,akshare:20260821
2026-08-21,akshare_fund_etf_scale_sse,SH,588470,双创智能,283907000.0,份,,,akshare:20260821
2026-08-21,akshare_fund_etf_scale_sse,SH,588480,AI50双创,235717000.0,份,,,akshare:20260821
2026-08-21,akshare_fund_etf_scale_sse,SH,588500,科创100Z,48647000.0,份,,,akshare:20260821
2026-08-21,akshare_fund_etf_scale_sse,SH,588510,智能双创,323175000.0,份,,,akshare:20260821
2026-08-21,akshare_fund_etf_scale_sse,SH,588520,科创增,12957000.0,份,,,akshare:20260821
2026-08-21,akshare_fund_etf_scale_sse,SH,588530,AIBOCI,222433300.00000003,份,,,akshare:20260821
2026-08-21,akshare_fund_etf_scale_sse,SH,588550,科创增指,67290000.0,份,,,akshare:20260821
2026-08-21,akshare_fund_etf_scale_sse,SH,588660,双创五零,39344000.0,份,,,akshare:20260821
2026-08-21,akshare_fund_etf_scale_sse,SH,588670,科综增强,35792000.0,份,,,akshare:20260821
2026-08-21,akshare_fund_etf_scale_sse,SH,588680,科100增,32361000.0,份,,,akshare:20260821
2026-08-21,akshare_fund_etf_scale_sse,SH,588690,科综指增,51636000.0,份,,,akshare:20260821
2026-08-21,akshare_fund_etf_scale_sse,SH,588700,科创生物,470336200.0,份,,,akshare:20260821
2026-08-21,akshare_fund_etf_scale_sse,SH,588710,科半导体,11358885000.0,份,,,akshare:20260821
2026-08-21,akshare_fund_etf_scale_sse,SH,588720,中银科创,107241800.0,份,,,akshare:20260821
2026-08-21,akshare_fund_etf_scale_sse,SH,588730,科创AI,735396300.0,份,,,akshare:20260821
2026-08-21,akshare_fund_etf_scale_sse,SH,588750,科创芯50,3250228000.0,份,,,akshare:20260821
2026-08-21,akshare_fund_etf_scale_sse,SH,588760,AI科创,2389532000.0,份,,,akshare:20260821
2026-08-21,akshare_fund_etf_scale_sse,SH,588770,信息科创,314597100.0,份,,,akshare:20260821
2026-08-21,akshare_fund_etf_scale_sse,SH,588780,芯片设计,995902000.0,份,,,akshare:20260821
2026-08-21,akshare_fund_etf_scale_sse,SH,588790,科创智能,3280384000.0,份,,,akshare:20260821
2026-08-21,akshare_fund_etf_scale_sse,SH,588800,科创100C,1662377000.0,份,,,akshare:20260821
2026-08-21,akshare_fund_etf_scale_sse,SH,588810,科创板芯,579324000.0,份,,,akshare:20260821
2026-08-21,akshare_fund_etf_scale_sse,SH,588820,科创200E,154400000.0,份,,,akshare:20260821
2026-08-21,akshare_fund_etf_scale_sse,SH,588830,科创新能,676847899.9999999,份,,,akshare:20260821
2026-08-21,akshare_fund_etf_scale_sse,SH,588840,50科创,58236000.0,份,,,akshare:20260821
2026-08-21,akshare_fund_etf_scale_sse,SH,588850,科创机械,80779000.0,份,,,akshare:20260821
2026-08-21,akshare_fund_etf_scale_sse,SH,588860,科创医药,340889400.0,份,,,akshare:20260821
2026-08-21,akshare_fund_etf_scale_sse,SH,588870,科创50指,764552000.0,份,,,akshare:20260821
2026-08-21,akshare_fund_etf_scale_sse,SH,588880,科创指数,105368000.0,份,,,akshare:20260821
2026-08-21,akshare_fund_etf_scale_sse,SH,588890,科创芯,913810000.0,份,,,akshare:20260821
2026-08-21,akshare_fund_etf_scale_sse,SH,588900,科创100S,352783000.0,份,,,akshare:20260821
2026-08-21,akshare_fund_etf_scale_sse,SH,588910,科创价值,100049100.0,份,,,akshare:20260821
2026-08-21,akshare_fund_etf_scale_sse,SH,588920,KC芯片,326876000.0,份,,,akshare:20260821
2026-08-21,akshare_fund_etf_scale_sse,SH,588930,科创板AI,617329000.0,份,,,akshare:20260821
2026-08-21,akshare_fund_etf_scale_sse,SH,588940,科创富国,2954840000.0,份,,,akshare:20260821
2026-08-21,akshare_fund_etf_scale_sse,SH,588950,景顺科创,665729700.0,份,,,akshare:20260821
2026-08-21,akshare_fund_etf_scale_sse,SH,588960,新能科创,142579800.0,份,,,akshare:20260821
2026-08-21,akshare_fund_etf_scale_sse,SH,588980,科创广发,11920000.0,份,,,akshare:20260821
2026-08-21,akshare_fund_etf_scale_sse,SH,588990,科芯片,197745400.0,份,,,akshare:20260821
2026-08-21,akshare_fund_etf_scale_sse,SH,589000,科创综指,1047507800.0,份,,,akshare:20260821
2026-08-21,akshare_fund_etf_scale_sse,SH,589010,科创AI指,914793000.0,份,,,akshare:20260821
2026-08-21,akshare_fund_etf_scale_sse,SH,589020,KC半导体,4484438000.0,份,,,akshare:20260821
2026-08-21,akshare_fund_etf_scale_sse,SH,589030,科芯设计,841077000.0,份,,,akshare:20260821
2026-08-21,akshare_fund_etf_scale_sse,SH,589050,科创E,46968000.0,份,,,akshare:20260821
2026-08-21,akshare_fund_etf_scale_sse,SH,589060,科综东财,77137900.0,份,,,akshare:20260821
2026-08-21,akshare_fund_etf_scale_sse,SH,589070,科芯TH,1871293000.0,份,,,akshare:20260821
2026-08-21,akshare_fund_etf_scale_sse,SH,589080,科创综E,143061000.0,份,,,akshare:20260821
2026-08-21,akshare_fund_etf_scale_sse,SH,589090,KCAI,176931000.0,份,,,akshare:20260821
2026-08-21,akshare_fund_etf_scale_sse,SH,589100,国泰芯片,893442500.0,份,,,akshare:20260821
2026-08-21,akshare_fund_etf_scale_sse,SH,589110,科AI国泰,519413000.0,份,,,akshare:20260821
2026-08-21,akshare_fund_etf_scale_sse,SH,589120,创新药基,1277620000.0,份,,,akshare:20260821
2026-08-21,akshare_fund_etf_scale_sse,SH,589130,科创芯易,3362780000.0,份,,,akshare:20260821
2026-08-21,akshare_fund_etf_scale_sse,SH,589150,科创平安,775437200.0,份,,,akshare:20260821
2026-08-21,akshare_fund_etf_scale_sse,SH,589160,科芯片GF,284296000.0,份,,,akshare:20260821
2026-08-21,akshare_fund_etf_scale_sse,SH,589170,芯设计KC,144909000.0,份,,,akshare:20260821
2026-08-21,akshare_fund_etf_scale_sse,SH,589180,科创材基,140318000.0,份,,,akshare:20260821
2026-08-21,akshare_fund_etf_scale_sse,SH,589190,科创芯基,2797562000.0,份,,,akshare:20260821
2026-08-21,akshare_fund_etf_scale_sse,SH,589200,科200E,22507000.0,份,,,akshare:20260821
2026-08-21,akshare_fund_etf_scale_sse,SH,589210,芯设计GF,1292938000.0,份,,,akshare:20260821
2026-08-21,akshare_fund_etf_scale_sse,SH,589220,科200GT,319495800.0,份,,,akshare:20260821
2026-08-21,akshare_fund_etf_scale_sse,SH,589230,AI科创CS,243553000.0,份,,,akshare:20260821
2026-08-21,akshare_fund_etf_scale_sse,SH,589250,芯设计PY,83101299.99999999,份,,,akshare:20260821
2026-08-21,akshare_fund_etf_scale_sse,SH,589260,科创芯设,55156000.0,份,,,akshare:20260821
2026-08-21,akshare_fund_etf_scale_sse,SH,589270,科创100Q,24516600.0,份,,,akshare:20260821
2026-08-21,akshare_fund_etf_scale_sse,SH,589280,科综增指,154069000.0,份,,,akshare:20260821
2026-08-21,akshare_fund_etf_scale_sse,SH,589290,芯片主题,127848900.0,份,,,akshare:20260821
2026-08-21,akshare_fund_etf_scale_sse,SH,589300,科综嘉实,41582500.0,份,,,akshare:20260821
2026-08-21,akshare_fund_etf_scale_sse,SH,589310,科创人工,298491800.0,份,,,akshare:20260821
2026-08-21,akshare_fund_etf_scale_sse,SH,589320,科200JS,114053000.0,份,,,akshare:20260821
2026-08-21,akshare_fund_etf_scale_sse,SH,589330,科200DC,165902000.0,份,,,akshare:20260821
2026-08-21,akshare_fund_etf_scale_sse,SH,589350,科芯片指,226281500.0,份,,,akshare:20260821
2026-08-21,akshare_fund_etf_scale_sse,SH,589360,科创50GT,2669174000.0,份,,,akshare:20260821
2026-08-21,akshare_fund_etf_scale_sse,SH,589380,AI科创指,95694300.0,份,,,akshare:20260821
2026-08-21,akshare_fund_etf_scale_sse,SH,589390,芯设计,1319810500.0,份,,,akshare:20260821
2026-08-21,akshare_fund_etf_scale_sse,SH,589400,芯设计FG,279785200.0,份,,,akshare:20260821
2026-08-21,akshare_fund_etf_scale_sse,SH,589410,科创AIJS,556565600.0,份,,,akshare:20260821
2026-08-21,akshare_fund_etf_scale_sse,SH,589420,芯设计MW,362481500.0,份,,,akshare:20260821
2026-08-21,akshare_fund_etf_scale_sse,SH,589460,N科200,226630900.0,份,,,akshare:20260821
2026-08-21,akshare_fund_etf_scale_sse,SH,589500,科综工银,80064000.0,份,,,akshare:20260821
2026-08-21,akshare_fund_etf_scale_sse,SH,589520,AI科创板,798104600.0000001,份,,,akshare:20260821
2026-08-21,akshare_fund_etf_scale_sse,SH,589550,KC价值,25295500.0,份,,,akshare:20260821
2026-08-21,akshare_fund_etf_scale_sse,SH,589560,科创AITF,247355000.0,份,,,akshare:20260821
2026-08-21,akshare_fund_etf_scale_sse,SH,589580,科综价格,14354800.0,份,,,akshare:20260821
2026-08-21,akshare_fund_etf_scale_sse,SH,589600,富国科综,221535000.0,份,,,akshare:20260821
2026-08-21,akshare_fund_etf_scale_sse,SH,589630,科综国泰,349258000.0,份,,,akshare:20260821
2026-08-21,akshare_fund_etf_scale_sse,SH,589660,综指科创,277530000.0,份,,,akshare:20260821
2026-08-21,akshare_fund_etf_scale_sse,SH,589680,科创综Z,1389943700.0,份,,,akshare:20260821
2026-08-21,akshare_fund_etf_scale_sse,SH,589700,成长科创,34291000.0,份,,,akshare:20260821
2026-08-21,akshare_fund_etf_scale_sse,SH,589720,科创新药,4594823000.0,份,,,akshare:20260821
2026-08-21,akshare_fund_etf_scale_sse,SH,589770,科创全指,163569200.0,份,,,akshare:20260821
2026-08-21,akshare_fund_etf_scale_sse,SH,589780,科200FG,60215000.0,份,,,akshare:20260821
2026-08-21,akshare_fund_etf_scale_sse,SH,589800,科创综合,1143988200.0,份,,,akshare:20260821
2026-08-21,akshare_fund_etf_scale_sse,SH,589820,科200F,129720200.0,份,,,akshare:20260821
2026-08-21,akshare_fund_etf_scale_sse,SH,589850,科创东财,715057000.0,份,,,akshare:20260821
2026-08-21,akshare_fund_etf_scale_sse,SH,589860,天弘科综,178224000.0,份,,,akshare:20260821
2026-08-21,akshare_fund_etf_scale_sse,SH,589880,科创综,459996000.0,份,,,akshare:20260821
2026-08-21,akshare_fund_etf_scale_sse,SH,589890,景顺科综,84987000.0,份,,,akshare:20260821
2026-08-21,akshare_fund_etf_scale_sse,SH,589900,博时科综,183908200.0,份,,,akshare:20260821
2026-08-21,akshare_fund_etf_scale_sse,SH,589950,科100FG,336873000.0,份,,,akshare:20260821
2026-08-21,akshare_fund_etf_scale_sse,SH,589960,科创新源,170316000.0,份,,,akshare:20260821
2026-08-21,akshare_fund_etf_scale_sse,SH,589980,科基100,129122000.0,份,,,akshare:20260821
2026-08-21,akshare_fund_etf_scale_sse,SH,589990,科创板综,106090000.0,份,,,akshare:20260821
